Time (s),Ax (m/s²),Fᵧ (N)
0.004999999888241291,0.031321931630373,-0.026696354150772095
0.009999999776482582,0.060601476579904556,-0.023207275196909904
0.014999999664723873,0.07879465073347092,-0.02695957012474537
0.019999999552965164,0.028526606038212776,-0.027493450790643692
0.02500000037252903,0.058737922459840775,-0.023208115249872208
0.029999999329447746,0.1235198900103569,-0.03286167234182358
0.03500000014901161,0.22423115372657776,-0.050547827035188675
0.03999999910593033,-0.051361024379730225,-0.0601896271109581
0.04500000178813934,-0.09068328887224197,-0.06447597593069077
0.05000000074505806,-0.09793435037136078,-0.06715915352106094
0.054999999701976776,0.14378675818443298,-0.07305505126714706
0.05999999865889549,0.20898014307022095,-0.08109250664710999
0.06499999761581421,0.08027363568544388,-0.08431076258420944
0.07000000029802322,0.10480525344610214,-0.09074254333972931
0.07500000298023224,0.33219975233078003,-0.09878454357385635
0.07999999821186066,0.36099427938461304,-0.10682166367769241
0.08500000089406967,-0.5014609694480896,-0.11486685276031494
0.09000000357627869,0.195881187915802,-0.1229039803147316
0.0949999988079071,-0.13880440592765808,-0.13200920820236206
0.10000000149011612,0.3324577510356903,-0.13522526621818542
0.10499999672174454,0.24611832201480865,-0.1395166516304016
0.10999999940395355,-0.4980959892272949,-0.1480994075536728
0.11500000208616257,0.24516262114048004,-0.15828317403793335
0.11999999731779099,0.8121283650398254,-0.16899473965168
0.125,-0.7148552536964417,-0.17381465435028076
0.12999999523162842,-0.13586926460266113,-0.18026793003082275
0.13500000536441803,0.60322505235672,-0.197954922914505
0.14000000059604645,-0.14578868448734283,-0.21080471575260162
0.14499999582767487,0.008762052282691002,-0.21723683178424835
0.15000000596046448,-0.16157551109790802,-0.22742527723312378
0.1550000011920929,-0.02520577237010002,-0.23867559432983398
0.1599999964237213,0.2909318804740906,-0.24671544134616852
0.16500000655651093,-0.002670933725312352,-0.2536834478378296
0.17000000178813934,0.014764883555471897,-0.26225346326828003
0.17499999701976776,-0.274335116147995,-0.2697570323944092
0.18000000715255737,0.8406648635864258,-0.27780860662460327
0.1850000023841858,-0.20785550773143768,-0.28692057728767395
0.1899999976158142,-0.10271430015563965,-0.29655566811561584
0.19499999284744263,-0.28200605511665344,-0.30514413118362427
0.20000000298023224,0.21490640938282013,-0.3180274963378906
0.20499999821186066,0.16160568594932556,-0.33571481704711914
0.20999999344348907,0.5563709735870361,-0.3490796685218811
0.2150000035762787,-0.23912928998470306,-0.35606181621551514
0.2199999988079071,-0.4602721929550171,-0.3678606450557709
0.22499999403953552,0.3454742133617401,-0.37963730096817017
0.23000000417232513,-0.10535138100385666,-0.388756662607193
0.23499999940395355,0.1751701533794403,-0.3983966112136841
0.23999999463558197,0.008051833137869835,-0.4069722890853882
0.24500000476837158,0.122646264731884,-0.41661980748176575
0.25,0.2634923458099365,-0.42520391941070557
0.2549999952316284,-0.36844226717948914,-0.43538764119148254
0.25999999046325684,0.414469450712204,-0.4471878409385681
0.26499998569488525,-0.22768372297286987,-0.46058735251426697
0.27000001072883606,0.5502069592475891,-0.47561267018318176
0.2750000059604645,-0.016667090356349945,-0.48953020572662354
0.2800000011920929,-0.3251451849937439,-0.5007484555244446
0.2849999964237213,-0.08218540996313095,-0.5104431509971619
0.28999999165534973,0.607805609703064,-0.5243983864784241
0.29499998688697815,0.14986282587051392,-0.5366576313972473
0.30000001192092896,-0.11584634333848953,-0.5430992245674133
0.3050000071525574,-0.02694789133965969,-0.5538592338562012
0.3100000023841858,0.08360294997692108,-0.568877100944519
0.3149999976158142,0.4405937194824219,-0.5833278894424438
0.3199999928474426,-0.16326165199279785,-0.5988708734512329
0.32499998807907104,0.028433844447135925,-0.611209511756897
0.33000001311302185,0.007692680228501558,-0.6240512132644653
0.33500000834465027,0.6063596606254578,-0.6358426809310913
0.3400000035762787,-0.6517988443374634,-0.6476569175720215
0.3449999988079071,0.09577454626560211,-0.6632235050201416
0.3499999940395355,0.2015664279460907,-0.6797923445701599
0.35499998927116394,-0.23629161715507507,-0.6899641156196594
0.36000001430511475,0.364886999130249,-0.7007076740264893
0.36500000953674316,-0.6690856218338013,-0.7135835289955139
0.3700000047683716,0.5137919187545776,-0.7258867025375366
0.375,0.2625182271003723,-0.7403702139854431
0.3799999952316284,0.7261061072349548,-0.754318356513977
0.38499999046325684,-1.3636969327926636,-0.7671822905540466
0.38999998569488525,0.8786001801490784,-0.782176673412323
0.39500001072883606,0.14572575688362122,-0.7944910526275635
0.4000000059604645,-0.3221750855445862,-0.8052240610122681
0.4050000011920929,-0.2520880401134491,-0.8207807540893555
0.4099999964237213,0.5814236998558044,-0.8314871788024902
0.41499999165534973,-0.41692623496055603,-0.84597247838974
0.41999998688697815,-0.38351914286613464,-0.864773690700531
0.42500001192092896,0.21187043190002441,-0.882404625415802
0.4300000071525574,0.36971810460090637,-0.8952825665473938
0.4350000023841858,-0.10473532229661942,-0.9086531400680542
0.4399999976158142,-0.14597120881080627,-0.9204593896865845
0.4449999928474426,0.5905018448829651,-0.9322510957717896
0.44999998807907104,0.29390639066696167,-0.9456203579902649
0.45500001311302185,-0.295152485370636,-0.9574573040008545
0.46000000834465027,0.021462880074977875,-0.9708570837974548
0.4650000035762787,-0.613656759262085,-0.9809633493423462
0.4699999988079071,0.28478848934173584,-0.9896015524864197
0.4749999940395355,0.6081864237785339,-1.0041048526763916
0.47999998927116394,0.3241545557975769,-1.0222958326339722
0.48500001430511475,-1.0085729360580444,-1.0330321788787842
0.49000000953674316,0.19209522008895874,-1.0442389249801636
0.4950000047683716,0.5257481932640076,-1.0549914836883545
0.5,-0.15453937649726868,-1.0689098834991455
0.5049999952316284,-0.5773708820343018,-1.0823432207107544
0.5099999904632568,0.6933555603027344,-1.0941181182861328
0.5149999856948853,-0.23710602521896362,-1.104803442955017
0.5199999809265137,-0.1356874704360962,-1.1139150857925415
0.5249999761581421,0.08990972489118576,-1.1246695518493652
0.5299999713897705,0.06543625891208649,-1.1369794607162476
0.5350000262260437,0.26837828755378723,-1.1476811170578003
0.5400000214576721,0.09994618594646454,-1.1551849842071533
0.5450000166893005,-0.034310486167669296,-1.1632431745529175
0.550000011920929,-0.028925908729434013,-1.176124930381775
0.5550000071525574,0.3612857460975647,-1.1905773878097534
0.5600000023841858,0.0544334314763546,-1.1991345882415771
0.5649999976158142,0.05299049988389015,-1.2066385746002197
0.5699999928474426,0.02766621857881546,-1.216286063194275
0.574999988079071,-0.08323900401592255,-1.2221629619598389
0.5799999833106995,-0.13128802180290222,-1.229647159576416
0.5849999785423279,0.31585946679115295,-1.2361178398132324
0.5899999737739563,0.44831734895706177,-1.238759160041809
0.5950000286102295,-0.22557327151298523,-1.2473942041397095
0.6000000238418579,0.2600909173488617,-1.260813593864441
0.6050000190734863,0.12347720563411713,-1.2725849151611328
0.6100000143051147,-0.46944716572761536,-1.2805840969085693
0.6150000095367432,-0.14732396602630615,-1.289200782775879
0.6200000047683716,0.241885244846344,-1.2999204397201538
0.625,-0.08489169180393219,-1.3078975677490234
0.6299999952316284,0.40481385588645935,-1.3121854066848755
0.6349999904632568,-0.20893748104572296,-1.318123698234558
0.6399999856948853,0.2158617377281189,-1.3272569179534912
0.6449999809265137,0.2748053967952728,-1.3368613719940186
0.6499999761581421,-0.05452212691307068,-1.3427573442459106
0.6549999713897705,-0.4543341398239136,-1.3486311435699463
0.6600000262260437,0.41398221254348755,-1.3540130853652954
0.6650000214576721,-0.0033565331250429153,-1.3599088191986084
0.6700000166893005,-0.2739461064338684,-1.3674123287200928
0.675000011920929,-0.06522726267576218,-1.3733080625534058
0.6800000071525574,0.7766093015670776,-1.3808345794677734
0.6850000023841858,-0.44604530930519104,-1.3905280828475952
0.6899999976158142,0.47347164154052734,-1.4017144441604614
0.6949999928474426,-0.026716439053416252,-1.4081231355667114
0.699999988079071,-0.10617204010486603,-1.409731388092041
0.7049999833106995,0.6257915496826172,-1.4178178310394287
0.7099999785423279,0.009151038713753223,-1.4258815050125122
0.7149999737739563,-0.06034205108880997,-1.4338494539260864
0.7200000286102295,0.5303345918655396,-1.440865159034729
0.7250000238418579,0.23805470764636993,-1.4472730159759521
0.7300000190734863,0.44393888115882874,-1.4536558389663696
0.7350000143051147,0.5695829391479492,-1.4574320316314697
0.7400000095367432,0.5760493874549866,-1.4617946147918701
0.7450000047683716,0.3793765902519226,-1.4730501174926758
0.75,0.5415695905685425,-1.4848161935806274
0.7549999952316284,0.5209557414054871,-1.4901258945465088
0.7599999904632568,0.32433855533599854,-1.4966082572937012
0.7649999856948853,0.05272664874792099,-1.5041122436523438
0.7699999809265137,0.08244558423757553,-1.5104668140411377
0.7749999761581421,-0.07669377326965332,-1.5142444372177124
0.7799999713897705,0.3036584258079529,-1.521316647529602
0.7850000262260437,0.2080693542957306,-1.533644199371338
0.7900000214576721,0.3717336356639862,-1.5454095602035522
0.7950000166893005,0.05486473813652992,-1.5550041198730469
0.800000011920929,0.10360119491815567,-1.5636063814163208
0.8050000071525574,0.5801894068717957,-1.5694485902786255
0.8100000023841858,0.5084124803543091,-1.5737361907958984
0.8149999976158142,0.09458552300930023,-1.5786147117614746
0.8199999928474426,0.001499213743954897,-1.5871628522872925
0.824999988079071,0.19082708656787872,-1.5935947895050049
0.8299999833106995,-0.10066858679056168,-1.6027618646621704
0.8349999785423279,-0.5205528140068054,-1.6129456758499146
0.8399999737739563,-0.6713687181472778,-1.6203933954238892
0.8450000286102295,-0.9497992992401123,-1.6289689540863037
0.8500000238418579,-0.12065576761960983,-1.637036919593811
0.8550000190734863,-0.3477654457092285,-1.6429044008255005
0.8600000143051147,-0.33789268136024475,-1.6510016918182373
0.8650000095367432,-0.42261219024658203,-1.6617213487625122
0.8700000047683716,-0.2990768551826477,-1.6724116802215576
0.875,-0.4505150616168976,-1.6804513931274414
0.8799999952316284,-0.020683078095316887,-1.6889976263046265
0.8849999904632568,0.17656376957893372,-1.696530818939209
0.8899999856948853,0.10090077668428421,-1.70460045337677
0.8949999809265137,-0.21722258627414703,-1.7147542238235474
0.8999999761581421,0.051119960844516754,-1.7238355875015259
0.9049999713897705,-0.09861183911561966,-1.7297314405441284
0.9100000262260437,0.24022553861141205,-1.7367603778839111
0.9150000214576721,-0.21608661115169525,-1.74643874168396
0.9200000166893005,0.5089666843414307,-1.7602814435958862
0.925000011920929,-0.062370482832193375,-1.768887996673584
0.9300000071525574,0.2939675450325012,-1.774217128753662
0.9350000023841858,-0.13620927929878235,-1.780144453048706
0.9399999976158142,0.009365588426589966,-1.789129614830017
0.9449999928474426,-0.013050398789346218,-1.7893201112747192
0.949999988079071,0.001768944668583572,-1.8005441427230835
0.9549999833106995,-0.10545773059129715,-1.8214778900146484
0.9599999785423279,0.18711985647678375,-1.8284789323806763
0.9649999737739563,0.13399721682071686,-1.8368608951568604
0.9700000286102295,-0.3110802471637726,-1.8443963527679443
0.9750000238418579,0.13868848979473114,-1.8476123809814453
0.9800000190734863,-0.060134511440992355,-1.8514633178710938
0.9850000143051147,0.1990044116973877,-1.8632878065109253
0.9900000095367432,-0.19521549344062805,-1.8776593208312988
0.9950000047683716,0.25460660457611084,-1.8803064823150635
1,0.3349284827709198,-1.884092092514038
1.0049999952316284,0.0616079643368721,-1.890523910522461
1.0099999904632568,-0.0846889317035675,-1.8936045169830322
1.0149999856948853,0.9277767539024353,-1.8947782516479492
1.0199999809265137,0.003640619106590748,-1.9024872779846191
1.024999976158142,-0.33020302653312683,-1.9173572063446045
1.0299999713897705,0.2117622196674347,-1.9263997077941895
1.034999966621399,0.08724284172058105,-1.9335061311721802
1.0399999618530273,0.3898616433143616,-1.943084478378296
1.0449999570846558,0.1667032241821289,-1.950948715209961
1.0499999523162842,0.17772406339645386,-1.9478387832641602
1.0549999475479126,0.00243395590223372,-1.9571623802185059
1.059999942779541,-0.03768245875835419,-1.9775291681289673
1.065000057220459,0.3864234387874603,-1.991857886314392
1.0700000524520874,0.023373134434223175,-1.9966824054718018
1.0750000476837158,0.2104392647743225,-2.00193452835083
1.0800000429153442,0.512362539768219,-2.006185531616211
1.0850000381469727,0.11322841048240662,-2.005722761154175
1.090000033378601,-0.5533069968223572,-2.014517307281494
1.0950000286102295,0.1718684583902359,-2.0332396030426025
1.100000023841858,-0.11263668537139893,-2.0459189414978027
1.1050000190734863,-0.4598780572414398,-2.0485987663269043
1.1100000143051147,-0.3101433217525482,-2.050743341445923
1.1150000095367432,-0.16373126208782196,-2.0577478408813477
1.1200000047683716,-0.3898458778858185,-2.0637190341949463
1.125,0.1846608817577362,-2.0772316455841064
1.1299999952316284,0.4606328308582306,-2.0959527492523193
1.1349999904632568,0.19195204973220825,-2.106520414352417
1.1399999856948853,0.1629396677017212,-2.110234498977661
1.1449999809265137,0.011860991828143597,-2.1160919666290283
1.149999976158142,0.22026227414608002,-2.117163896560669
1.1549999713897705,0.4269174039363861,-2.1187329292297363
1.159999966621399,0.5245286226272583,-2.12432599067688
1.1649999618530273,0.7131087779998779,-2.1394894123077393
1.1699999570846558,0.2924833595752716,-2.1580920219421387
1.1749999523162842,-0.21977506577968597,-2.166431427001953
1.1799999475479126,0.2368759959936142,-2.1653599739074707
1.184999942779541,-0.10513022541999817,-2.1675832271575928
1.190000057220459,-0.6288669109344482,-2.1734790802001953
1.1950000524520874,-0.2764981687068939,-2.1773111820220947
1.2000000476837158,-0.4644445776939392,-2.1870388984680176
1.2050000429153442,-0.26330283284187317,-2.19706130027771
1.2100000381469727,0.02124793641269207,-2.2007319927215576
1.215000033378601,0.09114325791597366,-2.203038454055786
1.2200000286102295,0.10098578780889511,-2.2088119983673096
1.225000023841858,-0.010757382027804852,-2.2136354446411133
1.2300000190734863,0.3140260875225067,-2.2164804935455322
1.2350000143051147,0.28010016679763794,-2.2288496494293213
1.2400000095367432,0.027587465941905975,-2.2416298389434814
1.2450000047683716,0.21968011558055878,-2.246328592300415
1.25,0.11080586165189743,-2.2496285438537598
1.2549999952316284,0.033363230526447296,-2.2554821968078613
1.2599999904632568,-0.3246064782142639,-2.2597274780273438
1.2649999856948853,0.3223781883716583,-2.259727954864502
1.2699999809265137,0.09457375109195709,-2.267443895339966
1.274999976158142,-0.08714791387319565,-2.280221939086914
1.2799999713897705,0.13516229391098022,-2.2849173545837402
1.284999966621399,0.10258878767490387,-2.284874677658081
1.2899999618530273,-0.22963857650756836,-2.2859463691711426
1.2949999570846558,-0.10388454049825668,-2.2893359661102295
1.2999999523162842,-0.06598055362701416,-2.2951884269714355
1.3049999475479126,0.3123958706855774,-2.301532506942749
1.309999942779541,0.23857799172401428,-2.3075597286224365
1.315000057220459,0.013762444257736206,-2.312251567840576
1.3200000524520874,-0.14828556776046753,-2.315511703491211
1.3250000476837158,0.19054114818572998,-2.3181028366088867
1.3300000429153442,0.2693682014942169,-2.3181028366088867
1.3350000381469727,-0.35537126660346985,-2.31980037689209
1.340000033378601,0.1951102316379547,-2.3257858753204346
1.3450000286102295,0.15657438337802887,-2.3343615531921387
1.350000023841858,-0.056968603283166885,-2.3401670455932617
1.3550000190734863,0.06097058206796646,-2.344945192337036
1.3600000143051147,0.0689179077744484,-2.348252296447754
1.3650000095367432,0.16220404207706451,-2.3507497310638428
1.3700000047683716,0.24883711338043213,-2.34851336479187
1.375,0.33969223499298096,-2.3455278873443604
1.3799999952316284,0.3716478645801544,-2.353170394897461
1.3849999904632568,0.23797117173671722,-2.3610711097717285
1.3899999856948853,0.15397077798843384,-2.365358829498291
1.3949999809265137,0.4483835995197296,-2.369110584259033
1.399999976158142,-0.05922664701938629,-2.3688762187957764
1.4049999713897705,-0.11782585084438324,-2.36468243598938
1.409999966621399,-0.029230613261461258,-2.363752603530884
1.4149999618530273,-0.23870167136192322,-2.370278835296631
1.4199999570846558,-0.2908936142921448,-2.3804147243499756
1.4249999523162842,-0.1868269443511963,-2.383535385131836
1.4299999475479126,-0.1601167768239975,-2.385679244995117
1.434999942779541,-0.1278468519449234,-2.3878231048583984
1.440000057220459,-0.003549739485606551,-2.3860223293304443
1.4450000524520874,0.07908537238836288,-2.3807592391967773
1.4500000476837158,-0.03539792075753212,-2.383730888366699
1.4550000429153442,-0.05410298705101013,-2.394937515258789
1.4600000381469727,0.00427577830851078,-2.400101900100708
1.465000033378601,0.06602174788713455,-2.398444652557373
1.4700000286102295,-0.04182945564389229,-2.398493766784668
1.475000023841858,0.08259940892457962,-2.3979578018188477
1.4800000190734863,0.021962588652968407,-2.39517879486084
1.4850000143051147,0.025662092491984367,-2.397085189819336
1.4900000095367432,-0.009088873863220215,-2.4057111740112305
1.4950000047683716,0.07083997130393982,-2.411306142807007
1.5,-0.001745067653246224,-2.411942481994629
1.5049999952316284,0.07045429944992065,-2.4113059043884277
1.5099999904632568,0.04706055298447609,-2.4091622829437256
1.5149999856948853,0.06407613307237625,-2.4070184230804443
1.5199999809265137,0.04640403762459755,-2.407655954360962
1.524999976158142,0.030970124527812004,-2.410438060760498
1.5299999713897705,0.06164291501045227,-2.4151079654693604
1.534999966621399,0.03742852434515953,-2.414520740509033
1.5399999618530273,0.018080558627843857,-2.410717248916626
1.5449999570846558,-0.0024398518726229668,-2.405357599258423
1.5499999523162842,0.028807753697037697,-2.4021413326263428
1.5549999475479126,0.038553863763809204,-2.4018661975860596
1.559999942779541,0.059876516461372375,-2.4077095985412598
1.565000057220459,0.07138534635305405,-2.412480592727661
1.5700000524520874,0.017350444570183754,-2.412428140640259
1.5750000476837158,0.00798227358609438,-2.4113035202026367
1.5800000429153442,0.047748345881700516,-2.4086239337921143
1.5850000381469727,0.017617614939808846,-2.4063735008239746
1.590000033378601,0.02217639796435833,-2.4011735916137695
1.5950000286102295,0.1082857996225357,-2.405139446258545
1.600000023841858,0.039859164506196976,-2.411410093307495
1.6050000190734863,0.03158173710107803,-2.4089972972869873
1.6100000143051147,0.029913226142525673,-2.402191638946533
1.6150000095367432,-0.004453179892152548,-2.403425693511963
1.6200000047683716,0.04577438905835152,-2.4032087326049805
1.625,0.004271731246262789,-2.3988661766052246
1.6299999952316284,0.09546799212694168,-2.39640474319458
1.6349999904632568,0.03317922726273537,-2.397367000579834
1.6399999856948853,0.08955755084753036,-2.3952784538269043
1.6449999809265137,0.02510346658527851,-2.395278215408325
1.649999976158142,0.07325257360935211,-2.3952229022979736
1.6549999713897705,-0.03610190749168396,-2.38980770111084
1.659999966621399,0.210680291056633,-2.384336471557617
1.6649999618530273,-0.08669121563434601,-2.3803277015686035
1.6699999570846558,0.13248585164546967,-2.382471799850464
1.6749999523162842,0.11976003646850586,-2.3856313228607178
1.6799999475479126,0.14727170765399933,-2.3845596313476562
1.684999942779541,-0.15127336978912354,-2.382838487625122
1.690000057220459,0.16409003734588623,-2.3785505294799805
1.6950000524520874,0.02557377517223358,-2.373077154159546
1.7000000476837158,-0.05174153298139572,-2.365687608718872
1.7050000429153442,0.13159160315990448,-2.3631792068481445
1.7100000381469727,0.0042393445037305355,-2.3652656078338623
1.715000033378601,-0.018456310033798218,-2.3646719455718994
1.7200000286102295,0.0628981664776802,-2.36312198638916
1.725000023841858,-0.014753864146769047,-2.3602683544158936
1.7300000190734863,0.1282862275838852,-2.353184461593628
1.7350000143051147,-0.062475353479385376,-2.3437116146087646
1.7400000095367432,0.041579555720090866,-2.3434088230133057
1.7450000047683716,0.32534465193748474,-2.3465073108673096
1.75,-0.419755756855011,-2.34311580657959
1.7549999952316284,0.23132766783237457,-2.3378148078918457
1.7599999904632568,0.4077232778072357,-2.333526849746704
1.7649999856948853,-0.4201076030731201,-2.328644037246704
1.7699999809265137,0.1458917111158371,-2.322807550430298
1.774999976158142,0.17332977056503296,-2.321377992630005
1.7799999713897705,-0.26418015360832214,-2.3240578174591064
1.784999966621399,0.21186122298240662,-2.3210790157318115
1.7899999618530273,0.16263093054294586,-2.313575029373169
1.7949999570846558,-0.07934079319238663,-2.3067877292633057
1.7999999523162842,-0.056188445538282394,-2.3034512996673584
1.8049999475479126,0.05701715499162674,-2.2953507900238037
1.809999942779541,0.23966285586357117,-2.2891011238098145
1.815000057220459,0.28775787353515625,-2.2897589206695557
1.8200000524520874,0.13863696157932281,-2.288442373275757
1.8250000476837158,-0.027155829593539238,-2.280280590057373
1.8300000429153442,-0.5722910165786743,-2.270158529281616
1.8350000381469727,0.5250615477561951,-2.259913444519043
1.840000033378601,0.45408689975738525,-2.2508633136749268
1.8450000286102295,-0.9072996973991394,-2.2446789741516113
1.850000023841858,0.464910089969635,-2.246884822845459
1.8550000190734863,0.45467379689216614,-2.245028257369995
1.8600000143051147,-0.5441699028015137,-2.236863851547241
1.8650000095367432,-0.16324105858802795,-2.2268052101135254
1.8700000047683716,0.71792072057724,-2.2185773849487305
1.875,-0.737779438495636,-2.208519220352173
1.8799999952316284,-0.09354409575462341,-2.201267957687378
1.8849999904632568,0.8369079232215881,-2.2029387950897217
1.8899999856948853,-0.4651345908641815,-2.2027485370635986
1.8949999809265137,0.13289543986320496,-2.193791627883911
1.899999976158142,0.37257522344589233,-2.177839756011963
1.9049999713897705,-0.5481763482093811,-2.162768840789795
1.909999966621399,0.2954310476779938,-2.1504404544830322
1.9149999618530273,0.19811679422855377,-2.1356258392333984
1.9199999570846558,-0.48701807856559753,-2.1310596466064453
1.9249999523162842,0.34950828552246094,-2.1314659118652344
1.9299999475479126,0.10133206844329834,-2.122631788253784
1.934999942779541,-0.22162240743637085,-2.1075596809387207
1.940000057220459,0.11077935248613358,-2.09716534614563
1.9450000524520874,0.7049656510353088,-2.091073751449585
1.9500000476837158,-0.056568220257759094,-2.0820271968841553
1.9550000429153442,-0.26880407333374023,-2.0769295692443848
1.9600000381469727,0.34708645939826965,-2.0751240253448486
1.965000033378601,0.1516398787498474,-2.060793876647949
1.9700000286102295,-0.06393005698919296,-2.0437746047973633
1.975000023841858,0.35749128460884094,-2.0327837467193604
1.9800000190734863,-0.17852413654327393,-2.0234062671661377
1.9850000143051147,0.06563865393400192,-2.008465528488159
1.9900000095367432,0.10047133266925812,-1.9969412088394165
1.9950000047683716,-0.021604176610708237,-1.9941270351409912
2,-0.05370186269283295,-1.9849482774734497
2.005000114440918,0.06876372545957565,-1.9714816808700562
2.009999990463257,0.1039474606513977,-1.9607619047164917
2.015000104904175,0.3523105978965759,-1.9479660987854004
2.0199999809265137,0.08945636451244354,-1.9344309568405151
2.0250000953674316,0.03014359623193741,-1.9229111671447754
2.0299999713897705,0.018335945904254913,-1.9164793491363525
2.0350000858306885,-0.23480014503002167,-1.9088388681411743
2.0399999618530273,0.2422557920217514,-1.8965115547180176
2.0450000762939453,0.2032095342874527,-1.8879354000091553
2.049999952316284,-0.05122780799865723,-1.8784942626953125
2.055000066757202,-0.2914297878742218,-1.8713197708129883
2.059999942779541,0.4662194848060608,-1.8628129959106445
2.065000057220459,0.18507197499275208,-1.8553783893585205
2.069999933242798,0.13468097150325775,-1.8443812131881714
2.075000047683716,-0.545131504535675,-1.828768014907837
2.0799999237060547,0.5341658592224121,-1.8139698505401611
2.0850000381469727,0.1453058421611786,-1.8021783828735352
2.0899999141693115,-0.33021628856658936,-1.7918545007705688
2.0950000286102295,0.05707603693008423,-1.776310920715332
2.0999999046325684,0.2895599901676178,-1.7625869512557983
2.1050000190734863,-0.1234702318906784,-1.755618929862976
2.109999895095825,-0.20968523621559143,-1.744150996208191
2.115000009536743,0.41124576330184937,-1.7286076545715332
2.119999885559082,-0.1374538540840149,-1.7162797451019287
2.125,0.1928849071264267,-1.7008792161941528
2.130000114440918,-0.006162534933537245,-1.685121774673462
2.134999990463257,0.2497052103281021,-1.6730085611343384
2.140000104904175,-0.5350523591041565,-1.6661839485168457
2.1449999809265137,1.0251569747924805,-1.6529611349105835
2.1500000953674316,-0.3500293493270874,-1.635273814201355
2.1549999713897705,-0.12767794728279114,-1.6226991415023804
2.1600000858306885,0.18329447507858276,-1.6123706102371216
2.1649999618530273,0.007990402169525623,-1.5988255739212036
2.1700000762939453,0.2576025426387787,-1.5830373764038086
2.174999952316284,0.21566380560398102,-1.5722451210021973
2.180000066757202,-0.4254722595214844,-1.5642049312591553
2.184999942779541,0.18544767796993256,-1.5544836521148682
2.190000057220459,-0.07685086876153946,-1.5394763946533203
2.194999933242798,0.489010751247406,-1.522566795349121
2.200000047683716,-0.05747201666235924,-1.5051004886627197
2.2049999237060547,0.38588470220565796,-1.4919970035552979
2.2100000381469727,-0.3930334746837616,-1.4877088069915771
2.2149999141693115,0.5364146828651428,-1.476766586303711
2.2200000286102295,0.32295340299606323,-1.460240125656128
2.2249999046325684,-0.21058019995689392,-1.4322946071624756
2.2300000190734863,0.3127038776874542,-1.4058700799942017
2.234999895095825,-0.47735580801963806,-1.3995013236999512
2.240000009536743,0.31518861651420593,-1.3971320390701294
2.244999885559082,-0.23657865822315216,-1.3884057998657227
2.25,0.13372564315795898,-1.3787579536437988
2.255000114440918,-0.017164623364806175,-1.3663549423217773
2.259999990463257,0.42203810811042786,-1.3519595861434937
2.265000104904175,-0.17849653959274292,-1.3428475856781006
2.2699999809265137,0.3161454200744629,-1.331363320350647
2.2750000953674316,0.23182114958763123,-1.3121446371078491
2.2799999713897705,0.2644399404525757,-1.3001230955123901
2.2850000858306885,0.12605875730514526,-1.2923122644424438
2.2899999618530273,-0.5243545770645142,-1.2772278785705566
2.2950000762939453,0.03904367983341217,-1.259848952293396
2.299999952316284,0.29694536328315735,-1.2482073307037354
2.305000066757202,-0.030096884816884995,-1.233354091644287
2.309999942779541,0.06507230550050735,-1.2162805795669556
2.315000057220459,-0.014746123924851418,-1.2051801681518555
2.319999933242798,0.06354585289955139,-1.1976763010025024
2.325000047683716,0.4643312394618988,-1.1889443397521973
2.3299999237060547,-0.26671528816223145,-1.173858880996704
2.3350000381469727,0.2241932898759842,-1.1594659090042114
2.3399999141693115,0.0868755653500557,-1.1466022729873657
2.3450000286102295,0.012258801609277725,-1.1314375400543213
2.3499999046325684,-0.30156412720680237,-1.116666555404663
2.3550000190734863,0.10310988873243332,-1.1077128648757935
2.359999895095825,-0.09826187044382095,-1.100507378578186
2.365000009536743,0.2821720540523529,-1.0876437425613403
2.369999885559082,-0.15807585418224335,-1.0714852809906006
2.375,-0.1776784509420395,-1.0591572523117065
2.380000114440918,0.5670260190963745,-1.0436937808990479
2.384999990463257,-0.06787057965993881,-1.0297584533691406
2.390000104904175,-0.14404289424419403,-1.0225751399993896
2.3949999809265137,0.4883318245410919,-1.0165185928344727
2.4000000953674316,-0.03143787756562233,-1.006173849105835
2.4049999713897705,-0.43424686789512634,-0.9939268827438354
2.4100000858306885,0.43242451548576355,-0.9809826612472534
2.4149999618530273,0.04726994037628174,-0.9646604061126709
2.4200000762939453,-0.16217279434204102,-0.9493601322174072
2.424999952316284,0.3968227505683899,-0.9417270421981812
2.430000066757202,0.1142459288239479,-0.9355869293212891
2.434999942779541,-0.3830525577068329,-0.9246222376823425
2.440000057220459,0.41223496198654175,-0.9136120676994324
2.444999933242798,-0.18058235943317413,-0.9011207222938538
2.450000047683716,-0.1419423520565033,-0.8880924582481384
2.4549999237060547,0.6026634573936462,-0.8733319640159607
2.4600000381469727,-0.09633538872003555,-0.8626123666763306
2.4649999141693115,-0.23870353400707245,-0.8553565144538879
2.4700000286102295,0.24950946867465973,-0.8465325832366943
2.4749999046325684,-0.1103837788105011,-0.8375037312507629
2.4800000190734863,0.046255383640527725,-0.8277729153633118
2.484999895095825,-0.07199551165103912,-0.8146592378616333
2.490000009536743,0.41282668709754944,-0.7981274127960205
2.494999885559082,0.1315573751926422,-0.7861347198486328
2.5,-0.05336697772145271,-0.7813946604728699
2.505000114440918,0.06705692410469055,-0.7747106552124023
2.509999990463257,0.09481368958950043,-0.7646113634109497
2.515000104904175,-0.12766285240650177,-0.7560356259346008
2.5199999809265137,0.08891317248344421,-0.7461341023445129
2.5250000953674316,0.3346690237522125,-0.7301396131515503
2.5299999713897705,0.14838159084320068,-0.7202955484390259
2.5350000858306885,-0.12486273795366287,-0.7164583206176758
2.5399999618530273,0.12512840330600739,-0.7076269388198853
2.5450000762939453,-0.16115452349185944,-0.6983208060264587
2.549999952316284,0.2255515605211258,-0.6922538876533508
2.555000066757202,0.14394351840019226,-0.6829705834388733
2.559999942779541,-0.18280579149723053,-0.6686713695526123
2.565000057220459,-0.10708283632993698,-0.6622393131256104
2.569999933242798,0.23780445754528046,-0.657051682472229
2.575000047683716,0.19428075850009918,-0.6493753790855408
2.5799999237060547,-0.04914088174700737,-0.6419581174850464
2.5850000381469727,0.045405276119709015,-0.6343677043914795
2.5899999141693115,0.3470054566860199,-0.6257920265197754
2.5950000286102295,-0.2203948050737381,-0.616680383682251
2.5999999046325684,0.052739884704351425,-0.6069455742835999
2.6050000190734863,0.014427056536078453,-0.6008631587028503
2.609999895095825,0.14652062952518463,-0.5981833934783936
2.615000009536743,-0.17867794632911682,-0.5930085182189941
2.619999885559082,0.1921975016593933,-0.5818409323692322
2.625,0.21717660129070282,-0.5738893151283264
2.630000114440918,-0.4115188419818878,-0.5668331980705261
2.634999990463257,0.3431801497936249,-0.5564727783203125
2.640000104904175,0.3017705976963043,-0.5489645004272461
2.6449999809265137,-0.09806205332279205,-0.5489645004272461
2.6500000953674316,0.10109949111938477,-0.5460179448127747
2.6549999713897705,0.06969328969717026,-0.5378000140190125
2.6600000858306885,-0.14385928213596344,-0.5304744839668274
2.6649999618530273,0.2263685017824173,-0.5240426659584045
2.6700000762939453,0.2550695538520813,-0.5164493918418884
2.674999952316284,0.14291532337665558,-0.5079635977745056
2.680000066757202,-0.005021370481699705,-0.5033196210861206
2.684999942779541,-0.056554973125457764,-0.5004593729972839
2.690000057220459,-0.016054373234510422,-0.4940275549888611
2.694999933242798,0.09157492965459824,-0.48410871624946594
2.700000047683716,0.08599898964166641,-0.4747326672077179
2.7049999237060547,-0.13316777348518372,-0.4690186083316803
2.7100000381469727,-0.053889550268650055,-0.46794646978378296
2.7149999141693115,0.022256623953580856,-0.4645482897758484
2.7200000286102295,0.2235400676727295,-0.45641738176345825
2.7249999046325684,0.3361060917377472,-0.4485606849193573
2.7300000190734863,-0.19164921343326569,-0.4447169899940491
2.734999895095825,-0.08585438132286072,-0.43649375438690186
2.740000009536743,-0.002497259061783552,-0.4270299971103668
2.744999885559082,0.08571600168943405,-0.4183623790740967
2.75,0.028467724099755287,-0.41274338960647583
2.755000114440918,0.10485345870256424,-0.4105994701385498
2.759999990463257,0.03623251989483833,-0.410063236951828
2.765000104904175,0.21606966853141785,-0.40568283200263977
2.7699999809265137,-0.08994507044553757,-0.4019308388233185
2.7750000953674316,-0.004889259580522776,-0.3952196538448334
2.7799999713897705,0.007165681105107069,-0.3834281861782074
2.7850000858306885,0.1400717943906784,-0.37576237320899963
2.7899999618530273,0.08000095933675766,-0.3763916790485382
2.7950000762939453,-0.031978100538253784,-0.3740602433681488
2.799999952316284,0.28736412525177,-0.3680706024169922
2.805000066757202,-0.08702462911605835,-0.36208051443099976
2.809999942779541,0.21846237778663635,-0.354765385389328
2.815000057220459,-0.12553876638412476,-0.3487752676010132
2.819999933242798,0.12666848301887512,-0.3457483947277069
2.825000047683716,-0.04780247062444687,-0.34306856989860535
2.8299999237060547,0.07102249562740326,-0.3385908901691437
2.8350000381469727,0.011483058333396912,-0.333326131105423
2.8399999141693115,0.21846607327461243,-0.33064597845077515
2.8450000286102295,-0.19295191764831543,-0.32465484738349915
2.8499999046325684,0.2158900648355484,-0.3165196180343628
2.8550000190734863,-0.06803473085165024,-0.3097434341907501
2.859999895095825,0.28487202525138855,-0.30842334032058716
2.865000009536743,-0.14975279569625854,-0.3111031949520111
2.869999885559082,0.048616085201501846,-0.3091100752353668
2.875,-0.04988202825188637,-0.3020458221435547
2.880000114440918,0.08321397006511688,-0.2941027879714966
2.884999990463257,-0.020174868404865265,-0.2870381474494934
2.890000104904175,0.15409736335277557,-0.28153032064437866
2.8949999809265137,-0.15176649391651154,-0.28153032064437866
2.9000000953674316,0.2851811349391937,-0.27855852246284485
2.9049999713897705,-0.06416300684213638,-0.27256500720977783
2.9100000858306885,0.03550535440444946,-0.26589035987854004
2.9149999618530273,0.13036100566387177,-0.26140695810317993
2.9200000762939453,0.057016417384147644,-0.25785085558891296
2.924999952316284,-0.1599636822938919,-0.2528309226036072
2.930000066757202,0.2052776962518692,-0.24756936728954315
2.934999942779541,-0.062348391860723495,-0.24391598999500275
2.940000057220459,-0.05373425781726837,-0.24050270020961761
2.944999933242798,0.18726703524589539,-0.23470576107501984
2.950000047683716,0.2452734112739563,-0.2321247011423111
2.9549999237060547,-0.09045769274234772,-0.22817453742027283
2.9600000381469727,-0.11136671900749207,-0.22067095339298248
2.9649999141693115,0.16313691437244415,-0.21711789071559906
2.9700000286102295,-0.13786859810352325,-0.21497397124767303
2.9749999046325684,0.18382403254508972,-0.20985066890716553
2.9800000190734863,0.034252677112817764,-0.203718900680542
2.984999895095825,-0.14210207760334015,-0.20103907585144043
2.990000009536743,0.14212045073509216,-0.19869422912597656
2.994999885559082,0.24907925724983215,-0.1922624707221985
3,-0.08689730614423752,-0.18720485270023346
3.005000114440918,0.17539682984352112,-0.18847858905792236
3.009999990463257,0.158866286277771,-0.1903194636106491
3.015000104904175,0.04338092356920242,-0.18626393377780914
3.0199999809265137,-0.050615083426237106,-0.17960034310817719
3.0250000953674316,0.13258078694343567,-0.1768188625574112
3.0299999713897705,0.010736754164099693,-0.17413869500160217
3.0350000858306885,-0.036287009716033936,-0.17069265246391296
3.0399999618530273,0.023029422387480736,-0.17219853401184082
3.0450000762939453,0.15516310930252075,-0.1719939261674881
3.049999952316284,-0.09340906143188477,-0.16492408514022827
3.055000066757202,-0.07401619851589203,-0.1596667468547821
3.059999942779541,0.4495019316673279,-0.15537890791893005
3.065000057220459,-0.013820615597069263,-0.15098807215690613
3.069999933242798,0.017414480447769165,-0.14465942978858948
3.075000047683716,0.16356565058231354,-0.14047490060329437
3.0799999237060547,-0.07269986718893051,-0.14175331592559814
3.0850000381469727,0.16015207767486572,-0.14272180199623108
3.0899999141693115,0.05013776570558548,-0.1386590451002121
3.0950000286102295,0.12490614503622055,-0.1362905204296112
3.0999999046325684,-0.037835922092199326,-0.13746647536754608
3.1050000190734863,0.03494415432214737,-0.13779406249523163
3.109999895095825,0.06972088664770126,-0.13457833230495453
3.115000009536743,0.12666481733322144,-0.1325390636920929
3.119999885559082,0.009750512428581715,-0.13179349899291992
3.125,0.06910668313503265,-0.13029015064239502
3.130000114440918,0.024789197370409966,-0.12600260972976685
3.134999990463257,0.06349027156829834,-0.12332278490066528
3.140000104904175,-0.003378987545147538,-0.12342794984579086
3.1449999809265137,0.03768464922904968,-0.12353362143039703
3.1500000953674316,0.04414451867341995,-0.12385818362236023
3.1549999713897705,0.0765848159790039,-0.12332195043563843
3.1600000858306885,0.1333223134279251,-0.12074829638004303
3.1649999618530273,0.010694064199924469,-0.11957015842199326
3.1700000762939453,0.04928400740027428,-0.11849802732467651
3.174999952316284,-0.020925959572196007,-0.11646077036857605
3.180000066757202,0.07046608626842499,-0.11463939398527145
3.184999942779541,0.1201331838965416,-0.11324504762887955
3.190000057220459,0.07193034887313843,-0.11163735389709473
3.194999933242798,0.06011718884110451,-0.11045821756124496
3.200000047683716,0.06169222667813301,-0.11002948880195618
3.2049999237060547,0.07637100666761398,-0.10831411182880402
3.2100000381469727,0.07658150047063828,-0.10595449060201645
3.2149999141693115,0.09002895653247833,-0.10274229198694229
3.2200000286102295,0.06824041903018951,-0.10574197769165039
3.2249999046325684,0.07892051339149475,-0.10616951435804367
3.2300000190734863,0.054143812507390976,-0.10177347809076309
3.234999895095825,0.04496883973479271,-0.09920200705528259
3.240000009536743,0.050104644149541855,-0.09770283102989197
3.244999885559082,0.023938380181789398,-0.09899268299341202
3.25,0.057532355189323425,-0.10209955275058746
3.255000114440918,0.036395177245140076,-0.10542463511228561
3.259999990463257,0.010490193031728268,-0.10971248894929886
3.265000104904175,0.054618529975414276,-0.11034616082906723
3.2699999809265137,0.058996256440877914,-0.1068139374256134
3.2750000953674316,0.037089962512254715,-0.10788573324680328
3.2799999713897705,0.05537661164999008,-0.1067037358880043
3.2850000858306885,0.0201413594186306,-0.10509569942951202
3.2899999618530273,0.043323878198862076,-0.1042446494102478
3.2950000762939453,0.057614050805568695,-0.10402357578277588
3.299999952316284,0.07332028448581696,-0.10542766004800797
3.305000066757202,0.06511683762073517,-0.10670289397239685
3.309999942779541,0.09590297192335129,-0.10520607233047485
3.315000057220459,0.07310832291841507,-0.10585334897041321
3.319999933242798,0.08120210468769073,-0.10788574069738388
3.325000047683716,0.08834719657897949,-0.10788573324680328
3.3299999237060547,0.07717324793338776,-0.10842163115739822
3.3350000381469727,0.0867033377289772,-0.10734984278678894
3.3399999141693115,0.07783527672290802,-0.1068139374256134
3.3450000286102295,0.028235148638486862,-0.10853402316570282
3.3499999046325684,0.06375891715288162,-0.10949359834194183
3.3550000190734863,0.04246349632740021,-0.11014221608638763
3.359999895095825,0.08153478056192398,-0.11163735389709473
3.365000009536743,0.03165386617183685,-0.11324504762887955
3.369999885559082,0.10560859739780426,-0.11228648573160172
3.375,0.004744242411106825,-0.11324521899223328
3.380000114440918,0.06673603504896164,-0.1173371970653534
3.384999990463257,-0.001534571754746139,-0.12376897782087326
3.390000104904175,0.0772799700498581,-0.1271795779466629
3.3949999809265137,0.028452269732952118,-0.12534373998641968
3.4000000953674316,0.13073047995567322,-0.12365642189979553
3.4049999713897705,0.0657755509018898,-0.12729398906230927
3.4100000858306885,-0.06058015301823616,-0.1309310495853424
3.4149999618530273,0.033834636211395264,-0.1305098831653595
3.4200000762939453,0.12817803025245667,-0.13265380263328552
3.424999952316284,0.13389307260513306,-0.1359846144914627
3.430000066757202,-0.02983376570045948,-0.137247234582901
3.434999942779541,0.10632510483264923,-0.1375931352376938
3.440000057220459,-0.14385375380516052,-0.14176541566848755
3.444999933242798,0.21146082878112793,-0.14498114585876465
3.450000047683716,0.23126143217086792,-0.14325785636901855
3.4549999237060547,0.016229886561632156,-0.14605341851711273
3.4600000381469727,-0.23224657773971558,-0.1489657610654831
3.4649999141693115,0.14135316014289856,-0.15355701744556427
3.4700000286102295,0.0886496901512146,-0.15516504645347595
3.4749999046325684,0.059411365538835526,-0.15772812068462372
3.4800000190734863,0.04521613568067551,-0.16022248566150665
3.484999895095825,-0.02878386154770851,-0.16611838340759277
3.490000009536743,0.24606864154338837,-0.17362195253372192
3.494999885559082,-0.11702913045883179,-0.17832861840724945
3.5,0.05986474081873894,-0.18142707645893097
3.505000114440918,0.1130146011710167,-0.18410691618919373
3.509999990463257,0.09155210852622986,-0.18517903983592987
3.515000104904175,0.2815438210964203,-0.1873229593038559
3.5199999809265137,-0.022792086005210876,-0.1895851492881775
3.5250000953674316,-0.12229852378368378,-0.19732527434825897
3.5299999713897705,0.011645354330539703,-0.20697280764579773
3.5350000858306885,0.17796657979488373,-0.21078622341156006
3.5399999618530273,0.027295639738440514,-0.21155999600887299
3.5450000762939453,-0.09821697324514389,-0.21799145638942719
3.549999952316284,0.46156978607177734,-0.22120752930641174
3.555000066757202,-0.11666665971279144,-0.22311291098594666
3.559999942779541,-0.02385709062218666,-0.22549571096897125
3.565000057220459,0.2092660814523697,-0.22990335524082184
3.569999933242798,0.020787563174962997,-0.2372869849205017
3.575000047683716,0.2397305965423584,-0.24115903675556183
3.5799999237060547,-0.24188044667243958,-0.24812674522399902
3.5850000381469727,0.128871351480484,-0.2562866806983948
3.5899999141693115,0.17469102144241333,-0.26116451621055603
3.5950000286102295,-0.5676946640014648,-0.2630138099193573
3.5999999046325684,0.3585662245750427,-0.26635080575942993
3.6050000190734863,0.1274310052394867,-0.2762402594089508
3.609999895095825,-0.2440369427204132,-0.28708118200302124
3.615000009536743,0.3420194685459137,-0.29636499285697937
3.619999885559082,-0.08872662484645844,-0.3000450134277344
3.625,0.30505645275115967,-0.29587894678115845
3.630000114440918,0.0641615018248558,-0.29529470205307007
3.634999990463257,-0.11933649331331253,-0.3045280873775482
3.640000104904175,0.13196328282356262,-0.3129814863204956
3.6449999809265137,-0.027759717777371407,-0.31941327452659607
3.6500000953674316,-0.23228521645069122,-0.32477325201034546
3.6549999713897705,0.123993881046772,-0.3306691646575928
3.6600000858306885,0.05885054171085358,-0.3377598226070404
3.6649999618530273,0.05685781314969063,-0.347284197807312
3.6700000762939453,0.023447098210453987,-0.35383927822113037
3.674999952316284,0.18251322209835052,-0.3613431751728058
3.680000066757202,0.022526012733578682,-0.3737938702106476
3.684999942779541,-0.4664192199707031,-0.383441686630249
3.690000057220459,0.46409863233566284,-0.39069798588752747
3.694999933242798,-0.18246062099933624,-0.3970055878162384
3.700000047683716,-0.14194825291633606,-0.40302547812461853
3.7049999237060547,0.0382973738014698,-0.40892139077186584
3.7100000381469727,0.137745663523674,-0.4149419069290161
3.7149999141693115,0.017872270196676254,-0.4245893955230713
3.7200000286102295,-0.2382858246564865,-0.4348977506160736
3.7249999046325684,-0.10649660229682922,-0.44454559683799744
3.7300000190734863,0.1990993469953537,-0.45154863595962524
3.734999895095825,-0.18141697347164154,-0.45756933093070984
3.740000009536743,1.194188117980957,-0.4615726172924042
3.744999885559082,-0.42871731519699097,-0.46746885776519775
3.75,-0.5467849373817444,-0.4800478219985962
3.755000114440918,0.1078493595123291,-0.49224936962127686
3.759999990463257,0.6412453651428223,-0.5011085867881775
3.765000104904175,-0.27336248755455017,-0.5076668858528137
3.7699999809265137,-0.021843381226062775,-0.5149174332618713
3.7750000953674316,0.44870448112487793,-0.5238730311393738
3.7799999713897705,-0.08326514065265656,-0.530587375164032
3.7850000858306885,-0.12494996190071106,-0.5388811826705933
3.7899999618530273,0.07290077209472656,-0.5508000254631042
3.7950000762939453,0.30630213022232056,-0.5628726482391357
3.799999952316284,-0.18822495639324188,-0.5717037320137024
3.805000066757202,0.2187163233757019,-0.5821680426597595
3.809999942779541,0.35168203711509705,-0.5928874015808105
3.815000057220459,-0.14192432165145874,-0.6027913093566895
3.819999933242798,0.05509619787335396,-0.615783154964447
3.825000047683716,0.1476636379957199,-0.6289258599281311
3.8299999237060547,-0.15403814613819122,-0.6400527358055115
3.8350000381469727,0.12360602617263794,-0.6486284136772156
3.8399999141693115,0.04334230720996857,-0.6579980850219727
3.8450000286102295,0.30766597390174866,-0.6699190139770508
3.8499999046325684,0.1045447289943695,-0.6828014254570007
3.8550000190734863,-0.13615551590919495,-0.6925780773162842
3.859999895095825,-0.007079575210809708,-0.7027444243431091
3.865000009536743,0.49233344197273254,-0.7152191400527954
3.869999885559082,0.15245534479618073,-0.728618323802948
3.875,-0.09031010419130325,-0.7429439425468445
3.880000114440918,0.26960259675979614,-0.7535486221313477
3.884999990463257,-0.38083940744400024,-0.7586475610733032
3.890000104904175,0.4988349378108978,-0.7657321095466614
3.8949999809265137,-0.19401763379573822,-0.7781906723976135
3.9000000953674316,0.4551076591014862,-0.7922691702842712
3.9049999713897705,0.004376241937279701,-0.8016431331634521
3.9100000858306885,0.027976833283901215,-0.8121004104614258
3.9149999618530273,-0.24487116932868958,-0.8230828046798706
3.9200000762939453,0.34612709283828735,-0.8359463214874268
3.924999952316284,0.1898261308670044,-0.8512172102928162
3.930000066757202,-0.04328342154622078,-0.8647571206092834
3.934999942779541,0.033791590481996536,-0.8782885074615479
3.940000057220459,0.5968086123466492,-0.8896768093109131
3.944999933242798,0.28156664967536926,-0.9025464653968811
3.950000047683716,0.24121032655239105,-0.9103154540061951
3.9549999237060547,0.07059747725725174,-0.9187586307525635
3.9600000381469727,-0.581712543964386,-0.9296109676361084
3.9649999141693115,-0.35504668951034546,-0.93966144323349
3.9700000286102295,0.3001241683959961,-0.9485039710998535
3.9749999046325684,-0.12197871506214142,-0.9624393582344055
3.9800000190734863,0.22000138461589813,-0.977580189704895
3.984999895095825,0.294007271528244,-0.9866931438446045
3.990000009536743,-0.14116734266281128,-0.9948666095733643
3.994999885559082,0.1923023760318756,-1.0070605278015137
4,-0.17263133823871613,-1.0201915502548218
4.005000114440918,0.7607794404029846,-1.028097152709961
4.010000228881836,0.2514234185218811,-1.0384153127670288
4.014999866485596,0.2615378797054291,-1.0491348505020142
4.019999980926514,-0.07456819713115692,-1.062533974647522
4.025000095367432,0.13835066556930542,-1.069903016090393
4.03000020980835,-0.1540340930223465,-1.0753930807113647
4.034999847412109,0.18550026416778564,-1.084245204925537
4.039999961853027,-0.23493443429470062,-1.0969734191894531
4.045000076293945,0.14093954861164093,-1.1084933280944824
4.050000190734863,0.4885971248149872,-1.1176049709320068
4.054999828338623,-0.07884802669286728,-1.1268527507781982
4.059999942779541,0.37893059849739075,-1.136364221572876
4.065000057220459,0.07401472330093384,-1.1440048217773438
4.070000171661377,0.1662229746580124,-1.1555227041244507
4.074999809265137,0.050297483801841736,-1.1638360023498535
4.079999923706055,-0.012352296151220798,-1.1724119186401367
4.085000038146973,0.6402863264083862,-1.1852751970291138
4.090000152587891,0.121552973985672,-1.1958574056625366
4.09499979019165,-0.11292924731969833,-1.2034988403320312
4.099999904632568,-0.37735337018966675,-1.2135449647903442
4.105000019073486,-0.6423603892326355,-1.222794532775879
4.110000133514404,-0.3545999228954315,-1.2327020168304443
4.114999771118164,0.11182927340269089,-1.241692304611206
4.119999885559082,0.48875316977500916,-1.2528096437454224
4.125,-0.28218820691108704,-1.2652757167816162
4.130000114440918,-0.1995810568332672,-1.276392936706543
4.135000228881836,0.4472196102142334,-1.2845522165298462
4.139999866485596,0.39214617013931274,-1.29044771194458
4.144999980926514,-0.6352079510688782,-1.2948747873306274
4.150000095367432,-0.14585930109024048,-1.3021214008331299
4.15500020980835,0.4778526723384857,-1.3128408193588257
4.159999847412109,0.16869665682315826,-1.3234208822250366
4.164999961853027,0.05993650108575821,-1.332276463508606
4.170000076293945,0.33921679854393005,-1.341900110244751
4.175000190734863,-0.11588280647993088,-1.3484718799591064
4.179999828338623,0.6076256036758423,-1.3566516637802124
4.184999942779541,0.5122801661491394,-1.364972710609436
4.190000057220459,0.2665312886238098,-1.3747345209121704
4.195000171661377,0.194599449634552,-1.3870890140533447
4.199999809265137,0.367473304271698,-1.399811863899231
4.204999923706055,-0.5217064619064331,-1.4117156267166138
4.210000038146973,-0.15664394199848175,-1.4160038232803345
4.215000152587891,-0.39075666666030884,-1.4236490726470947
4.21999979019165,-0.11030613631010056,-1.4332964420318604
4.224999904632568,0.00028630340239033103,-1.4425500631332397
4.230000019073486,0.11414693295955658,-1.4508419036865234
4.235000133514404,-0.14875255525112152,-1.4543095827102661
4.239999771118164,0.011554078198969364,-1.4600962400436401
4.244999885559082,0.1978415548801422,-1.4729937314987183
4.25,0.23855482041835785,-1.485965609550476
4.255000114440918,0.4798976480960846,-1.495327353477478
4.260000228881836,0.050248898565769196,-1.5036530494689941
4.264999866485596,0.5983126759529114,-1.5124784708023071
4.269999980926514,0.24279968440532684,-1.5205180644989014
4.275000095367432,-0.010005169548094273,-1.5283087491989136
4.28000020980835,-0.39883533120155334,-1.5381004810333252
4.284999847412109,0.008955269120633602,-1.5501405000686646
4.289999961853027,-0.08287318795919418,-1.5596437454223633
4.295000076293945,-0.6250224113464355,-1.5642205476760864
4.300000190734863,-0.07123486697673798,-1.5777640342712402
4.304999828338623,0.8111258745193481,-1.5911636352539062
4.309999942779541,-0.46406883001327515,-1.5996967554092407
4.315000057220459,0.16477708518505096,-1.6041295528411865
4.320000171661377,-0.2686369717121124,-1.6129952669143677
4.324999809265137,0.23161472380161285,-1.6276113986968994
4.329999923706055,0.2559012174606323,-1.6376501321792603
4.335000038146973,-0.1747712641954422,-1.6471521854400635
4.340000152587891,0.33260565996170044,-1.6569457054138184
4.34499979019165,-0.1709572970867157,-1.6673732995986938
4.349999904632568,-0.11914881318807602,-1.6728793382644653
4.355000019073486,0.05577480420470238,-1.6786292791366577
4.360000133514404,-0.018217481672763824,-1.6896412372589111
4.364999771118164,0.15326569974422455,-1.7014325857162476
4.369999885559082,-0.28600695729255676,-1.7106913328170776
4.375,0.23027482628822327,-1.7223361730575562
4.380000114440918,0.07736276090145111,-1.7341275215148926
4.385000228881836,-0.10476959496736526,-1.7430920600891113
4.389999866485596,0.12580296397209167,-1.7534230947494507
4.394999980926514,0.20139530301094055,-1.7639949321746826
4.400000095367432,0.16260221600532532,-1.7709630727767944
4.40500020980835,-0.09051216393709183,-1.7800747156143188
4.409999847412109,0.02885597012937069,-1.7874304056167603
4.414999961853027,-0.01221245527267456,-1.7924938201904297
4.420000076293945,0.1665354073047638,-1.7954705953598022
4.425000190734863,-0.27921146154403687,-1.8038073778152466
4.429999828338623,0.27525028586387634,-1.8173552751541138
4.434999942779541,0.17814432084560394,-1.8272414207458496
4.440000057220459,0.11624379456043243,-1.8342094421386719
4.445000171661377,-0.06388847529888153,-1.846299171447754
4.449999809265137,0.19342955946922302,-1.8590131998062134
4.454999923706055,-0.2609424889087677,-1.8672899007797241
4.460000038146973,-0.22598396241664886,-1.871814250946045
4.465000152587891,0.36444130539894104,-1.8744083642959595
4.46999979019165,-0.22698673605918884,-1.8835200071334839
4.474999904632568,0.059208229184150696,-1.892095923423767
4.480000019073486,0.2445896565914154,-1.8968541622161865
4.485000133514404,-0.06260527670383453,-1.9005215167999268
4.489999771118164,0.20395106077194214,-1.9023644924163818
4.494999885559082,0.10404682159423828,-1.9084105491638184
4.5,-0.13931888341903687,-1.9136879444122314
4.505000114440918,-0.03466338664293289,-1.9234176874160767
4.510000228881836,-0.10726753622293472,-1.9320629835128784
4.514999866485596,0.3004966378211975,-1.943015456199646
4.519999980926514,-0.5629319548606873,-1.950751543045044
4.525000095367432,0.8508146405220032,-1.955039381980896
4.53000020980835,-0.15501737594604492,-1.9584076404571533
4.534999847412109,0.1538143903017044,-1.9667516946792603
4.539999961853027,0.01908152736723423,-1.9785431623458862
4.545000076293945,0.007465964648872614,-1.9865083694458008
4.550000190734863,0.014342405833303928,-1.9894940853118896
4.554999828338623,0.3231116533279419,-1.9950069189071655
4.559999942779541,0.19716809689998627,-2.0045013427734375
4.565000057220459,-0.18925757706165314,-2.0109331607818604
4.570000171661377,-0.033933624625205994,-2.018054485321045
4.574999809265137,-0.07657931745052338,-2.0239505767822266
4.579999923706055,0.3376590609550476,-2.0334441661834717
4.585000038146973,-0.19004876911640167,-2.0427095890045166
4.590000152587891,0.052352018654346466,-2.0472252368927
4.59499979019165,-0.31335821747779846,-2.052739381790161
4.599999904632568,0.7045656442642212,-2.060778856277466
4.605000019073486,-0.8294081091880798,-2.062995195388794
4.610000133514404,0.6130396127700806,-2.063840866088867
4.614999771118164,-0.40043726563453674,-2.0728812217712402
4.619999885559082,0.27724191546440125,-2.082373857498169
4.625,0.23957638442516327,-2.089031219482422
4.630000114440918,-0.10041283071041107,-2.0934743881225586
4.635000228881836,0.10575544834136963,-2.100597858428955
4.639999866485596,0.10193707048892975,-2.1077897548675537
4.644999980926514,-0.09611163288354874,-2.1126139163970947
4.650000095367432,0.07299166917800903,-2.118285894393921
4.65500020980835,-0.03873826935887337,-2.1267051696777344
4.659999847412109,0.4139435589313507,-2.1349010467529297
4.664999961853027,-0.1638578474521637,-2.1399478912353516
4.670000076293945,0.12841209769248962,-2.1477649211883545
4.675000190734863,-0.05836847797036171,-2.1564979553222656
4.679999828338623,0.37819573283195496,-2.1635305881500244
4.684999942779541,-0.33012571930885315,-2.1672823429107666
4.690000057220459,0.29084911942481995,-2.1701836585998535
4.695000171661377,-0.2659965753555298,-2.174407958984375
4.699999809265137,0.2864735722541809,-2.1793901920318604
4.704999923706055,-0.07801856845617294,-2.1858835220336914
4.710000038146973,0.12493853271007538,-2.191023588180542
4.715000152587891,0.023424655199050903,-2.1956892013549805
4.71999979019165,0.010892784222960472,-2.2001357078552246
4.724999904632568,-0.047429319471120834,-2.2051782608032227
4.730000019073486,0.3559589385986328,-2.2096245288848877
4.735000133514404,-0.2106674462556839,-2.213535785675049
4.739999771118164,0.04853034391999245,-2.221198558807373
4.744999885559082,-0.012452024035155773,-2.2276880741119385
4.75,0.17713195085525513,-2.2299914360046387
4.755000114440918,-0.17699582874774933,-2.2342796325683594
4.760000228881836,0.25497278571128845,-2.24033522605896
4.764999866485596,-0.22196504473686218,-2.245695114135742
4.769999980926514,0.2840539813041687,-2.2514307498931885
4.775000095367432,-0.02022860199213028,-2.2555582523345947
4.78000020980835,-0.018080951645970345,-2.256094455718994
4.784999847412109,-0.001387005322612822,-2.2600066661834717
4.789999961853027,0.22522658109664917,-2.2672958374023438
4.795000076293945,-0.05931423604488373,-2.272869825363159
4.800000190734863,0.18755775690078735,-2.2759246826171875
4.804999828338623,0.010034611448645592,-2.280909776687622
4.809999942779541,-0.08627317100763321,-2.2835898399353027
4.815000057220459,0.0260735135525465,-2.287341833114624
4.820000171661377,-0.103150375187397,-2.2932372093200684
4.824999809265137,0.08635412156581879,-2.2962913513183594
4.829999923706055,0.008409526199102402,-2.297525644302368
4.835000038146973,0.2794951796531677,-2.3016510009765625
4.840000152587891,0.1094350591301918,-2.3037948608398438
4.84499979019165,-0.06028943508863449,-2.304168462753296
4.849999904632568,0.09474597871303558,-2.305403232574463
4.855000019073486,-0.021929867565631866,-2.30824613571167
4.860000133514404,0.023318670690059662,-2.3148410320281982
4.864999771118164,-0.0029451148584485054,-2.321972131729126
4.869999885559082,0.05275902524590492,-2.327913522720337
4.875,0.07300638407468796,-2.332364559173584
4.880000114440918,0.0705098807811737,-2.3350448608398438
4.885000228881836,-0.03143198788166046,-2.337932586669922
4.889999866485596,0.059691403061151505,-2.337932586669922
4.894999980926514,0.034105852246284485,-2.3393335342407227
4.900000095367432,-0.031095631420612335,-2.343621015548706
4.90500020980835,0.16207155585289001,-2.3496813774108887
4.909999847412109,0.025924108922481537,-2.353639841079712
4.914999961853027,0.05498579517006874,-2.3526086807250977
4.920000076293945,0.06314215064048767,-2.349022150039673
4.925000190734863,0.00942152552306652,-2.3481156826019287
4.929999828338623,0.04774724319577217,-2.349684238433838
4.934999942779541,0.02860351651906967,-2.355950117111206
4.940000057220459,0.03004460409283638,-2.359370231628418
4.945000171661377,0.02013178914785385,-2.357762575149536
4.949999809265137,-0.014714122749865055,-2.359370231628418
4.954999923706055,0.05210435763001442,-2.356893539428711
4.960000038146973,-0.004338732920587063,-2.35330867767334
4.965000152587891,0.07255558669567108,-2.354511022567749
4.96999979019165,-0.010486538521945477,-2.3614790439605713
4.974999904632568,0.06335890293121338,-2.3658015727996826
4.980000019073486,0.02557045966386795,-2.3643951416015625
4.985000133514404,0.05921190604567528,-2.3629207611083984
4.989999771118164,0.0016324353637173772,-2.3682801723480225
4.994999885559082,0.07051759958267212,-2.3702566623687744
5,0.019816044718027115,-2.3706247806549072
5.005000114440918,0.04065735265612602,-2.3734726905822754
5.010000228881836,0.07015769928693771,-2.3749122619628906
5.014999866485596,0.04142426326870918,-2.3718957901000977
5.019999980926514,0.04193210229277611,-2.367607831954956
5.025000095367432,0.03412829712033272,-2.364560842514038
5.03000020980835,0.015026158653199673,-2.3613452911376953
5.034999847412109,0.06848256289958954,-2.360809087753296
5.039999961853027,0.05887040123343468,-2.360780715942383
5.045000076293945,0.02831537090241909,-2.3650684356689453
5.050000190734863,0.025802668184041977,-2.368481159210205
5.054999828338623,0.029506217688322067,-2.364220380783081
5.059999942779541,0.04543767124414444,-2.356546640396118
5.065000057220459,-0.001837803632952273,-2.3529391288757324
5.070000171661377,0.05232074111700058,-2.354351282119751
5.074999809265137,0.1473419964313507,-2.3579328060150146
5.079999923706055,0.03629361093044281,-2.359370231628418
5.085000038146973,-0.025945844128727913,-2.3604419231414795
5.090000152587891,0.054610803723335266,-2.356884479522705
5.09499979019165,-0.003689211094751954,-2.350475311279297
5.099999904632568,0.009640480391681194,-2.3418776988983154
5.105000019073486,-0.0953679159283638,-2.33439564704895
5.110000133514404,-0.08675819635391235,-2.327578067779541
5.114999771118164,0.0039651840925216675,-2.3293368816375732
5.119999885559082,0.6081554889678955,-2.335960626602173
5.125,-0.03939955681562424,-2.332056760787964
5.130000114440918,-0.07428667694330215,-2.325624942779541
5.135000228881836,-0.1751304417848587,-2.321146249771118
5.139999866485596,-0.1941913664340973,-2.3165132999420166
5.144999980926514,0.12018322944641113,-2.311861991882324
5.150000095367432,0.23999591171741486,-2.3105995655059814
5.15500020980835,0.38799405097961426,-2.3077468872070312
5.159999847412109,-0.02543763816356659,-2.3041844367980957
5.164999961853027,-0.11863361299037933,-2.2988243103027344
5.170000076293945,-0.07210149616003036,-2.289365768432617
5.175000190734863,-0.21841751039028168,-2.281137466430664
5.179999828338623,0.2671627700328827,-2.2754154205322266
5.184999942779541,0.4393812119960785,-2.2698819637298584
5.190000057220459,-0.21286404132843018,-2.2661166191101074
5.195000171661377,-0.19615168869495392,-2.2636239528656006
5.199999809265137,0.1586075723171234,-2.2595226764678955
5.204999923706055,0.24397142231464386,-2.249164342880249
5.210000038146973,-0.019312648102641106,-2.238619565963745
5.215000152587891,-0.10261162370443344,-2.232713222503662
5.21999979019165,0.2653028964996338,-2.231816530227661
5.224999904632568,-0.5427361726760864,-2.229681968688965
5.230000019073486,0.4519263207912445,-2.2230746746063232
5.235000133514404,0.028109300881624222,-2.2111074924468994
5.239999771118164,-0.011105514131486416,-2.2009239196777344
5.244999885559082,-0.047921694815158844,-2.1932363510131836
5.25,0.13271178305149078,-2.1868045330047607
5.255000114440918,-0.21957632899284363,-2.1793010234832764
5.260000228881836,0.18375447392463684,-2.17518949508667
5.264999866485596,0.11902330070734024,-2.170365571975708
5.269999980926514,-0.132430300116539,-2.161618232727051
5.275000095367432,0.16142645478248596,-2.1510753631591797
5.28000020980835,0.2746630012989044,-2.138570547103882
5.284999847412109,-0.06020553037524223,-2.128383159637451
5.289999961853027,0.10669644176959991,-2.122307062149048
5.295000076293945,0.22910383343696594,-2.120701313018799
5.300000190734863,-0.2868010699748993,-2.1114115715026855
5.304999828338623,0.11382751911878586,-2.0983688831329346
5.309999942779541,0.2972872853279114,-2.092116117477417
5.315000057220459,-0.15147539973258972,-2.08604097366333
5.320000171661377,0.018321964889764786,-2.0731780529022217
5.324999809265137,-0.12287334352731705,-2.0601353645324707
5.329999923706055,0.41264012455940247,-2.0503106117248535
5.335000038146973,-0.16900691390037537,-2.0453076362609863
5.340000152587891,-0.3046148419380188,-2.038160800933838
5.34499979019165,0.5438390970230103,-2.028512954711914
5.349999904632568,-0.2222270369529724,-2.0154669284820557
5.355000019073486,0.2549477219581604,-2.0004591941833496
5.360000133514404,0.005696249660104513,-1.986171841621399
5.364999771118164,0.2954910397529602,-1.9759882688522339
5.369999885559082,-0.1891677975654602,-1.9706281423568726
5.375,-0.07135850191116333,-1.9611611366271973
5.380000114440918,0.5171999335289001,-1.9509717226028442
5.385000228881836,-0.4075948894023895,-1.938999056816101
5.389999866485596,-0.20100411772727966,-1.9223839044570923
5.394999980926514,0.44541898369789124,-1.9123884439468384
5.400000095367432,-0.33396947383880615,-1.9064925909042358
5.40500020980835,0.220353901386261,-1.8982715606689453
5.409999847412109,-0.18451663851737976,-1.8916670083999634
5.414999961853027,0.643839418888092,-1.887732982635498
5.420000076293945,-0.18398819863796234,-1.8807653188705444
5.425000190734863,-0.2607850134372711,-1.8745157718658447
5.429999828338623,0.41982054710388184,-1.8671836853027344
5.434999942779541,-0.10060898214578629,-1.860568881034851
5.440000057220459,0.4180751144886017,-1.8498616218566895
5.445000171661377,-0.29453903436660767,-1.8407249450683594
5.449999809265137,0.5253294110298157,-1.826435923576355
5.454999923706055,0.22905123233795166,-1.811259150505066
5.460000038146973,-0.5533835291862488,-1.79874849319458
5.465000152587891,0.21372732520103455,-1.7878448963165283
5.46999979019165,0.02033897116780281,-1.7732049226760864
5.474999904632568,0.12946897745132446,-1.760157823562622
5.480000019073486,-0.2539847195148468,-1.7503418922424316
5.485000133514404,0.06122780591249466,-1.7396055459976196
5.489999771118164,1.09483802318573,-1.7263902425765991
5.494999885559082,-0.4444448947906494,-1.710662841796875
5.5,-0.1372518092393875,-1.694934606552124
5.505000114440918,0.3406880497932434,-1.6826250553131104
5.510000228881836,0.03952063247561455,-1.6717398166656494
5.514999866485596,0.1034003272652626,-1.664401650428772
5.519999980926514,-0.28232693672180176,-1.652610182762146
5.525000095367432,0.21479161083698273,-1.637747049331665
5.53000020980835,-0.13036803901195526,-1.620080590248108
5.534999847412109,0.17585648596286774,-1.6000639200210571
5.539999961853027,-0.34309181571006775,-1.5882937908172607
5.545000076293945,0.3653245270252228,-1.5816981792449951
5.550000190734863,-0.24327002465724945,-1.5704197883605957
5.554999828338623,0.7230933308601379,-1.5552258491516113
5.559999942779541,-0.31483346223831177,-1.542548656463623
5.565000057220459,0.26599693298339844,-1.5287753343582153
5.570000171661377,-0.3142991065979004,-1.5121597051620483
5.574999809265137,0.27292126417160034,-1.4982757568359375
5.579999923706055,-0.7196193933486938,-1.4920053482055664
5.585000038146973,0.35861554741859436,-1.483750820159912
5.590000152587891,0.5280412435531616,-1.464991807937622
5.59499979019165,0.1500663012266159,-1.4458847045898438
5.599999904632568,-0.16057123243808746,-1.4310369491577148
5.605000019073486,0.19615499675273895,-1.415710210800171
5.610000133514404,-0.38552406430244446,-1.4031943082809448
5.614999771118164,0.7971334457397461,-1.3903307914733887
5.619999885559082,-0.043526291847229004,-1.377656102180481
5.625,-0.4982373118400574,-1.3678193092346191
5.630000114440918,0.8312513828277588,-1.3556807041168213
5.635000228881836,-0.09462232142686844,-1.3402953147888184
5.639999866485596,-0.1664595901966095,-1.3223861455917358
5.644999980926514,0.28469136357307434,-1.3043845891952515
5.650000095367432,-0.23536977171897888,-1.2886850833892822
5.65500020980835,-0.04228539392352104,-1.275977611541748
5.659999847412109,0.38747814297676086,-1.2654474973678589
5.664999961853027,-0.14455699920654297,-1.2509760856628418
5.670000076293945,0.13501624763011932,-1.2361239194869995
5.675000190734863,-0.0817706435918808,-1.2196990251541138
5.679999828338623,0.0743246078491211,-1.202166199684143
5.684999942779541,0.7821694612503052,-1.186468243598938
5.690000057220459,0.05720822513103485,-1.171460747718811
5.695000171661377,-0.1266457438468933,-1.1566447019577026
5.699999809265137,0.7109515070915222,-1.1450444459915161
5.704999923706055,-0.3466978371143341,-1.1317977905273438
5.710000038146973,-0.2805049419403076,-1.1160626411437988
5.715000152587891,-0.004043212626129389,-1.0990631580352783
5.71999979019165,0.08373432606458664,-1.0714961290359497
5.724999904632568,-0.7366092205047607,-1.0424017906188965
5.730000019073486,-0.8941065073013306,-1.0286309719085693
5.735000133514404,-0.27424898743629456,-1.0279024839401245
5.739999771118164,-0.9698909521102905,-1.0213860273361206
5.744999885559082,1.4977625608444214,-1.0047706365585327
5.75,-0.5746369957923889,-0.9884981513023376
5.755000114440918,0.15750323235988617,-0.973683774471283
5.760000228881836,0.17395944893360138,-0.9576044678688049
5.764999866485596,-0.06461343169212341,-0.9454701542854309
5.769999980926514,0.703542172908783,-0.9315347671508789
5.775000095367432,-0.1577722132205963,-0.9183294177055359
5.78000020980835,-0.124346062541008,-0.9074155688285828
5.784999847412109,-0.19189903140068054,-0.8943576216697693
5.789999961853027,0.14578500390052795,-0.8770119547843933
5.795000076293945,0.3239694833755493,-0.8627346158027649
5.800000190734863,0.5204917192459106,-0.8517220616340637
5.804999828338623,-0.4786832630634308,-0.8398820757865906
5.809999942779541,0.20395511388778687,-0.8266280889511108
5.815000057220459,-0.43402019143104553,-0.813814103603363
5.820000171661377,0.5912216305732727,-0.8014867901802063
5.824999809265137,0.2163916975259781,-0.7864287495613098
5.829999923706055,-0.4138530492782593,-0.7706891894340515
5.835000038146973,0.6284194588661194,-0.7573931813240051
5.840000152587891,-0.6882429718971252,-0.7480856776237488
5.84499979019165,0.5163513422012329,-0.7371167540550232
5.849999904632568,-0.001092584221623838,-0.7232344746589661
5.855000019073486,0.15285462141036987,-0.7125146985054016
5.860000133514404,-0.24808269739151,-0.6989187598228455
5.864999771118164,0.22663496434688568,-0.687126874923706
5.869999885559082,-0.1547255665063858,-0.67914217710495
5.875,0.21957668662071228,-0.6676337122917175
5.880000114440918,-0.10404902696609497,-0.6532189249992371
5.885000228881836,-0.0957660973072052,-0.645179033279419
5.889999866485596,0.010347407311201096,-0.6374772787094116
5.894999980926514,0.5567253232002258,-0.6229480504989624
5.900000095367432,-0.1450004279613495,-0.6076025366783142
5.90500020980835,0.36010003089904785,-0.5926543474197388
5.909999847412109,0.2909749448299408,-0.5878299474716187
5.914999961853027,-0.34803444147109985,-0.5805246829986572
5.920000076293945,-0.36018797755241394,-0.5657946467399597
5.925000190734863,1.212630271911621,-0.5552734732627869
5.929999828338623,-0.16247785091400146,-0.5431450605392456
5.934999942779541,-0.16832096874713898,-0.5306183099746704
5.940000057220459,0.4801279902458191,-0.5217683911323547
5.945000171661377,0.026951242238283157,-0.5162090063095093
5.949999809265137,-0.2214413583278656,-0.5075697898864746
5.954999923706055,0.5000842809677124,-0.49490630626678467
5.960000038146973,-0.6473467946052551,-0.48545873165130615
5.965000152587891,0.6026450991630554,-0.4746740758419037
5.96999979019165,0.07013817876577377,-0.4611395299434662
5.974999904632568,-0.16367937624454498,-0.45115652680397034
5.980000019073486,0.23256967961788177,-0.44258078932762146
5.985000133514404,0.04686551168560982,-0.435813844203949
5.989999771118164,-0.41075265407562256,-0.4277743995189667
5.994999885559082,0.37496358156204224,-0.41859471797943115
6,0.005039013922214508,-0.40445780754089355
6.005000114440918,-0.0019378954311832786,-0.39199742674827576
6.010000228881836,-0.30710622668266296,-0.38838422298431396
6.014999866485596,0.25670090317726135,-0.38670647144317627
6.019999980926514,-0.04747457802295685,-0.38020411133766174
6.025000095367432,0.662842869758606,-0.37169942259788513
6.03000020980835,-0.12035363912582397,-0.36580389738082886
6.034999847412109,0.19469180703163147,-0.35909730195999146
6.039999961853027,-0.22911086678504944,-0.3462337255477905
6.045000076293945,-0.13345663249492645,-0.33686205744743347
6.050000190734863,0.2930905818939209,-0.33129915595054626
6.054999828338623,-0.10631444305181503,-0.3244604766368866
6.059999942779541,-0.1509322226047516,-0.3159593641757965
6.065000057220459,0.3926827609539032,-0.3103959262371063
6.070000171661377,0.2629583775997162,-0.3010047674179077
6.074999809265137,-0.3645642399787903,-0.2872731685638428
6.079999923706055,-0.035450175404548645,-0.2773703336715698
6.085000038146973,0.2324596345424652,-0.2748945653438568
6.090000152587891,-0.26975277066230774,-0.2727506458759308
6.09499979019165,0.27964791655540466,-0.2665722370147705
6.099999904632568,0.24702690541744232,-0.2560575604438782
6.105000019073486,0.022184859961271286,-0.247686967253685
6.110000133514404,-0.01064955722540617,-0.2417910397052765
6.114999771118164,0.273514062166214,-0.23482336103916168
6.119999885559082,-0.16727033257484436,-0.22999925911426544
6.125,-0.02701929584145546,-0.22505086660385132
6.130000114440918,-0.24433279037475586,-0.22162917256355286
6.135000228881836,0.25387096405029297,-0.2182070016860962
6.139999866485596,0.3810054063796997,-0.2076113075017929
6.144999980926514,-0.10950720310211182,-0.19635578989982605
6.150000095367432,0.41103529930114746,-0.18819299340248108
6.15500020980835,-0.4661719501018524,-0.1830398142337799
6.159999847412109,0.19271418452262878,-0.17949482798576355
6.164999961853027,0.14704136550426483,-0.17640072107315063
6.170000076293945,0.16418719291687012,-0.17091943323612213
6.175000190734863,-0.18587234616279602,-0.1667528748512268
6.179999828338623,0.05790257081389427,-0.1624646633863449
6.184999942779541,0.4728761911392212,-0.15207380056381226
6.190000057220459,-0.2168211191892624,-0.14531375467777252
6.195000171661377,0.31660208106040955,-0.14069780707359314
6.199999809265137,-0.2816774249076843,-0.13405804336071014
6.204999923706055,0.09655579924583435,-0.12944243848323822
6.210000038146973,0.17191629111766815,-0.12899592518806458
6.215000152587891,-0.11200814694166183,-0.1272980123758316
6.21999979019165,-0.09156501293182373,-0.12098448723554611
6.224999904632568,0.27003610134124756,-0.11517982929944992
6.230000019073486,0.3526822626590729,-0.11336247622966766
6.235000133514404,-0.2372131198644638,-0.10982000827789307
6.239999771118164,0.04726405441761017,-0.10585873574018478
6.244999885559082,0.2614705264568329,-0.10007943212985992
6.25,0.004240080248564482,-0.09555907547473907
6.255000114440918,0.11432725191116333,-0.09886904060840607
6.260000228881836,-0.060745760798454285,-0.10178002715110779
6.264999866485596,0.16882142424583435,-0.09653561562299728
6.269999980926514,0.01066609751433134,-0.08935727179050446
6.275000095367432,0.1094450056552887,-0.08537616580724716
6.28000020980835,-0.21032556891441345,-0.08430436998605728
6.284999847412109,0.20366217195987701,-0.0831349715590477
6.289999961853027,0.1401306837797165,-0.07488415390253067
6.295000076293945,0.09280809015035629,-0.06598404794931412
6.300000190734863,0.03698250651359558,-0.06265509873628616
6.304999828338623,0.12556007504463196,-0.06051116809248924
6.309999942779541,-0.015327207744121552,-0.0600750558078289
6.315000057220459,-0.0962606891989708,-0.0636148452758789
6.320000171661377,-0.11491239815950394,-0.06640587747097015
6.324999809265137,-0.04296988993883133,-0.05976225435733795
6.329999923706055,0.3113131821155548,-0.05493849888443947
6.335000038146973,0.23718217015266418,-0.05536351725459099
6.340000152587891,-0.007960218004882336,-0.05589941889047623
6.34499979019165,0.06928700953722,-0.051934950053691864
6.349999904632568,0.0708819180727005,-0.050326909869909286
6.355000019073486,0.05784515663981438,-0.05418252572417259
6.360000133514404,0.07855250686407089,-0.053755827248096466
6.364999771118164,0.07321356981992722,-0.0540778674185276
6.369999885559082,0.005062929820269346,-0.0532197579741478
6.375,-0.011575080454349518,-0.05032607540488243
6.380000114440918,0.0831260085105896,-0.04946829751133919
6.385000228881836,0.01856411062180996,-0.0497896745800972
6.389999866485596,0.14336024224758148,-0.04710984602570534
6.394999980926514,0.06423583626747131,-0.04367925599217415
6.400000095367432,-0.0036034686490893364,-0.038640473037958145
6.40500020980835,-0.018935078755021095,-0.03317498043179512
6.409999847412109,0.028952013701200485,-0.03489254042506218
6.414999961853027,0.03898516297340393,-0.03660573437809944
6.420000076293945,0.03208737075328827,-0.03381503373384476
6.425000190734863,0.08643138408660889,-0.030174454674124718
6.429999828338623,-0.009473802521824837,-0.029638558626174927
6.434999942779541,0.011752432212233543,-0.030174454674124718
6.440000057220459,0.152903214097023,-0.03146262839436531
6.445000171661377,0.11891695111989975,-0.032101672142744064
6.449999809265137,0.21743492782115936,-0.028885947540402412
6.454999923706055,0.13160890340805054,-0.02781381458044052
6.460000038146973,0.025477726012468338,-0.02674168162047863
6.465000152587891,0.10930000245571136,-0.024061856791377068
6.46999979019165,-0.029775988310575485,-0.022671209648251534
6.474999904632568,0.14990881085395813,-0.020845962688326836
6.480000019073486,0.06075861304998398,-0.02181696519255638
6.485000133514404,0.07856208086013794,-0.024178780615329742
6.489999771118164,-0.04127635434269905,-0.026204776018857956
6.494999885559082,0.14841507375240326,-0.025033194571733475
6.5,0.1282876878976822,-0.026641223579645157
6.505000114440918,0.025373579934239388,-0.02932105027139187
6.510000228881836,0.0801820158958435,-0.02866520546376705
6.514999866485596,0.040421828627586365,-0.025132140144705772
6.519999980926514,0.07626134157180786,-0.022988211363554
6.525000095367432,0.08023868501186371,-0.022671209648251534
6.53000020980835,0.09232748299837112,-0.0208441149443388
6.534999847412109,0.11039186269044876,-0.018700189888477325
6.539999961853027,0.054519906640052795,-0.01891958713531494
6.545000076293945,0.11698532104492188,-0.017847789451479912
6.550000190734863,0.05188613384962082,-0.01677599363029003
6.554999828338623,0.10592544823884964,-0.01967572420835495
6.559999942779541,0.019076736643910408,-0.02128375507891178
6.565000057220459,0.08757476508617401,-0.022891784086823463
6.570000171661377,0.007260994985699654,-0.026643406599760056
6.574999809265137,0.03904625028371811,-0.027936449274420738
6.579999923706055,0.03466484323143959,-0.028660502284765244
6.585000038146973,0.034920234233140945,-0.02825177274644375
6.590000152587891,0.07810650020837784,-0.028566593304276466
6.59499979019165,0.057511746883392334,-0.02985997125506401
6.599999904632568,0.050563909113407135,-0.030174454674124718
6.605000019073486,0.02876322716474533,-0.03200406953692436
6.610000133514404,0.10408397763967514,-0.03231821581721306
6.614999771118164,-0.0393686443567276,-0.034148164093494415
6.619999885559082,0.13749505579471588,-0.035220298916101456
6.625,0.033621929585933685,-0.03790012747049332
6.630000114440918,-0.02378237433731556,-0.04111585021018982
6.635000228881836,0.011656752787530422,-0.04142915457487106
6.639999866485596,0.3648623526096344,-0.04325994849205017
6.644999980926514,-0.20489057898521423,-0.04562713950872421
6.650000095367432,0.3870490491390228,-0.047324538230895996
6.65500020980835,-0.23193305730819702,-0.04991533234715462
6.659999847412109,-0.08825264126062393,-0.05505121871829033
6.664999961853027,-0.0602106899023056,-0.05429172143340111
6.670000076293945,0.3614509403705597,-0.055275823920965195
6.675000190734863,0.13296644389629364,-0.062243178486824036
6.679999828338623,-0.023371687158942223,-0.06492333859205246
6.684999942779541,-0.0038054920732975006,-0.0692111998796463
6.690000057220459,-0.13454702496528625,-0.07349904626607895
6.695000171661377,0.30657851696014404,-0.07488247752189636
6.699999809265137,0.015531045384705067,-0.07970589399337769
6.704999923706055,0.0005604561883956194,-0.08497987687587738
6.710000038146973,0.2664904296398163,-0.08926806598901749
6.715000152587891,-0.41296687722206116,-0.09569984674453735
6.71999979019165,0.6677126288414001,-0.1032034307718277
6.724999904632568,-0.0076639652252197266,-0.10963521152734756
6.730000019073486,-0.5466903448104858,-0.11262548714876175
6.735000133514404,0.779573917388916,-0.11722295731306076
6.739999771118164,0.12848055362701416,-0.1245599016547203
6.744999885559082,-0.9316311478614807,-0.13550615310668945
6.75,1.0512796640396118,-0.14867882430553436
6.755000114440918,-0.6038848757743835,-0.15389451384544373
6.760000228881836,0.32132571935653687,-0.15818236768245697
6.764999866485596,0.265074759721756,-0.1674393117427826
6.769999980926514,-0.03948197513818741,-0.1773146092891693
6.775000095367432,0.008677437901496887,-0.1881152093410492
6.78000020980835,0.6467186212539673,-0.2014337182044983
6.784999847412109,-0.26765552163124084,-0.21322549879550934
6.789999961853027,-0.06594961881637573,-0.22241739928722382
6.795000076293945,-0.07446220517158508,-0.23390090465545654
6.800000190734863,0.3198511302471161,-0.24798546731472015
6.804999828338623,0.48677849769592285,-0.2580988109111786
6.809999942779541,0.11866891384124756,-0.2656024098396301
6.815000057220459,-0.08791850507259369,-0.2767013907432556
6.820000171661377,0.11488919705152512,-0.28742170333862305
6.824999809265137,-0.4332198202610016,-0.3028130531311035
6.829999923706055,0.64891117811203,-0.31743618845939636
6.835000038146973,0.017245568335056305,-0.3232569694519043
6.840000152587891,0.2131819725036621,-0.3309137523174286
6.84499979019165,-0.20855030417442322,-0.34262925386428833
6.849999904632568,0.1536749005317688,-0.3574821949005127
6.855000019073486,0.3271290957927704,-0.3707304894924164
6.860000133514404,-0.35971105098724365,-0.38390013575553894
6.864999771118164,0.2410321831703186,-0.3963773250579834
6.869999885559082,-0.27311959862709045,-0.4054143726825714
6.875,0.24877603352069855,-0.4165959656238556
6.880000114440918,0.17293046414852142,-0.4329800009727478
6.885000228881836,0.38542693853378296,-0.44607487320899963
6.889999866485596,-0.02530883438885212,-0.4600106179714203
6.894999980926514,-0.30676135420799255,-0.4755540192127228
6.900000095367432,-0.01534595713019371,-0.488794207572937
6.90500020980835,0.2986293435096741,-0.49706602096557617
6.909999847412109,0.33049148321151733,-0.5082499980926514
6.914999961853027,-0.3758203089237213,-0.5261693000793457
6.920000076293945,0.5146306157112122,-0.5407122373580933
6.925000190734863,0.18630361557006836,-0.5533431172370911
6.929999828338623,0.04447939619421959,-0.5652971267700195
6.934999942779541,0.415964275598526,-0.5803748965263367
6.940000057220459,0.3335183262825012,-0.5961511135101318
6.945000171661377,0.10871009528636932,-0.6098535060882568
6.949999809265137,-1.0964534282684326,-0.6213428378105164
6.954999923706055,0.698326587677002,-0.6353471279144287
6.960000038146973,0.20572629570960999,-0.6515913009643555
6.965000152587891,-0.47676336765289307,-0.66552734375
6.96999979019165,0.5690909028053284,-0.6809044480323792
6.974999904632568,0.0358005054295063,-0.6969159245491028
6.980000019073486,-0.0005475893267430365,-0.7097797989845276
6.985000133514404,-0.9248514771461487,-0.7200307846069336
6.989999771118164,0.5108736157417297,-0.7357421517372131
6.994999885559082,-0.13837754726409912,-0.7549713850021362
7,0.3134601414203644,-0.7709475159645081
7.005000114440918,0.31379762291908264,-0.7840460538864136
7.010000228881836,-0.6611717939376831,-0.7966092824935913
7.014999866485596,0.4113628566265106,-0.8090017437934875
7.019999980926514,0.24576210975646973,-0.823108434677124
7.025000095367432,-0.13275189697742462,-0.840859591960907
7.03000020980835,0.8525773882865906,-0.8531873226165771
7.034999847412109,-0.48614293336868286,-0.8656882047653198
7.039999961853027,-0.16723495721817017,-0.883438766002655
7.045000076293945,-0.029466843232512474,-0.8995804786682129
7.050000190734863,0.5451532602310181,-0.91053706407547
7.054999828338623,-0.34756410121917725,-0.9262552857398987
7.059999942779541,0.01730409450829029,-0.9420980215072632
7.065000057220459,-0.5406360030174255,-0.9574655294418335
7.070000171661377,0.785287618637085,-0.9708038568496704
7.074999809265137,-0.31361791491508484,-0.9861095547676086
7.079999923706055,0.4650852680206299,-0.9986750483512878
7.085000038146973,-0.7417254447937012,-1.0133848190307617
7.090000152587891,0.634469747543335,-1.0326799154281616
7.09499979019165,-0.2240501195192337,-1.0466750860214233
7.099999904632568,-0.02617066353559494,-1.0574537515640259
7.105000019073486,-0.19303877651691437,-1.0699609518051147
7.110000133514404,0.6784592866897583,-1.0857433080673218
7.114999771118164,0.4286271333694458,-1.1010479927062988
7.119999885559082,-0.5252322554588318,-1.113194227218628
7.125,0.46154770255088806,-1.126478672027588
7.130000114440918,-0.19962671399116516,-1.1427979469299316
7.135000228881836,-0.14835068583488464,-1.16375732421875
7.139999866485596,0.18703334033489227,-1.1795406341552734
7.144999980926514,0.21006575226783752,-1.1884692907333374
7.150000095367432,-0.029937896877527237,-1.2021640539169312
7.15500020980835,0.04414052516222,-1.215452790260315
7.159999847412109,0.15035851299762726,-1.228076457977295
7.164999961853027,0.29791098833084106,-1.2436741590499878
7.170000076293945,0.09894596040248871,-1.255947470664978
7.175000190734863,0.10145354270935059,-1.268811583518982
7.179999828338623,0.2582487165927887,-1.2851853370666504
7.184999942779541,-0.7649452686309814,-1.3015058040618896
7.190000057220459,1.0648056268692017,-1.3122261762619019
7.195000171661377,-0.6230128407478333,-1.3264559507369995
7.199999809265137,0.42466238141059875,-1.343018889427185
7.204999923706055,-0.252914160490036,-1.3573004007339478
7.210000038146973,0.38294321298599243,-1.3711838722229004
7.215000152587891,-0.2691194415092468,-1.3858979940414429
7.21999979019165,0.03671647608280182,-1.3993488550186157
7.224999904632568,0.2902599573135376,-1.411969542503357
7.230000019073486,-0.14593401551246643,-1.4266334772109985
7.235000133514404,0.16743957996368408,-1.439304232597351
7.239999771118164,-0.07048706710338593,-1.4495373964309692
7.244999885559082,-0.24154554307460785,-1.4599148035049438
7.25,0.37073636054992676,-1.4719501733779907
7.255000114440918,-0.37478986382484436,-1.4888089895248413
7.260000228881836,0.48086807131767273,-1.5020133256912231
7.264999866485596,-0.25993192195892334,-1.5135606527328491
7.269999980926514,0.17996041476726532,-1.523940920829773
7.275000095367432,-0.30965057015419006,-1.5342193841934204
7.28000020980835,0.1447630673646927,-1.54591703414917
7.284999847412109,-0.23224034905433655,-1.5603885650634766
7.289999961853027,0.3850788176059723,-1.5714459419250488
7.295000076293945,-0.16006599366664886,-1.5845081806182861
7.300000190734863,0.3253825604915619,-1.598198652267456
7.304999828338623,-0.1522975116968155,-1.6063292026519775
7.309999942779541,0.47117602825164795,-1.6155965328216553
7.315000057220459,-0.5380927324295044,-1.6298223733901978
7.320000171661377,0.9416105151176453,-1.6403403282165527
7.324999809265137,-0.5230360627174377,-1.6528258323669434
7.329999923706055,0.6453864574432373,-1.6672974824905396
7.335000038146973,-0.06645525991916656,-1.6784368753433228
7.340000152587891,-0.2285819947719574,-1.6832174062728882
7.34499979019165,-0.06398340314626694,-1.692533016204834
7.349999904632568,0.1381920576095581,-1.7077453136444092
7.355000019073486,-0.08043228834867477,-1.7188800573349
7.360000133514404,0.011667792685329914,-1.726383090019226
7.364999771118164,-0.03762101009488106,-1.73380446434021
7.369999885559082,0.05334561690688133,-1.7406067848205566
7.375,-0.2325538694858551,-1.7371844053268433
7.380000114440918,0.1598900705575943,-1.745885968208313
7.385000228881836,-0.02175026945769787,-1.763126015663147
7.389999866485596,-0.10289130359888077,-1.776763916015625
7.394999980926514,-0.05967671424150467,-1.7890512943267822
7.400000095367432,-0.019374845549464226,-1.7999805212020874
7.40500020980835,0.007243333850055933,-1.811562180519104
7.409999847412109,0.20922964811325073,-1.8087111711502075
7.414999961853027,-0.6837868690490723,-1.8153529167175293
7.420000076293945,0.09857942909002304,-1.8299230337142944
7.425000190734863,-0.5462954640388489,-1.8421138525009155
7.429999828338623,0.45951083302497864,-1.8507261276245117
7.434999942779541,0.5175926089286804,-1.8579434156417847
7.440000057220459,-0.2605387568473816,-1.865696907043457
7.445000171661377,0.3799830377101898,-1.86787748336792
7.449999809265137,-0.18035858869552612,-1.8742737770080566
7.454999923706055,0.12289321422576904,-1.889816164970398
7.460000038146973,0.07664225995540619,-1.8964987993240356
7.465000152587891,-0.04411175474524498,-1.8984274864196777
7.46999979019165,-0.014696819707751274,-1.9080744981765747
7.474999904632568,0.34395474195480347,-1.9145058393478394
7.480000019073486,-0.43941837549209595,-1.9112910032272339
7.485000133514404,0.5286017060279846,-1.920084834098816
7.489999771118164,-0.8399060368537903,-1.9417088031768799
7.494999885559082,0.7948352694511414,-1.9573177099227905
7.5,-0.04268834739923477,-1.9619548320770264
7.505000114440918,-0.07986259460449219,-1.9638464450836182
7.510000228881836,0.49254652857780457,-1.9704984426498413
7.514999866485596,-0.0745861753821373,-1.9710662364959717
7.519999980926514,0.0733269602060318,-1.974503993988037
7.525000095367432,-0.28640031814575195,-1.9950315952301025
7.53000020980835,0.41291797161102295,-2.008805274963379
7.534999847412109,-0.3709494173526764,-2.0126171112060547
7.539999961853027,0.9088320732116699,-2.02138614654541
7.545000076293945,-0.3707904517650604,-2.028130054473877
7.550000190734863,-0.3282540738582611,-2.0265800952911377
7.554999828338623,0.4100446105003357,-2.0304999351501465
7.559999942779541,0.20139087736606598,-2.047820568084717
7.565000057220459,0.05717244744300842,-2.0648293495178223
7.570000171661377,0.31225454807281494,-2.0694265365600586
7.574999809265137,-0.26874592900276184,-2.073378562927246
7.579999923706055,0.32749930024147034,-2.08251690864563
7.585000038146973,-0.2743763029575348,-2.088158130645752
7.590000152587891,-0.38531872630119324,-2.091373920440674
7.59499979019165,0.6814979314804077,-2.0993618965148926
7.599999904632568,-0.3949010372161865,-2.113042116165161
7.605000019073486,0.24728304147720337,-2.1221790313720703
7.610000133514404,0.040732063353061676,-2.123812198638916
7.614999771118164,0.14326457679271698,-2.1267478466033936
7.619999885559082,0.02827342040836811,-2.133179187774658
7.625,-0.07886644452810287,-2.1366515159606934
7.630000114440918,-0.05242416262626648,-2.144667625427246
7.635000228881836,0.22963963449001312,-2.159115791320801
7.639999866485596,0.2997024357318878,-2.1693453788757324
7.644999980926514,-0.017408614978194237,-2.173912763595581
7.650000095367432,-0.022066030651330948,-2.1784794330596924
7.65500020980835,-0.10310070216655731,-2.181673765182495
7.659999847412109,0.25556525588035583,-2.1867763996124268
7.664999961853027,-0.1243070662021637,-2.1947736740112305
7.670000076293945,0.06863012164831161,-2.208193778991699
7.675000190734863,0.22766129672527313,-2.2133162021636963
7.679999828338623,-0.03420008346438408,-2.210934638977051
7.684999942779541,-0.18579691648483276,-2.2127609252929688
7.690000057220459,0.03760331869125366,-2.2189154624938965
7.695000171661377,0.2926787734031677,-2.226179361343384
7.699999809265137,-0.22735881805419922,-2.228304862976074
7.704999923706055,0.1419423371553421,-2.236603260040283
7.710000038146973,0.10023249685764313,-2.2446610927581787
7.715000152587891,0.09485307335853577,-2.247082233428955
7.71999979019165,0.0062600369565188885,-2.250540018081665
7.724999904632568,0.22785890102386475,-2.2567291259765625
7.730000019073486,-0.3823128938674927,-2.2628839015960693
7.735000133514404,0.48821884393692017,-2.2639565467834473
7.739999771118164,-0.10513831675052643,-2.2717039585113525
7.744999885559082,0.16545827686786652,-2.2826993465423584
7.75,-0.10119300335645676,-2.284353733062744
7.755000114440918,-0.044633615761995316,-2.281658887863159
7.760000228881836,0.0917515680193901,-2.285656452178955
7.764999866485596,0.06482023745775223,-2.290494680404663
7.769999980926514,0.029545960947871208,-2.291292190551758
7.775000095367432,0.3705619275569916,-2.299840211868286
7.78000020980835,-0.16422216594219208,-2.3116579055786133
7.784999847412109,0.1988450437784195,-2.3108739852905273
7.789999961853027,-0.02908010594546795,-2.3111228942871094
7.795000076293945,0.055309634655714035,-2.3167567253112793
7.800000190734863,0.03719741851091385,-2.316232919692993
7.804999828338623,0.11905016750097275,-2.314875602722168
7.809999942779541,0.028375722467899323,-2.3210337162017822
7.815000057220459,0.11592068523168564,-2.3312060832977295
7.820000171661377,0.12097039818763733,-2.337123155593872
7.824999809265137,0.07072221487760544,-2.337932586669922
7.829999923706055,-0.12193678319454193,-2.3392674922943115
7.835000038146973,0.06595660746097565,-2.340076446533203
7.840000152587891,0.007817776873707771,-2.339540481567383
7.84499979019165,0.007316196337342262,-2.342738389968872
7.849999904632568,0.030450139194726944,-2.352921485900879
7.855000019073486,0.060072287917137146,-2.3585622310638428
7.860000133514404,-0.03751759976148605,-2.357762336730957
7.864999771118164,0.030679404735565186,-2.359370231628418
7.869999885559082,0.036953799426555634,-2.3574979305267334
7.875,0.011816099286079407,-2.3534820079803467
7.880000114440918,0.07949717342853546,-2.3556056022644043
7.885000228881836,0.05027318745851517,-2.3671257495880127
7.889999866485596,0.015885071828961372,-2.3743703365325928
7.894999980926514,0.045290473848581314,-2.3738460540771484
7.900000095367432,0.011345424689352512,-2.3708953857421875
7.90500020980835,0.10944683849811554,-2.3655409812927246
7.909999847412109,0.09999366104602814,-2.360982656478882
7.914999961853027,0.04937821254134178,-2.3593661785125732
7.920000076293945,0.018974797800183296,-2.3674018383026123
7.925000190734863,0.024396909400820732,-2.371696949005127
7.929999828338623,0.042638663202524185,-2.369556188583374
7.934999942779541,0.06599856168031693,-2.3703525066375732
7.940000057220459,0.04861351102590561,-2.377589464187622
7.945000171661377,0.05014291778206825,-2.373577833175659
7.949999809265137,0.012265423312783241,-2.36392879486084
7.954999923706055,0.05472930148243904,-2.365530014038086
7.960000038146973,-0.001780763384886086,-2.374911308288574
7.965000152587891,0.06587491184473038,-2.373037815093994
7.96999979019165,0.022905772551894188,-2.367677688598633
7.974999904632568,0.01446459162980318,-2.368480920791626
7.980000019073486,0.017545487731695175,-2.3674092292785645
7.985000133514404,0.021309390664100647,-2.3623173236846924
7.989999771118164,0.05347110331058502,-2.362854242324829
7.994999885559082,0.005203505977988243,-2.3692879676818848
8,0.010588816367089748,-2.373840570449829
8.005000114440918,0.02650260552763939,-2.3722310066223145
8.010000228881836,0.027023691684007645,-2.3687479496002197
8.015000343322754,0.061030562967061996,-2.3660683631896973
8.020000457763672,0.057321857661008835,-2.36151123046875
8.024999618530273,0.0785893127322197,-2.3631250858306885
8.029999732971191,0.027681676670908928,-2.3687543869018555
8.03499984741211,0.025715453550219536,-2.369279146194458
8.039999961853027,0.020698878914117813,-2.3631176948547363
8.045000076293945,0.02539198100566864,-2.3585641384124756
8.050000190734863,0.05161270871758461,-2.359370231628418
8.055000305175781,0.072248674929142,-2.358027696609497
8.0600004196167,0.002194738946855068,-2.355618476867676
8.0649995803833,0.03000633232295513,-2.360447883605957
8.069999694824219,0.0741950199007988,-2.3617851734161377
8.074999809265137,-0.014862792566418648,-2.360435724258423
8.079999923706055,0.04820723831653595,-2.3596417903900146
8.085000038146973,0.01756903901696205,-2.3596346378326416
8.09000015258789,0.06295814365148544,-2.356682777404785
8.095000267028809,0.06810241937637329,-2.35024356842041
8.100000381469727,0.07636990398168564,-2.347315549850464
8.104999542236328,0.017103886231780052,-2.3491873741149902
8.109999656677246,-0.007240778300911188,-2.346498489379883
8.114999771118164,0.044874630868434906,-2.3406031131744385
8.119999885559082,0.03142201900482178,-2.340076446533203
8.125,0.13945907354354858,-2.3392674922943115
8.130000114440918,0.04878389462828636,-2.3333616256713867
8.135000228881836,0.020470352843403816,-2.3317747116088867
8.140000343322754,0.04858848825097084,-2.3349902629852295
8.145000457763672,0.029554059728980064,-2.3330976963043213
8.149999618530273,0.005144624970853329,-2.3274643421173096
8.154999732971191,-0.010256171226501465,-2.3242599964141846
8.15999984741211,0.022149166092276573,-2.320234537124634
8.164999961853027,0.09918883442878723,-2.3140645027160645
8.170000076293945,-0.12734675407409668,-2.312756299972534
8.175000190734863,0.17121119797229767,-2.3181159496307373
8.180000305175781,0.2517111897468567,-2.316467761993408
8.1850004196167,-0.09721674770116806,-2.3033156394958496
8.1899995803833,-0.030328359454870224,-2.2945070266723633
8.194999694824219,0.16205941140651703,-2.290219306945801
8.199999809265137,-0.22556811571121216,-2.2848594188690186
8.204999923706055,0.04857413470745087,-2.2827308177948
8.210000038146973,0.12331123650074005,-2.287569761276245
8.21500015258789,0.12558217346668243,-2.2867422103881836
8.220000267028809,-0.1961277574300766,-2.2837862968444824
8.225000381469727,0.35128167271614075,-2.2821948528289795
8.229999542236328,0.26189151406288147,-2.278409242630005
8.234999656677246,-0.4073030352592468,-2.267413377761841
8.239999771118164,0.12340213358402252,-2.2602038383483887
8.244999885559082,0.014486672356724739,-2.2591493129730225
8.25,0.292593777179718,-2.255915641784668
8.255000114440918,0.048601724207401276,-2.2516276836395264
8.260000228881836,-0.39197659492492676,-2.247339963912964
8.265000343322754,0.12423308193683624,-2.2400753498077393
8.270000457763672,0.21654585003852844,-2.2320549488067627
8.274999618530273,0.05376623943448067,-2.2261791229248047
8.279999732971191,-0.3969276547431946,-2.2248287200927734
8.28499984741211,0.09761784970760345,-2.2213551998138428
8.289999961853027,-0.015648839995265007,-2.2154386043548584
8.295000076293945,0.38467103242874146,-2.2068419456481934
8.300000190734863,0.3455938696861267,-2.1990807056427
8.305000305175781,-0.5867224335670471,-2.191599130630493
8.3100004196167,0.3694685697555542,-2.185145139694214
8.3149995803833,0.05096613988280296,-2.1814382076263428
8.319999694824219,-0.10469488054513931,-2.1814382076263428
8.324999809265137,0.05106218531727791,-2.178455352783203
8.329999923706055,0.32706138491630554,-2.1687841415405273
8.335000038146973,-0.15446171164512634,-2.1602325439453125
8.34000015258789,-0.038934770971536636,-2.154872417449951
8.345000267028809,0.10339618474245071,-2.1462719440460205
8.350000381469727,-0.12079892307519913,-2.136929988861084
8.354999542236328,-0.0999704971909523,-2.135066509246826
8.359999656677246,0.25374147295951843,-2.1331775188446045
8.364999771118164,-0.2294887900352478,-2.1232235431671143
8.369999885559082,0.30322933197021484,-2.114928722381592
8.375,-0.20128050446510315,-2.107706069946289
8.380000114440918,0.3355018198490143,-2.095324993133545
8.385000228881836,0.07072149217128754,-2.085195779800415
8.390000343322754,-0.30779215693473816,-2.080117702484131
8.395000457763672,0.24682892858982086,-2.0766477584838867
8.399999618530273,0.41708484292030334,-2.0745036602020264
8.404999732971191,0.023312056437134743,-2.0720486640930176
8.40999984741211,0.1638364940881729,-2.058337926864624
8.414999961853027,-0.06012013554573059,-2.0403683185577393
8.420000076293945,0.011154801584780216,-2.029454469680786
8.425000190734863,0.25252777338027954,-2.028442144393921
8.430000305175781,-0.27097785472869873,-2.0248827934265137
8.4350004196167,0.3672543466091156,-2.014415979385376
8.4399995803833,-0.06904337555170059,-2.0036962032318115
8.444999694824219,-0.1196938157081604,-1.9951202869415283
8.449999809265137,0.5071947574615479,-1.9836127758026123
8.454999923706055,-0.11332190036773682,-1.9731452465057373
8.460000038146973,0.015099763870239258,-1.967565655708313
8.46500015258789,-0.04616081714630127,-1.9622058868408203
8.470000267028809,0.3575056493282318,-1.9557411670684814
8.475000381469727,0.06867687404155731,-1.947165608406067
8.479999542236328,-0.2607603073120117,-1.9385898113250732
8.484999656677246,0.09369350224733353,-1.9270151853561401
8.489999771118164,0.26259222626686096,-1.9155428409576416
8.494999885559082,0.12987671792507172,-1.9053596258163452
8.5,-0.11467098444700241,-1.8978557586669922
8.505000114440918,-0.03680772706866264,-1.8928166627883911
8.510000228881836,0.26332342624664307,-1.8887789249420166
8.515000343322754,-0.30551353096961975,-1.8804174661636353
8.520000457763672,-0.029636496677994728,-1.8721275329589844
8.524999618530273,0.4673348367214203,-1.8635519742965698
8.529999732971191,0.013967788778245449,-1.8547269105911255
8.53499984741211,0.06507782638072968,-1.8512613773345947
8.539999961853027,-0.30023714900016785,-1.8453278541564941
8.545000076293945,0.18882592022418976,-1.8323884010314941
8.550000190734863,-0.07367359101772308,-1.8185296058654785
8.555000305175781,0.13488446176052094,-1.8088821172714233
8.5600004196167,-0.06229724362492561,-1.7981234788894653
8.5649995803833,-0.13753628730773926,-1.7871553897857666
8.569999694824219,0.33902430534362793,-1.778619408607483
8.574999809265137,-0.009244157932698727,-1.770291805267334
8.579999923706055,-0.1507202535867691,-1.7633237838745117
8.585000038146973,-0.32750701904296875,-1.7509558200836182
8.59000015258789,-0.0819944441318512,-1.7359071969985962
8.595000267028809,0.46262887120246887,-1.7206106185913086
8.600000381469727,0.534570574760437,-1.7041208744049072
8.604999542236328,-0.11875689029693604,-1.7014826536178589
8.609999656677246,-0.30818408727645874,-1.696820616722107
8.614999771118164,0.6620988249778748,-1.6777297258377075
8.619999885559082,-0.07233627885580063,-1.6649951934814453
8.625,0.17138859629631042,-1.6563761234283447
8.630000114440918,-0.2835792303085327,-1.6426429748535156
8.635000228881836,0.3323366343975067,-1.6241296529769897
8.640000343322754,0.05863746628165245,-1.6113991737365723
8.645000457763672,-0.2228838950395584,-1.6044315099716187
8.649999618530273,0.07761447131633759,-1.5960557460784912
8.654999732971191,0.01853761076927185,-1.585917353630066
8.65999984741211,0.21692268550395966,-1.5721818208694458
8.664999961853027,-0.19317124783992767,-1.5558111667633057
8.670000076293945,0.03966449946165085,-1.5419217348098755
8.675000190734863,0.5597039461135864,-1.5345112085342407
8.680000305175781,-0.48458629846572876,-1.5291515588760376
8.6850004196167,0.4237658679485321,-1.5201894044876099
8.6899995803833,-0.19380715489387512,-1.5041100978851318
8.694999694824219,0.2096543163061142,-1.4924147129058838
8.699999809265137,-0.6693201065063477,-1.4837419986724854
8.704999923706055,0.39982375502586365,-1.4676628112792969
8.710000038146973,-0.3207862675189972,-1.456505298614502
8.71500015258789,0.3752782344818115,-1.4516812562942505
8.720000267028809,0.3440534174442291,-1.4392544031143188
8.725000381469727,-0.1942274123430252,-1.4261478185653687
8.729999542236328,0.48985353112220764,-1.412990927696228
8.734999656677246,-0.3321390450000763,-1.3979835510253906
8.739999771118164,-0.1462247669696808,-1.3840991258621216
8.744999885559082,1.0427359342575073,-1.3711841106414795
8.75,-0.4874099791049957,-1.3616397380828857
8.755000114440918,-0.1441253125667572,-1.350332498550415
8.760000228881836,-0.24226278066635132,-1.3414621353149414
8.765000343322754,1.2635958194732666,-1.3288931846618652
8.770000457763672,-0.45537298917770386,-1.3143686056137085
8.774999618530273,0.09141116589307785,-1.3020944595336914
8.779999732971191,-0.4215983748435974,-1.2948851585388184
8.78499984741211,0.5563481450080872,-1.2888027429580688
8.789999961853027,0.1863919496536255,-1.280358910560608
8.795000076293945,-0.5913375616073608,-1.2661279439926147
8.800000190734863,0.5790323615074158,-1.251656413078308
8.805000305175781,0.3824876844882965,-1.238552451133728
8.8100004196167,-0.4872196912765503,-1.2246170043945312
8.8149995803833,0.7258028388023376,-1.211753487586975
8.819999694824219,-0.27285313606262207,-1.201626181602478
8.824999809265137,-0.07954833656549454,-1.1963229179382324
8.829999923706055,0.8729517459869385,-1.1887621879577637
8.835000038146973,-0.5810703635215759,-1.177152395248413
8.84000015258789,0.7145425081253052,-1.1640496253967285
8.845000267028809,-0.5769538879394531,-1.1485066413879395
8.850000381469727,0.5934594869613647,-1.135345697402954
8.854999542236328,0.19683429598808289,-1.1258153915405273
8.859999656677246,-0.3963381350040436,-1.1199195384979248
8.864999771118164,-0.039572879672050476,-1.1088429689407349
8.869999885559082,0.3487052917480469,-1.095443606376648
8.875,-0.3989409804344177,-1.0863916873931885
8.880000114440918,-0.1395474076271057,-1.0742413997650146
8.885000228881836,0.5423210859298706,-1.0562559366226196
8.890000343322754,0.03595687821507454,-1.0432161092758179
8.895000457763672,0.4873577058315277,-1.039050817489624
8.899999618530273,-0.26947155594825745,-1.031186580657959
8.904999732971191,-0.3546786606311798,-1.0168278217315674
8.90999984741211,0.7077444195747375,-1.001346468925476
8.914999961853027,-0.2813646197319031,-0.9880098104476929
8.920000076293945,0.08212064206600189,-0.9756190180778503
8.925000190734863,-0.1739310473203659,-0.9625829458236694
8.930000305175781,0.7406501770019531,-0.9556791186332703
8.9350004196167,-0.7408371567726135,-0.9524629712104797
8.9399995803833,0.2845916152000427,-0.9459667205810547
8.944999694824219,0.23979204893112183,-0.9329734444618225
8.949999809265137,0.12557518482208252,-0.9168938994407654
8.954999923706055,-0.2152339518070221,-0.9008801579475403
8.960000038146973,0.2749161720275879,-0.886643648147583
8.96500015258789,-0.3953838646411896,-0.8774293065071106
8.970000267028809,0.45476067066192627,-0.8728401064872742
8.975000381469727,0.25318023562431335,-0.8641974925994873
8.979999542236328,-0.4591865837574005,-0.8504967093467712
8.984999656677246,0.25338929891586304,-0.8411504030227661
8.989999771118164,0.08061481267213821,-0.8276830911636353
8.994999885559082,0.05608433485031128,-0.8119060397148132
9,-0.1676286906003952,-0.8031650185585022
9.005000114440918,0.5266876816749573,-0.796966552734375
9.010000228881836,-0.438297837972641,-0.7859445810317993
9.015000343322754,0.2093672752380371,-0.7776714563369751
9.020000457763672,0.20744264125823975,-0.7680239081382751
9.024999618530273,-0.4129588007926941,-0.7577700018882751
9.029999732971191,0.301368772983551,-0.7459781765937805
9.03499984741211,0.04743480682373047,-0.733489453792572
9.039999961853027,-0.08181190490722656,-0.7269860506057739
9.045000076293945,0.13673549890518188,-0.7178740501403809
9.050000190734863,0.6379425525665283,-0.7044748663902283
9.055000305175781,-0.4255521297454834,-0.6923792362213135
9.0600004196167,0.36559244990348816,-0.6816592216491699
9.0649995803833,-0.08491377532482147,-0.669940710067749
9.069999694824219,-0.1416078507900238,-0.6608291268348694
9.074999809265137,-0.021328551694750786,-0.6560786366462708
9.079999923706055,0.7809613347053528,-0.6485011577606201
9.085000038146973,-0.9583828449249268,-0.6383177638053894
9.09000015258789,0.6288360357284546,-0.6313497424125671
9.095000267028809,-0.2882789373397827,-0.6249176263809204
9.100000381469727,1.0498547554016113,-0.6109073162078857
9.104999542236328,-0.7077016830444336,-0.6007992029190063
9.109999656677246,0.3777264952659607,-0.5960509777069092
9.114999771118164,-0.11185542494058609,-0.5868635177612305
9.119999885559082,0.1779702752828598,-0.5763735771179199
9.125,0.22283019125461578,-0.5716260671615601
9.130000114440918,-0.020595861598849297,-0.5622080564498901
9.135000228881836,0.08989353477954865,-0.5505679845809937
9.140000343322754,-0.2921058237552643,-0.5396971702575684
9.145000457763672,0.2966318130493164,-0.534186840057373
9.149999618530273,-0.14499308168888092,-0.5301277041435242
9.154999732971191,0.2173679620027542,-0.5222375988960266
9.15999984741211,0.2747862637042999,-0.5148129463195801
9.164999961853027,0.07790005207061768,-0.5050858855247498
9.170000076293945,-0.12438508123159409,-0.4949021339416504
9.175000190734863,0.23537346720695496,-0.48617908358573914
9.180000305175781,-0.1376982033252716,-0.4821186661720276
9.1850004196167,0.37185728549957275,-0.47760316729545593
9.1899995803833,-0.3142174482345581,-0.4710901379585266
9.194999694824219,0.3760896623134613,-0.4595258831977844
9.199999809265137,-0.013878393918275833,-0.451568067073822
9.204999923706055,0.15059401094913483,-0.44482702016830444
9.210000038146973,-0.006177624221891165,-0.4324170649051666
9.21500015258789,0.11546879261732101,-0.4250790774822235
9.220000267028809,0.1676371991634369,-0.42301851511001587
9.225000381469727,-0.8024425506591797,-0.42386433482170105
9.229999542236328,0.794645369052887,-0.42431625723838806
9.234999656677246,0.11185761541128159,-0.419097900390625
9.239999771118164,-0.44212278723716736,-0.4102967381477356
9.244999885559082,0.1919531673192978,-0.40355435013771057
9.25,0.12876683473587036,-0.39720791578292847
9.255000114440918,-0.586175262928009,-0.39323100447654724
9.260000228881836,0.9107136726379395,-0.3893929719924927
9.265000343322754,-0.38436779379844666,-0.3798837661743164
9.270000457763672,0.321628212928772,-0.36817893385887146
9.274999618530273,0.2912590205669403,-0.35960328578948975
9.279999732971191,0.08699038624763489,-0.35401883721351624
9.28499984741211,-0.5573251843452454,-0.34758707880973816
9.289999961853027,0.4814833104610443,-0.340083509683609
9.295000076293945,0.05191412940621376,-0.3350358307361603
9.300000190734863,-0.47663745284080505,-0.33266812562942505
9.305000305175781,0.842562735080719,-0.32945239543914795
9.3100004196167,-0.4687652587890625,-0.3267725706100464
9.3149995803833,0.35787659883499146,-0.3217690587043762
9.319999694824219,-0.0258339736610651,-0.3108266592025757
9.324999809265137,-0.022832198068499565,-0.30502116680145264
9.329999923706055,0.05576006695628166,-0.30211853981018066
9.335000038146973,-0.13775083422660828,-0.29858919978141785
9.34000015258789,0.22403575479984283,-0.2920660376548767
9.345000267028809,0.0932522714138031,-0.2845621109008789
9.350000381469727,-0.11868181079626083,-0.2780006229877472
9.354999542236328,0.06546458601951599,-0.2750064730644226
9.359999656677246,0.10925143212080002,-0.27349117398262024
9.364999771118164,0.10144360363483429,-0.271790087223053
9.369999885559082,-0.21936842799186707,-0.26643043756484985
9.375,0.5346564054489136,-0.2612916827201843
9.380000114440918,-0.40687355399131775,-0.25902077555656433
9.385000228881836,0.4159344434738159,-0.2524004876613617
9.390000343322754,-0.3812386989593506,-0.24458105862140656
9.395000457763672,0.5996286273002625,-0.23449274897575378
9.399999618530273,-0.4599476456642151,-0.22806096076965332
9.404999732971191,0.29819726943969727,-0.22323687374591827
9.40999984741211,-0.13895566761493683,-0.214345321059227
9.414999961853027,0.4632570445537567,-0.20747406780719757
9.420000076293945,-0.5854403376579285,-0.20981121063232422
9.425000190734863,0.2494792938232422,-0.20822851359844208
9.430000305175781,-0.18717028200626373,-0.20072494447231293
9.4350004196167,0.3323690593242645,-0.19461016356945038
9.4399995803833,0.06209518760442734,-0.19331897795200348
9.444999694824219,0.011562180705368519,-0.18893267214298248
9.449999809265137,0.25083863735198975,-0.18281839787960052
9.454999923706055,-0.27830544114112854,-0.17938412725925446
9.460000038146973,0.09216225147247314,-0.17714039981365204
9.46500015258789,0.20759756863117218,-0.16824699938297272
9.470000267028809,0.21700657904148102,-0.15998946130275726
9.475000381469727,-0.23657500743865967,-0.15772812068462372
9.479999542236328,0.20558130741119385,-0.15740960836410522
9.484999656677246,0.04174846038222313,-0.1510942429304123
9.489999771118164,-0.019589735195040703,-0.1425185352563858
9.494999885559082,0.08113329112529755,-0.13757935166358948
9.5,0.10051731765270233,-0.1331893652677536
9.505000114440918,0.11409541964530945,-0.1270769238471985
9.510000228881836,-0.20587755739688873,-0.1241803914308548
9.515000343322754,0.3304156959056854,-0.12064497917890549
9.520000457763672,-0.14558997750282288,-0.118284672498703
9.524999618530273,0.31868937611579895,-0.11838849633932114
9.529999732971191,-0.1352142095565796,-0.11721254140138626
9.53499984741211,-0.06789857149124146,-0.11389199644327164
9.539999961853027,0.042813464999198914,-0.10746020823717117
9.545000076293945,0.47000613808631897,-0.1013491302728653
9.550000190734863,-0.12545670568943024,-0.09984659403562546
9.555000305175781,0.13986645638942719,-0.09898965805768967
9.5600004196167,-0.04490409791469574,-0.09770283102989197
9.5649995803833,0.12190179526805878,-0.09802420437335968
9.569999694824219,0.08630222082138062,-0.09705992788076401
9.574999809265137,-0.16479846835136414,-0.09223616868257523
9.579999923706055,0.1738600730895996,-0.09073565155267715
9.585000038146973,0.09804841130971909,-0.09202130138874054
9.59000015258789,0.021205611526966095,-0.08387397229671478
9.595000267028809,-0.052200064063072205,-0.07572562992572784
9.600000381469727,0.1112581342458725,-0.07444384694099426
9.604999542236328,0.18234726786613464,-0.07423099875450134
9.609999656677246,0.1125958114862442,-0.07873187214136124
9.614999771118164,0.06773699074983597,-0.08108864724636078
9.619999885559082,-0.0006248765857890248,-0.07829861342906952
9.625,0.06148688122630119,-0.07240306586027145
9.630000114440918,0.0935271605849266,-0.06918700784444809
9.635000228881836,0.09722408652305603,-0.06683056801557541
9.640000343322754,0.052928678691387177,-0.06447463482618332
9.645000457763672,0.058196961879730225,-0.06565864384174347
9.649999618530273,0.08697013556957245,-0.07090574502944946
9.654999732971191,0.04224858433008194,-0.07036984711885452
9.65999984741211,0.023560814559459686,-0.06822625547647476
9.664999961853027,0.10864827781915665,-0.06790152192115784
9.670000076293945,0.042860936373472214,-0.07015867531299591
9.675000190734863,0.1125306785106659,-0.07048407942056656
9.680000305175781,0.08904124796390533,-0.07444670796394348
9.6850004196167,0.006591601762920618,-0.07840882241725922
9.6899995803833,0.01194673776626587,-0.07626523077487946
9.694999694824219,0.04175141826272011,-0.0723983645439148
9.699999809265137,0.0408034473657608,-0.06971819698810577
9.704999923706055,0.08879173547029495,-0.06715428829193115
9.710000038146973,0.01743287965655327,-0.0683426707983017
9.71500015258789,0.12038342654705048,-0.07370232790708542
9.720000267028809,0.04119573533535004,-0.0768011286854744
9.725000381469727,0.05270934849977493,-0.07346814125776291
9.729999542236328,-0.06739551573991776,-0.073703333735466
9.734999656677246,0.051155656576156616,-0.07519342750310898
9.739999771118164,0.14505818486213684,-0.07626522332429886
9.744999885559082,0.049996454268693924,-0.07831928133964539
9.75,-0.027154725044965744,-0.08269651979207993
9.755000114440918,0.02346954680979252,-0.08409605920314789
9.760000228881836,0.1474207490682602,-0.08463229238986969
9.765000343322754,0.09719464927911758,-0.08784802258014679
9.770000457763672,0.014101007953286171,-0.09279205650091171
9.774999618530273,0.12663426995277405,-0.09535159915685654
9.779999732971191,0.20411959290504456,-0.09716693311929703
9.78499984741211,-0.363309383392334,-0.09910339117050171
9.789999961853027,0.4395765960216522,-0.10017552971839905
9.795000076293945,-0.10438059270381927,-0.10038265585899353
9.800000190734863,-0.07621020823717117,-0.10372068732976913
9.805000305175781,0.14619384706020355,-0.10854443907737732
9.8100004196167,0.11897582560777664,-0.1106887012720108
9.8149995803833,0.19784262776374817,-0.11658425629138947
9.819999694824219,-0.19936101138591766,-0.12614910304546356
9.824999809265137,0.45236608386039734,-0.1296534538269043
9.829999923706055,-0.3386313021183014,-0.13039530813694
9.835000038146973,0.17194131016731262,-0.13212798535823822
9.84000015258789,0.30052635073661804,-0.1376929134130478
9.845000267028809,-0.3056798577308655,-0.1398368626832962
9.850000381469727,0.31832215189933777,-0.14016813039779663
9.854999542236328,-0.20679351687431335,-0.14973650872707367
9.859999656677246,0.2827906012535095,-0.16012486815452576
9.864999771118164,0.3488021194934845,-0.16255170106887817
9.869999885559082,-0.2507396936416626,-0.16589443385601044
9.875,0.25737065076828003,-0.17278534173965454
9.880000114440918,-0.3055926561355591,-0.18123337626457214
9.885000228881836,0.5328958630561829,-0.18646502494812012
9.890000343322754,-0.14776411652565002,-0.1898094266653061
9.895000457763672,0.6171472072601318,-0.19958563148975372
9.899999618530273,-0.3123270273208618,-0.20943674445152283
9.904999732971191,0.2624376714229584,-0.21219098567962646
9.90999984741211,-0.1276179701089859,-0.22015689313411713
9.914999961853027,0.06007523462176323,-0.22926850616931915
9.920000076293945,0.09524424374103546,-0.2330930233001709
9.925000190734863,-0.008637701161205769,-0.23978620767593384
9.930000305175781,0.18064233660697937,-0.2501722574234009
9.9350004196167,-0.023359913378953934,-0.2545311748981476
9.9399995803833,0.028504524379968643,-0.26002249121665955
9.944999694824219,0.15405873954296112,-0.2676584720611572
9.949999809265137,-0.28845450282096863,-0.2775079011917114
9.954999923706055,0.4102267622947693,-0.2846773564815521
9.960000038146973,-0.13276444375514984,-0.291109174489975
9.96500015258789,-0.041685204952955246,-0.3008900284767151
9.970000267028809,0.22205665707588196,-0.3105378746986389
9.975000381469727,0.2597402036190033,-0.3200513422489166
9.979999542236328,-0.05498140677809715,-0.3264831304550171
9.984999656677246,-0.13950508832931519,-0.33130720257759094
9.989999771118164,0.551526665687561,-0.3388107717037201
9.994999885559082,0.15515317022800446,-0.34839358925819397
10,-0.013693285174667835,-0.3621290624141693
10.005000114440918,0.4582129120826721,-0.37364834547042847
10.010000228881836,-0.20365850627422333,-0.3795442581176758
10.015000343322754,0.0009001155849546194,-0.38684841990470886
10.020000457763672,0.46024423837661743,-0.39576080441474915
10.024999618530273,-0.09784162044525146,-0.40386226773262024
10.029999732971191,-0.33539512753486633,-0.41291236877441406
10.03499984741211,-0.46179938316345215,-0.42007946968078613
10.039999961853027,0.5898677706718445,-0.43187054991722107
10.045000076293945,0.014131942763924599,-0.4402478337287903
10.050000190734863,-0.10251883417367935,-0.44707679748535156
10.055000305175781,0.021508123725652695,-0.45968300104141235
10.0600004196167,0.0529625341296196,-0.47308284044265747
10.0649995803833,-0.3827739953994751,-0.4854680895805359
10.069999694824219,0.4963093400001526,-0.49404385685920715
10.074999809265137,0.11778907477855682,-0.49872714281082153
10.079999923706055,0.10789644718170166,-0.50885409116745
10.085000038146973,0.15740828216075897,-0.5209843516349792
10.09000015258789,0.08566594123840332,-0.531026303768158
10.095000267028809,-0.4332978129386902,-0.537994384765625
10.100000381469727,0.20037224888801575,-0.5478384494781494
10.104999542236328,0.33246806263923645,-0.5616663694381714
10.109999656677246,0.25048795342445374,-0.5757988691329956
10.114999771118164,-0.05490449443459511,-0.5878919363021851
10.119999885559082,0.38819462060928345,-0.5948072075843811
10.125,-0.0896429494023323,-0.6044034361839294
10.130000114440918,0.6941534280776978,-0.6171225309371948
10.135000228881836,0.40041038393974304,-0.627842128276825
10.140000343322754,-0.003371624741703272,-0.6396335363388062
10.145000457763672,0.021120615303516388,-0.651034951210022
10.149999618530273,-0.15520945191383362,-0.6611219048500061
10.154999732971191,-0.15710100531578064,-0.6698434948921204
10.15999984741211,0.1576206088066101,-0.6760810017585754
10.164999961853027,0.2153509557247162,-0.6857760548591614
10.170000076293945,0.2649838328361511,-0.6948403716087341
10.175000190734863,-0.10539702326059341,-0.7023445963859558
10.180000305175781,-0.31184276938438416,-0.7127223014831543
10.1850004196167,0.051320888102054596,-0.7274898290634155
10.1899995803833,0.3549406826496124,-0.7426912188529968
10.194999694824219,0.04773140698671341,-0.7545275688171387
10.199999809265137,0.11778461188077927,-0.763981819152832
10.204999923706055,-0.3113691210746765,-0.7716791033744812
10.210000038146973,-0.17471018433570862,-0.7827414274215698
10.21500015258789,0.1968986988067627,-0.7993137836456299
10.220000267028809,0.10588348656892776,-0.8100760579109192
10.225000381469727,0.3650926649570465,-0.8167420029640198
10.229999542236328,0.3161155879497528,-0.8245480060577393
10.234999656677246,0.42117220163345337,-0.8345397114753723
10.239999771118164,0.042673274874687195,-0.8465233445167542
10.244999885559082,-0.22398903965950012,-0.8565544486045837
10.25,0.00889675598591566,-0.863675057888031
10.255000114440918,0.3713880777359009,-0.8752752542495728
10.260000228881836,0.1559322327375412,-0.8915077447891235
10.265000343322754,-0.27850639820098877,-0.9042181372642517
10.270000457763672,-0.06594522297382355,-0.913021981716156
10.274999618530273,-0.05749482288956642,-0.922096848487854
10.279999732971191,0.3675936162471771,-0.9345790147781372
10.28499984741211,0.16805893182754517,-0.9470973014831543
10.289999961853027,0.3927736282348633,-0.9612228870391846
10.295000076293945,0.27213042974472046,-0.9722884297370911
10.300000190734863,0.3646868169307709,-0.9789445996284485
10.305000305175781,0.15088140964508057,-0.9887480139732361
10.3100004196167,0.6750568151473999,-0.9994347095489502
10.3149995803833,-0.5468868613243103,-1.0108802318572998
10.319999694824219,0.05196525901556015,-1.026612639427185
10.324999809265137,0.1385640949010849,-1.0376791954040527
10.329999923706055,0.22141633927822113,-1.0460972785949707
10.335000038146973,-0.08569245785474777,-1.0576996803283691
10.34000015258789,-0.46215784549713135,-1.069838523864746
10.345000267028809,-0.2924734354019165,-1.0810943841934204
10.350000381469727,-0.7366183996200562,-1.0932624340057373
10.354999542236328,0.08980081230401993,-1.1036057472229004
10.359999656677246,0.05619138479232788,-1.1148616075515747
10.364999771118164,-0.36443471908569336,-1.127376914024353
10.369999885559082,0.24490614235401154,-1.1379356384277344
10.375,-0.12967652082443237,-1.1479053497314453
10.380000114440918,0.3581036627292633,-1.1613051891326904
10.385000228881836,0.5780115127563477,-1.1779203414916992
10.390000343322754,0.6466730237007141,-1.1923918724060059
10.395000457763672,-0.0835525169968605,-1.2033230066299438
10.399999618530273,-0.28154605627059937,-1.2099411487579346
10.404999732971191,-0.39186394214630127,-1.214741826057434
10.40999984741211,-0.47833365201950073,-1.2263472080230713
10.414999961853027,0.5519534945487976,-1.2413544654846191
10.420000076293945,-0.00010084574023494497,-1.2540323734283447
10.425000190734863,0.08182033896446228,-1.2651238441467285
10.430000305175781,0.12464819103479385,-1.2808315753936768
10.4350004196167,0.028836116194725037,-1.2972614765167236
10.4399995803833,-0.1471061110496521,-1.3106811046600342
10.444999694824219,-0.01989700272679329,-1.3183702230453491
10.449999809265137,0.24304406344890594,-1.3289048671722412
10.454999923706055,0.5193601250648499,-1.3406963348388672
10.460000038146973,-0.0013457858003675938,-1.3526546955108643
10.46500015258789,0.3435617685317993,-1.3667746782302856
10.470000267028809,-0.025037238374352455,-1.3803582191467285
10.475000381469727,0.4045831263065338,-1.3883984088897705
10.479999542236328,-0.28923946619033813,-1.3976941108703613
10.484999656677246,-0.1119198203086853,-1.4116138219833374
10.489999771118164,-0.045671749860048294,-1.4227010011672974
10.494999885559082,0.1411007195711136,-1.4393014907836914
10.5,0.2786436378955841,-1.4548451900482178
10.505000114440918,0.43325328826904297,-1.4679054021835327
10.510000228881836,0.1848430633544922,-1.4750561714172363
10.515000343322754,0.3085131347179413,-1.48202383518219
10.520000457763672,0.5099385976791382,-1.4934383630752563
10.524999618530273,0.41717609763145447,-1.508274793624878
10.529999732971191,0.4854739010334015,-1.5227460861206055
10.53499984741211,0.24096962809562683,-1.5354275703430176
10.539999961853027,0.1979210078716278,-1.5465115308761597
10.545000076293945,0.07384028285741806,-1.555986762046814
10.550000190734863,-0.12444617599248886,-1.564562201499939
10.555000305175781,-0.13599656522274017,-1.573484182357788
10.5600004196167,-0.4204634428024292,-1.5884917974472046
10.5649995803833,-0.15156149864196777,-1.602608561515808
10.569999694824219,-0.6009975671768188,-1.6154720783233643
10.574999809265137,0.010051187127828598,-1.6283355951309204
10.579999923706055,-0.15028712153434753,-1.6388806104660034
10.585000038146973,0.10605242103338242,-1.6474562883377075
10.59000015258789,-0.45418843626976013,-1.6603147983551025
10.595000267028809,0.1575624644756317,-1.6717509031295776
10.600000381469727,-0.10210637003183365,-1.6817586421966553
10.604999542236328,0.12761352956295013,-1.6931933164596558
10.609999656677246,-0.037343915551900864,-1.7040871381759644
10.614999771118164,0.1302756369113922,-1.716238021850586
10.619999885559082,0.13934314250946045,-1.7291028499603271
10.625,-0.028386762365698814,-1.7335699796676636
10.630000114440918,-0.2574806809425354,-1.741965889930725
10.635000228881836,-0.15205572545528412,-1.7539364099502563
10.640000343322754,0.6472135782241821,-1.7659066915512085
10.645000457763672,0.06068135052919388,-1.7814501523971558
10.649999618530273,-0.26527896523475647,-1.7982434034347534
10.654999732971191,0.18619100749492645,-1.8057459592819214
10.65999984741211,-0.19448573887348175,-1.811105728149414
10.664999961853027,-0.1049274429678917,-1.8214728832244873
10.670000076293945,0.015624898485839367,-1.835046648979187
10.675000190734863,-0.039079759269952774,-1.8457658290863037
10.680000305175781,0.23493149876594543,-1.8555952310562134
10.6850004196167,-0.021314183250069618,-1.8680998086929321
10.6899995803833,0.715254545211792,-1.874703288078308
10.694999694824219,-0.5450325012207031,-1.8789972066879272
10.699999809265137,0.14854796230793,-1.883102536201477
10.704999923706055,0.21001607179641724,-1.8895338773727417
10.710000038146973,-0.04594845697283745,-1.8940056562423706
10.71500015258789,0.22120438516139984,-1.9027574062347412
10.720000267028809,0.47414320707321167,-1.9113327264785767
10.725000381469727,-0.07578149437904358,-1.9165171384811401
10.729999542236328,-0.4022938013076782,-1.9270610809326172
10.734999656677246,0.1967136114835739,-1.9408209323883057
10.739999771118164,-0.048498719930648804,-1.9526126384735107
10.744999885559082,-0.10677111893892288,-1.9602808952331543
10.75,0.7000097632408142,-1.957764983177185
10.755000114440918,0.44707387685775757,-1.9667246341705322
10.760000228881836,0.39918383955955505,-1.9835518598556519
10.765000343322754,-0.11921393871307373,-1.9926133155822754
10.770000457763672,0.311835378408432,-1.9997544288635254
10.774999618530273,0.04149308428168297,-2.0087194442749023
10.779999732971191,0.2823033928871155,-2.0188889503479004
10.78499984741211,-0.29610157012939453,-2.017803192138672
10.789999961853027,-0.13072240352630615,-2.026740074157715
10.795000076293945,-0.07835748791694641,-2.046082019805908
10.800000190734863,-0.201254740357399,-2.0565972328186035
10.805000305175781,-0.017587833106517792,-2.065692186355591
10.8100004196167,0.16861864924430847,-2.0726423263549805
10.8149995803833,-0.017760420218110085,-2.080889940261841
10.819999694824219,0.29507336020469666,-2.079092502593994
10.824999809265137,-0.5178616046905518,-2.090519666671753
10.829999923706055,0.5779685378074646,-2.108436346054077
10.835000038146973,-0.6092473864555359,-2.1173171997070312
10.84000015258789,0.2205430567264557,-2.117661476135254
10.845000267028809,-0.4159793555736542,-2.119633436203003
10.850000381469727,0.31263023614883423,-2.12355637550354
10.854999542236328,0.4945201277732849,-2.1199986934661865
10.859999656677246,-0.24331308901309967,-2.134514093399048
10.864999771118164,0.7011524438858032,-2.1552460193634033
10.869999885559082,-0.18881118297576904,-2.160536527633667
10.875,-0.1529039740562439,-2.1609020233154297
10.880000114440918,0.0380033478140831,-2.165555000305176
10.885000228881836,-0.10657572746276855,-2.173424243927002
10.890000343322754,0.20103095471858978,-2.172131299972534
10.895000457763672,0.020299604162573814,-2.1772027015686035
10.899999618530273,0.2891765236854553,-2.1933085918426514
10.904999732971191,0.030514176934957504,-2.2066543102264404
10.90999984741211,-0.2625558078289032,-2.2116477489471436
10.914999961853027,0.3791271150112152,-2.214130163192749
10.920000076293945,0.1291867345571518,-2.210716962814331
10.925000190734863,-0.057003203779459,-2.209108591079712
10.930000305175781,-0.1869020164012909,-2.2118773460388184
10.9350004196167,0.17287898063659668,-2.2243735790252686
10.9399995803833,0.1708446741104126,-2.2393500804901123
10.944999694824219,-0.29795074462890625,-2.242030620574951
10.949999809265137,0.11192090064287186,-2.2480945587158203
10.954999923706055,0.11765323579311371,-2.251110315322876
10.960000038146973,0.21585917472839355,-2.247694492340088
10.96500015258789,-0.106357142329216,-2.244880199432373
10.970000267028809,0.02147204428911209,-2.2585132122039795
10.975000381469727,-0.15926963090896606,-2.276200294494629
10.979999542236328,0.10578451305627823,-2.2786104679107666
10.984999656677246,0.10019642859697342,-2.2770023345947266
10.989999771118164,-0.07325001806020737,-2.274691581726074
10.994999885559082,0.023986589163541794,-2.2737863063812256
11,0.08292397856712341,-2.2700347900390625
11.005000114440918,0.185915008187294,-2.277981758117676
11.010000228881836,-0.23368731141090393,-2.2948005199432373
11.015000343322754,0.11797671020030975,-2.3002126216888428
11.020000457763672,-0.11782585084438324,-2.2923390865325928
11.024999618530273,0.13962320983409882,-2.2882556915283203
11.029999732971191,-0.09450128674507141,-2.2904391288757324
11.03499984741211,0.2759454548358917,-2.291140556335449
11.039999961853027,0.109170101583004,-2.301198959350586
11.045000076293945,-0.01006076019257307,-2.313567876815796
11.050000190734863,-0.050647471100091934,-2.31624698638916
11.055000305175781,-0.045291967689991,-2.3089497089385986
11.0600004196167,0.15830913186073303,-2.3065192699432373
11.0649995803833,-0.1220376119017601,-2.3138585090637207
11.069999694824219,0.07880643010139465,-2.314143657684326
11.074999809265137,-0.01071653887629509,-2.316911458969116
11.079999923706055,0.07021768391132355,-2.3269309997558594
11.085000038146973,-0.008724921382963657,-2.3302204608917236
11.09000015258789,-0.01918495073914528,-2.3232531547546387
11.095000267028809,0.09099753946065903,-2.3238348960876465
11.100000381469727,0.11790421605110168,-2.326887607574463
11.104999542236328,0.00789359025657177,-2.32555890083313
11.109999656677246,0.08310246467590332,-2.322763681411743
11.114999771118164,-0.04942350462079048,-2.3296167850494385
11.119999885559082,0.11011622846126556,-2.3392155170440674
11.125,-0.023118868470191956,-2.3371851444244385
11.130000114440918,0.12436298280954361,-2.3343427181243896
11.135000228881836,-0.002831772668287158,-2.3341808319091797
11.140000343322754,-0.014181624166667461,-2.333270788192749
11.145000457763672,0.038882121443748474,-2.332624673843384
11.149999618530273,0.0405484214425087,-2.342646598815918
11.154999732971191,0.015747807919979095,-2.348651170730591
11.15999984741211,0.03873602673411369,-2.3388988971710205
11.164999961853027,0.024430029094219208,-2.3336451053619385
11.170000076293945,-0.011173960752785206,-2.3354673385620117
11.175000190734863,-0.00581293785944581,-2.3370211124420166
11.180000305175781,0.04420781880617142,-2.332357883453369
11.1850004196167,0.11208540201187134,-2.3322529792785645
11.1899995803833,0.03791060298681259,-2.338148355484009
11.194999694824219,0.0508078932762146,-2.3391644954681396
11.199999809265137,0.03219519555568695,-2.333052396774292
11.204999923706055,0.06759936362504959,-2.3298938274383545
11.210000038146973,0.00952161569148302,-2.3286044597625732
11.21500015258789,0.1465831845998764,-2.3223321437835693
11.220000267028809,0.03562016785144806,-2.3238983154296875
11.225000381469727,0.039141930639743805,-2.3355305194854736
11.229999542236328,0.05158400535583496,-2.3387858867645264
11.234999656677246,0.12062299996614456,-2.32816481590271
11.239999771118164,-0.06588524580001831,-2.3200275897979736
11.244999885559082,0.09667430073022842,-2.3177249431610107
11.25,0.04331725463271141,-2.3132174015045166
11.255000114440918,-0.020247001200914383,-2.3135621547698975
11.260000228881836,0.06349284946918488,-2.3278756141662598
11.265000343322754,0.013378995470702648,-2.3338022232055664
11.270000457763672,-0.0395968034863472,-2.3231773376464844
11.274999618530273,0.07049515098333359,-2.3149800300598145
11.279999732971191,0.03557489812374115,-2.3112926483154297
11.28499984741211,-0.008588394150137901,-2.306246519088745
11.289999961853027,0.004544785711914301,-2.3029398918151855
11.295000076293945,0.09367693215608597,-2.3103530406951904
11.300000190734863,0.036327093839645386,-2.3166511058807373
11.305000305175781,0.10023359954357147,-2.3087007999420166
11.3100004196167,0.027226096019148827,-2.3007287979125977
11.3149995803833,0.06251028925180435,-2.2949888706207275
11.319999694824219,0.01983335055410862,-2.2881767749786377
11.324999809265137,-0.031218543648719788,-2.2841832637786865
11.329999923706055,0.078940749168396,-2.289232015609741
11.335000038146973,-0.005679348949342966,-2.291996717453003
11.34000015258789,0.20110641419887543,-2.2851133346557617
11.345000267028809,-0.08193150907754898,-2.276609182357788
11.350000381469727,-0.07542526721954346,-2.272857189178467
11.354999542236328,0.24670527875423431,-2.2676517963409424
11.359999656677246,0.305990070104599,-2.2605302333831787
11.364999771118164,-0.4859475791454315,-2.2635104656219482
11.369999885559082,0.2359725683927536,-2.2686421871185303
11.375,0.19334529340267181,-2.2647416591644287
11.380000114440918,-0.28563305735588074,-2.2518787384033203
11.385000228881836,0.06764572858810425,-2.2435317039489746
11.390000343322754,0.5162906646728516,-2.236717462539673
11.395000457763672,-0.18871621787548065,-2.226533889770508
11.399999618530273,-0.39792418479919434,-2.227069854736328
11.404999732971191,0.3666846454143524,-2.233654737472534
11.40999984741211,0.17534679174423218,-2.228980541229248
11.414999961853027,-0.45448723435401917,-2.2163479328155518
11.420000076293945,0.32125288248062134,-2.2092278003692627
11.425000190734863,0.10686641186475754,-2.2038679122924805
11.430000305175781,0.10939828306436539,-2.1943726539611816
11.4350004196167,0.16460229456424713,-2.1921567916870117
11.4399995803833,-0.21230247616767883,-2.1956052780151367
11.444999694824219,0.07902061194181442,-2.188242197036743
11.449999809265137,-0.16156962513923645,-2.173537254333496
11.454999923706055,0.27520689368247986,-2.1615259647369385
11.460000038146973,0.01928354799747467,-2.153637170791626
11.46500015258789,-0.29515692591667175,-2.144826889038086
11.470000267028809,0.2726912498474121,-2.1345765590667725
11.475000381469727,-0.17435947060585022,-2.1332032680511475
11.479999542236328,0.3034456968307495,-2.134425401687622
11.484999656677246,-0.31212979555130005,-2.1253790855407715
11.489999771118164,0.37451016902923584,-2.1144232749938965
11.494999885559082,-0.039975475519895554,-2.1001880168914795
11.5,-0.04539243504405022,-2.088010311126709
11.505000114440918,0.07958511263132095,-2.0799083709716797
11.510000228881836,0.14025947451591492,-2.079073429107666
11.515000343322754,-0.1171410009264946,-2.077227830886841
11.520000457763672,0.16561760008335114,-2.0651097297668457
11.524999618530273,0.26202917098999023,-2.0530202388763428
11.529999732971191,-0.1296331137418747,-2.0432240962982178
11.53499984741211,0.3547099530696869,-2.034796714782715
11.539999961853027,0.46235138177871704,-2.021545648574829
11.545000076293945,-0.8219432234764099,-2.0143730640411377
11.550000190734863,0.4504171907901764,-2.0127649307250977
11.555000305175781,0.42115601897239685,-2.006000280380249
11.5600004196167,-0.6790790557861328,-1.993377685546875
11.5649995803833,0.38410577178001404,-1.9829529523849487
11.569999694824219,0.5082771182060242,-1.9697006940841675
11.574999809265137,-0.48616138100624084,-1.9554710388183594
11.579999923706055,0.4201502501964569,-1.9515198469161987
11.585000038146973,-0.21061185002326965,-1.9491336345672607
11.59000015258789,0.09282170981168747,-1.9400728940963745
11.595000267028809,-0.028116680681705475,-1.926283836364746
11.600000381469727,0.0597771555185318,-1.9152711629867554
11.604999542236328,0.13106609880924225,-1.9022619724273682
11.609999656677246,0.028902696445584297,-1.8923701047897339
11.614999771118164,0.08886349201202393,-1.8855990171432495
11.619999885559082,-0.35099127888679504,-1.8855992555618286
11.625,0.603890061378479,-1.8824291229248047
11.630000114440918,-0.10827217251062393,-1.8733175992965698
11.635000228881836,-0.41075557470321655,-1.8656686544418335
11.640000343322754,0.8859972953796387,-1.8566005229949951
11.645000457763672,-0.6762358546257019,-1.843056321144104
11.649999618530273,0.43026474118232727,-1.8322943449020386
11.654999732971191,0.02167150378227234,-1.8310775756835938
11.65999984741211,-0.1007222980260849,-1.8237594366073608
11.664999961853027,0.11493481695652008,-1.8068965673446655
11.670000076293945,-0.3152526319026947,-1.7956007719039917
11.675000190734863,0.13348239660263062,-1.785953164100647
11.680000305175781,0.3515716791152954,-1.772200107574463
11.6850004196167,-0.4014834761619568,-1.7546184062957764
11.6899995803833,0.5000463724136353,-1.7476129531860352
11.694999694824219,-0.042171698063611984,-1.7449328899383545
11.699999809265137,0.01628582924604416,-1.7327845096588135
11.704999923706055,0.27725520730018616,-1.7177772521972656
11.710000038146973,-0.32630884647369385,-1.704770803451538
11.71500015258789,0.37806764245033264,-1.6913713216781616
11.720000267028809,-0.023116296157240868,-1.6770422458648682
11.725000381469727,0.25278687477111816,-1.6676137447357178
11.729999542236328,-0.37243539094924927,-1.6674716472625732
11.734999656677246,0.2751561105251312,-1.6629624366760254
11.739999771118164,-0.3209455907344818,-1.6484912633895874
11.744999885559082,0.4684079587459564,-1.6365582942962646
11.75,-0.11476151645183563,-1.6249078512191772
11.755000114440918,-0.20100340247154236,-1.608574628829956
11.760000228881836,0.05046124756336212,-1.5976861715316772
11.765000343322754,0.134347602725029,-1.5941884517669678
11.770000457763672,-0.15463760495185852,-1.5869922637939453
11.774999618530273,0.3209485411643982,-1.5690499544143677
11.779999732971191,0.3684043288230896,-1.5518734455108643
11.78499984741211,-0.3668477237224579,-1.54222571849823
11.789999961853027,0.26822003722190857,-1.533113718032837
11.795000076293945,-0.3669768273830414,-1.5230472087860107
11.800000190734863,0.46001309156417847,-1.523303508758545
11.805000305175781,-0.46455276012420654,-1.5166363716125488
11.8100004196167,0.531199038028717,-1.4978984594345093
11.8149995803833,-0.3692919611930847,-1.4847359657287598
11.819999694824219,-0.08354224264621735,-1.4749497175216675
11.824999809265137,0.8024823069572449,-1.4667901992797852
11.829999923706055,-0.4166446924209595,-1.4588701725006104
11.835000038146973,-0.15259337425231934,-1.4557750225067139
11.84000015258789,0.5097946524620056,-1.448962926864624
11.845000267028809,-0.3872065246105194,-1.4310322999954224
11.850000381469727,0.3823989927768707,-1.4142628908157349
11.854999542236328,0.4523580074310303,-1.4025943279266357
11.859999656677246,-0.5121234059333801,-1.3922876119613647
11.864999771118164,0.11577388644218445,-1.3815675973892212
11.869999885559082,0.01994522102177143,-1.374449372291565
11.875,-0.311065137386322,-1.3668214082717896
11.880000114440918,0.35977068543434143,-1.3541063070297241
11.885000228881836,0.07647661864757538,-1.3420300483703613
11.890000343322754,0.1502377837896347,-1.3355982303619385
11.895000457763672,-0.14570772647857666,-1.3263598680496216
11.899999618530273,0.813789427280426,-1.3108165264129639
11.904999732971191,-0.0722946971654892,-1.3047761917114258
11.90999984741211,-0.15956588089466095,-1.3061119318008423
11.914999961853027,-0.14555132389068604,-1.2972859144210815
11.920000076293945,0.06621568650007248,-1.2763828039169312
11.925000190734863,0.3953467011451721,-1.261770248413086
11.930000305175781,-0.004393919371068478,-1.2573466300964355
11.9350004196167,0.02021053619682789,-1.2474333047866821
11.9399995803833,0.24967393279075623,-1.235106110572815
11.944999694824219,-0.258109986782074,-1.230814814567566
11.949999809265137,-0.17089034616947174,-1.2246525287628174
11.954999923706055,0.826482892036438,-1.2129969596862793
11.960000038146973,-0.2775411009788513,-1.197854995727539
11.96500015258789,-0.2175523191690445,-1.1845893859863281
11.970000267028809,0.5282774567604065,-1.1742713451385498
11.975000381469727,0.10736140608787537,-1.1596661806106567
11.979999542236328,0.002853828715160489,-1.1529690027236938
11.984999656677246,-0.041063278913497925,-1.1512250900268555
11.989999771118164,0.10710451751947403,-1.1371502876281738
11.994999885559082,-0.34280550479888916,-1.1163841485977173
12,0.14544352889060974,-1.1019126176834106
12.005000114440918,-0.028549084439873695,-1.0909271240234375
12.010000228881836,-0.16223017871379852,-1.0830258131027222
12.015000343322754,-0.4564869701862335,-1.0835680961608887
12.020000457763672,0.31221479177474976,-1.0811456441879272
12.024999618530273,0.41443079710006714,-1.0667985677719116
12.029999732971191,0.5875158905982971,-1.0499192476272583
12.03499984741211,-0.22143585979938507,-1.0390772819519043
12.039999961853027,-0.44976431131362915,-1.0334444046020508
12.045000076293945,-0.6667462587356567,-1.0240591764450073
12.050000190734863,-0.14463168382644653,-1.0113383531570435
12.055000305175781,0.2635861933231354,-1.007586121559143
12.0600004196167,0.412687212228775,-1.0011543035507202
12.0649995803833,0.271431565284729,-0.9868007898330688
12.069999694824219,0.25523295998573303,-0.9717930555343628
12.074999809265137,0.168993279337883,-0.9569305181503296
12.079999923706055,0.4750521779060364,-0.9467467069625854
12.085000038146973,0.1091792955994606,-0.9403308033943176
12.09000015258789,0.0721047893166542,-0.9407365918159485
12.095000267028809,-0.3604779541492462,-0.9354893565177917
12.100000381469727,0.3152368366718292,-0.9188563823699951
12.104999542236328,0.04261953756213188,-0.902388870716095
12.109999656677246,-0.12318430840969086,-0.8915398716926575
12.114999771118164,0.02902708761394024,-0.8804130554199219
12.119999885559082,-0.00940904300659895,-0.8672921061515808
12.125,-0.5434306263923645,-0.8646330833435059
12.130000114440918,0.3090110123157501,-0.8638180494308472
12.135000228881836,0.3834327161312103,-0.8506531119346619
12.140000343322754,0.04398149624466896,-0.8359251618385315
12.145000457763672,0.21174123883247375,-0.824541449546814
12.149999618530273,-0.01053585298359394,-0.8143577575683594
12.154999732971191,-0.3832380473613739,-0.800422728061676
12.15999984741211,0.39030948281288147,-0.7962877154350281
12.164999961853027,0.24259328842163086,-0.7945521473884583
12.170000076293945,-0.13792526721954346,-0.7824523448944092
12.175000190734863,0.26901528239250183,-0.7694616317749023
12.180000305175781,0.29085829854011536,-0.7594334483146667
12.1850004196167,0.0789584293961525,-0.7516469955444336
12.1899995803833,-0.2509012520313263,-0.7429445385932922
12.194999694824219,0.06882480531930923,-0.7357242107391357
12.199999809265137,0.0722479373216629,-0.7314363718032837
12.204999923706055,0.3657035529613495,-0.7209367156028748
12.210000038146973,-0.21953770518302917,-0.7031236886978149
12.21500015258789,0.49329063296318054,-0.6940450072288513
12.220000267028809,-0.3144279718399048,-0.688149094581604
12.225000381469727,0.049243900924921036,-0.677269697189331
12.229999542236328,0.16529561579227448,-0.6702120304107666
12.234999656677246,-0.226089209318161,-0.6675322651863098
12.239999771118164,0.15176057815551758,-0.6652263402938843
12.244999885559082,0.13363435864448547,-0.6524879336357117
12.25,0.06329413503408432,-0.6412323713302612
12.255000114440918,-0.20168936252593994,-0.6330681443214417
12.260000228881836,-0.046742994338274,-0.623956561088562
12.265000343322754,0.10516589879989624,-0.616740882396698
12.270000457763672,0.27881181240081787,-0.6140606999397278
12.274999618530273,-0.22077418863773346,-0.6078762412071228
12.279999732971191,-0.1502676010131836,-0.5967443585395813
12.28499984741211,0.24895338714122772,-0.587509274482727
12.289999961853027,0.38674506545066833,-0.5789334774017334
12.295000076293945,0.13622693717479706,-0.5717198252677917
12.300000190734863,0.21624115109443665,-0.5649977922439575
12.305000305175781,-0.21046726405620575,-0.5608777403831482
12.3100004196167,0.25976303219795227,-0.5577843189239502
12.3149995803833,0.20093382894992828,-0.5486260056495667
12.319999694824219,-0.044580262154340744,-0.5352265238761902
12.324999809265137,0.5142173171043396,-0.5268206000328064
12.329999923706055,-0.15702557563781738,-0.5174167156219482
12.335000038146973,0.27144739031791687,-0.511034369468689
12.34000015258789,0.14198355376720428,-0.5098409056663513
12.345000267028809,-0.2052670419216156,-0.509547233581543
12.350000381469727,0.0900631844997406,-0.5002632737159729
12.354999542236328,0.587372362613678,-0.4899587333202362
12.359999656677246,-0.36179065704345703,-0.4848930537700653
12.364999771118164,-0.135727196931839,-0.48072564601898193
12.369999885559082,-0.42970097064971924,-0.47310182452201843
12.375,-0.15972448885440826,-0.47083744406700134
12.380000114440918,-0.034734051674604416,-0.47327670454978943
12.385000228881836,0.4357181191444397,-0.4669092297554016
12.390000343322754,0.6682595014572144,-0.45738133788108826
12.395000457763672,0.08828794211149216,-0.44922176003456116
12.399999618530273,0.11649145185947418,-0.43808579444885254
12.404999732971191,-0.1257580816745758,-0.4284379482269287
12.40999984741211,0.01250094547867775,-0.42057690024375916
12.414999961853027,0.2241181880235672,-0.41617026925086975
12.420000076293945,0.023034948855638504,-0.4161699414253235
12.425000190734863,-0.047879740595817566,-0.4111659526824951
12.430000305175781,0.3255555033683777,-0.4014001786708832
12.4350004196167,-0.2690892517566681,-0.39550426602363586
12.4399995803833,0.049478679895401,-0.3891904056072235
12.444999694824219,0.2731519639492035,-0.3829409182071686
12.449999809265137,0.17511458694934845,-0.3862214982509613
12.454999923706055,0.18107323348522186,-0.3899075984954834
12.460000038146973,-0.12151984125375748,-0.38126593828201294
12.46500015258789,0.08333945274353027,-0.3709651231765747
12.470000267028809,0.32937461137771606,-0.3653709590435028
12.475000381469727,0.054366085678339005,-0.3581012785434723
12.479999542236328,-0.1462600976228714,-0.34845373034477234
12.484999656677246,0.2230163961648941,-0.3447713255882263
12.489999771118164,-0.3199041485786438,-0.34530723094940186
12.494999885559082,-0.08507240563631058,-0.34297600388526917
12.5,0.19812120497226715,-0.3369642198085785
12.505000114440918,0.1709587424993515,-0.33267635107040405
12.510000228881836,-0.17690344154834747,-0.32796815037727356
12.515000343322754,0.3192159831523895,-0.3200441002845764
12.520000457763672,0.1274784654378891,-0.3152945935726166
12.524999618530273,-0.003711292752996087,-0.31827986240386963
12.529999732971191,0.13390889763832092,-0.3196970522403717
12.53499984741211,-0.10757080465555191,-0.313495397567749
12.539999961853027,0.061461128294467926,-0.30706360936164856
12.545000076293945,0.08463481813669205,-0.3022395372390747
12.550000190734863,0.13773277401924133,-0.29622942209243774
12.555000305175781,-0.0022713083308190107,-0.2933211326599121
12.5600004196167,0.04315018281340599,-0.2954646944999695
12.5649995803833,0.10274482518434525,-0.29492881894111633
12.569999694824219,-0.1518043875694275,-0.29098230600357056
12.574999809265137,0.026981743052601814,-0.283478707075119
12.579999923706055,0.17375335097312927,-0.2775828540325165
12.585000038146973,-0.03637165203690529,-0.2761708199977875
12.59000015258789,-0.00982928927987814,-0.27199652791023254
12.595000267028809,0.05291837081313133,-0.2734912037849426
12.600000381469727,0.17316970229148865,-0.2740270793437958
12.604999542236328,0.15806184709072113,-0.26900526881217957
12.609999656677246,0.05115270987153053,-0.2625734806060791
12.614999771118164,0.11186239123344421,-0.257101446390152
12.619999885559082,0.009370735846459866,-0.25430941581726074
12.625,0.04437856748700142,-0.254197359085083
12.630000114440918,0.06514406949281693,-0.254197359085083
12.635000228881836,0.0890287309885025,-0.254197359085083
12.640000343322754,-0.0005556978285312653,-0.2507797181606293
12.645000457763672,0.03044719621539116,-0.24285122752189636
12.649999618530273,-0.026332242414355278,-0.23619738221168518
12.654999732971191,0.09970404207706451,-0.2339424043893814
12.65999984741211,0.0715925320982933,-0.23179848492145538
12.664999961853027,-0.060138922184705734,-0.2290082573890686
12.670000076293945,0.07735246419906616,-0.23008005321025848
12.675000190734863,0.07984456419944763,-0.22911831736564636
12.680000305175781,0.018836798146367073,-0.2279362827539444
12.6850004196167,0.016410574316978455,-0.22740042209625244
12.6899995803833,0.020752236247062683,-0.22547589242458344
12.694999694824219,0.0008140030549839139,-0.2211880385875702
12.699999809265137,0.048988133668899536,-0.21882538497447968
12.704999923706055,0.10876971483230591,-0.22193174064159393
12.710000038146973,-0.11581767350435257,-0.22107800841331482
12.71500015258789,-0.025091717019677162,-0.21336525678634644
12.720000267028809,0.14581479132175446,-0.20928706228733063
12.725000381469727,0.07378029078245163,-0.20864246785640717
12.729999542236328,-0.11547175794839859,-0.20478801429271698
12.734999656677246,-0.005920765455812216,-0.19856774806976318
12.739999771118164,0.21107186377048492,-0.19835171103477478
12.744999885559082,0.29095250368118286,-0.19760330021381378
12.75,0.19403678178787231,-0.19085098803043365
12.755000114440918,0.05101250484585762,-0.18624041974544525
12.760000228881836,0.0728083997964859,-0.1835605949163437
12.765000343322754,0.004870833363384008,-0.18238146603107452
12.770000457763672,0.02012442983686924,-0.18334640562534332
12.774999618530273,0.0621783547103405,-0.18752723932266235
12.779999732971191,0.11340614408254623,-0.1883833408355713
12.78499984741211,0.0053543876856565475,-0.1843084990978241
12.789999961853027,0.009371474385261536,-0.178306445479393
12.795000076293945,0.1238613873720169,-0.17702196538448334
12.800000190734863,0.003922866191715002,-0.17702196538448334
12.805000305175781,0.17183202505111694,-0.17702196538448334
12.8100004196167,0.05634482204914093,-0.17702198028564453
12.8149995803833,-0.015148729085922241,-0.17401723563671112
12.819999694824219,0.023874716833233833,-0.16779610514640808
12.824999809265137,0.11301717162132263,-0.16018718481063843
12.829999923706055,0.10480635613203049,-0.15568934381008148
12.835000038146973,0.032930828630924225,-0.1539766639471054
12.84000015258789,0.0404520109295845,-0.1525779515504837
12.845000267028809,0.08504844456911087,-0.15280020236968994
12.850000381469727,0.04680589213967323,-0.15440824627876282
12.854999542236328,0.00784059427678585,-0.15257695317268372
12.859999656677246,-0.018430182710289955,-0.1467852145433426
12.864999771118164,0.15546412765979767,-0.14336152374744415
12.869999885559082,0.028395965695381165,-0.14218591153621674
12.875,0.00867963582277298,-0.14175333082675934
12.880000114440918,0.17058634757995605,-0.14154669642448425
12.885000228881836,0.027675053104758263,-0.14465942978858948
12.890000343322754,0.02055498957633972,-0.14604033529758453
12.895000457763672,0.08686268329620361,-0.14185546338558197
12.899999618530273,0.04942237213253975,-0.13853691518306732
12.904999732971191,0.07622196525335312,-0.1384342759847641
12.90999984741211,0.03864402323961258,-0.1384342759847641
12.914999961853027,0.058863043785095215,-0.1384342759847641
12.920000076293945,0.04822858050465584,-0.1384342759847641
12.925000190734863,0.06736936420202255,-0.13746410608291626
12.930000305175781,0.09176554530858994,-0.13327805697917938
12.9350004196167,0.03767876327037811,-0.1294248104095459
12.9399995803833,0.0800120010972023,-0.13039514422416687
12.944999694824219,0.06174153462052345,-0.12878744304180145
12.949999809265137,0.04439328610897064,-0.1293233335018158
12.954999923706055,0.04351155832409859,-0.131801575422287
12.960000038146973,0.06610012799501419,-0.13361084461212158
12.96500015258789,0.07576160132884979,-0.13220374286174774
12.970000267028809,0.03366977348923683,-0.12577229738235474
12.975000381469727,0.046763207763433456,-0.12406397610902786
12.979999542236328,0.08405705541372299,-0.12342795729637146
12.984999656677246,0.0681491568684578,-0.12191987782716751
12.989999771118164,0.05427555739879608,-0.12527301907539368
12.994999885559082,0.07912732660770416,-0.13073231279850006
13,0.06199251115322113,-0.12995852530002594
13.005000114440918,0.050763364881277084,-0.1253329962491989
13.010000228881836,0.06815356761217117,-0.12430218607187271
13.015000343322754,0.05627305805683136,-0.1271795779466629
13.020000457763672,0.05888659507036209,-0.1298590749502182
13.024999618530273,0.025558317080140114,-0.12761721014976501
13.029999732971191,0.052336931228637695,-0.1293233335018158
13.03499984741211,0.036152299493551254,-0.13039514422416687
13.039999961853027,0.03176868334412575,-0.13083326816558838
13.045000076293945,0.02142641320824623,-0.13093121349811554
13.050000190734863,0.04985219985246658,-0.12791068851947784
13.055000305175781,0.051773156970739365,-0.12869000434875488
13.0600004196167,0.025074027478694916,-0.13278332352638245
13.0649995803833,0.05778922140598297,-0.13672949373722076
13.069999694824219,0.043527014553546906,-0.13541240990161896
13.074999809265137,0.02724670059978962,-0.13209977746009827
13.079999923706055,0.03852074593305588,-0.13341782987117767
13.085000038146973,0.08030050992965698,-0.13575462996959686
13.09000015258789,0.07577411085367203,-0.1346828192472458
13.095000267028809,0.05918467789888382,-0.1361946016550064
13.100000381469727,0.036932457238435745,-0.13994622230529785
13.104999542236328,0.03699281066656113,-0.14057804644107819
13.109999656677246,0.02378602884709835,-0.13852986693382263
13.114999771118164,0.044709764420986176,-0.1384342759847641
13.119999885559082,0.08159513771533966,-0.1384342759847641
13.125,0.08534468710422516,-0.1384342759847641
13.130000114440918,-0.019179800525307655,-0.13887542486190796
13.135000228881836,0.11683259904384613,-0.14253246784210205
13.140000343322754,-0.006963306572288275,-0.1498468816280365
13.145000457763672,0.005531761329621077,-0.15183290839195251
13.149999618530273,-0.0173681378364563,-0.15041334927082062
13.154999732971191,0.07110603153705597,-0.1516447514295578
13.15999984741211,-0.019714871421456337,-0.15583886206150055
13.164999961853027,0.23748062551021576,-0.16031420230865479
13.170000076293945,-0.017306307330727577,-0.16700100898742676
13.175000190734863,-0.04876367747783661,-0.17352637648582458
13.180000305175781,0.23643331229686737,-0.17702196538448334
13.1850004196167,-0.1285552680492401,-0.17702196538448334
13.1899995803833,0.2483060657978058,-0.17702196538448334
13.194999694824219,0.07039984315633774,-0.17702196538448334
13.199999809265137,-0.09896107763051987,-0.17746546864509583
13.204999923706055,-0.08329237252473831,-0.17960940301418304
13.210000038146973,0.22169195115566254,-0.18175333738327026
13.21500015258789,0.03183896839618683,-0.18639294803142548
13.220000267028809,0.16697221994400024,-0.19478487968444824
13.225000381469727,0.3418557047843933,-0.20104765892028809
13.229999542236328,-0.32652410864830017,-0.20676010847091675
13.234999656677246,0.2234756350517273,-0.21212010085582733
13.239999771118164,-0.350023478269577,-0.2160545140504837
13.244999885559082,0.22378294169902802,-0.21927021443843842
13.25,0.21400223672389984,-0.22391220927238464
13.255000114440918,-0.02043541707098484,-0.22525665163993835
13.260000228881836,-0.14891228079795837,-0.22927269339561462
13.265000343322754,0.35024166107177734,-0.23516859114170074
13.270000457763672,-0.1884969174861908,-0.24061861634254456
13.274999618530273,0.20375050604343414,-0.24544239044189453
13.279999732971191,0.1671985387802124,-0.2507123351097107
13.28499984741211,-0.27152544260025024,-0.2546437084674835
13.289999961853027,0.17123070359230042,-0.2577700614929199
13.295000076293945,0.17332500219345093,-0.2630405128002167
13.300000190734863,-0.07275211811065674,-0.2735814154148102
13.305000305175781,0.11597809195518494,-0.28126341104507446
13.3100004196167,0.19213347136974335,-0.28823113441467285
13.3149995803833,-0.03012228012084961,-0.2951102554798126
13.319999694824219,-0.20276427268981934,-0.30118319392204285
13.324999809265137,0.15903261303901672,-0.30403971672058105
13.329999923706055,0.04363815113902092,-0.3060072660446167
13.335000038146973,0.30321425199508667,-0.3117270767688751
13.34000015258789,-0.3835294842720032,-0.3178864121437073
13.345000267028809,0.47707101702690125,-0.3225347697734833
13.350000381469727,-0.1634298712015152,-0.328879177570343
13.354999542236328,-0.06741060316562653,-0.33959847688674927
13.359999656677246,0.17828233540058136,-0.34110674262046814
13.364999771118164,0.06706833094358444,-0.34191763401031494
13.369999885559082,0.0370071642100811,-0.35014593601226807
13.375,0.045254405587911606,-0.3630094826221466
13.380000114440918,0.27892330288887024,-0.3698740303516388
13.385000228881836,-0.06185601279139519,-0.37711843848228455
13.390000343322754,-0.08634641766548157,-0.38667991757392883
13.395000457763672,-0.03795589134097099,-0.3943558633327484
13.399999618530273,0.2774943709373474,-0.4008733034133911
13.404999732971191,-0.0533500611782074,-0.40614748001098633
13.40999984741211,-0.13295064866542816,-0.41142213344573975
13.414999961853027,-0.10354781150817871,-0.42115476727485657
13.420000076293945,0.21352015435695648,-0.42642977833747864
13.425000190734863,-0.04612916707992554,-0.4334826171398163
13.430000305175781,0.24379439651966095,-0.44366565346717834
13.4350004196167,-0.014195239171385765,-0.44696661829948425
13.4399995803833,0.2010067105293274,-0.45430120825767517
13.444999694824219,-0.09746111184358597,-0.46332865953445435
13.449999809265137,0.18267513811588287,-0.4715368151664734
13.454999923706055,0.15346257388591766,-0.48002830147743225
13.460000038146973,0.1022023931145668,-0.4880681335926056
13.46500015258789,-0.13812877237796783,-0.4971797466278076
13.470000267028809,0.017902450636029243,-0.5072798728942871
13.475000381469727,0.005972621031105518,-0.5164749622344971
13.479999542236328,0.3083699345588684,-0.5251336097717285
13.484999656677246,-0.16783446073532104,-0.5304108262062073
13.489999771118164,-0.0455186553299427,-0.540594220161438
13.494999885559082,-0.37166628241539,-0.5497058629989624
13.5,0.656727135181427,-0.5566738843917847
13.505000114440918,0.27191364765167236,-0.5663213729858398
13.510000228881836,-0.38915032148361206,-0.5728354454040527
13.515000343322754,-0.18781134486198425,-0.5791854858398438
13.520000457763672,0.149647518992424,-0.5867711305618286
13.524999618530273,0.5754429697990417,-0.5973270535469055
13.529999732971191,0.27028414607048035,-0.611018180847168
13.53499984741211,-0.09424847364425659,-0.6246617436408997
13.539999961853027,0.2454986423254013,-0.6313371062278748
13.545000076293945,-0.20586906373500824,-0.6376069784164429
13.550000190734863,-0.15024222433567047,-0.6471738219261169
13.555000305175781,0.018329331651329994,-0.6585097908973694
13.5600004196167,0.20946921408176422,-0.6685325503349304
13.5649995803833,0.3764362931251526,-0.6797884702682495
13.569999694824219,-0.6191130876541138,-0.6948755979537964
13.574999809265137,0.36798518896102905,-0.7055952548980713
13.579999923706055,0.612854540348053,-0.7106589078903198
13.585000038146973,-0.31193438172340393,-0.7179238200187683
13.59000015258789,-0.3124576508998871,-0.7285642027854919
13.595000267028809,0.3067809045314789,-0.7415860295295715
13.600000381469727,-0.22546692192554474,-0.7532191276550293
13.604999542236328,0.66059809923172,-0.7669969797134399
13.609999656677246,-0.015043110586702824,-0.7821620106697083
13.614999771118164,0.2528369128704071,-0.7960973381996155
13.619999885559082,-0.45142289996147156,-0.8042944073677063
13.625,-0.045768119394779205,-0.8143996596336365
13.630000114440918,0.41641247272491455,-0.8267269730567932
13.635000228881836,0.0031872368417680264,-0.8394346833229065
13.640000343322754,0.07287904620170593,-0.850310206413269
13.645000457763672,0.37060609459877014,-0.8631734251976013
13.649999618530273,0.5203887224197388,-0.8759595155715942
13.654999732971191,-0.7812420725822449,-0.8867565989494324
13.65999984741211,0.15400242805480957,-0.8943377137184143
13.664999961853027,0.16194792091846466,-0.9039852619171143
13.670000076293945,-0.5448724031448364,-0.9150872826576233
13.675000190734863,0.3754931390285492,-0.929558515548706
13.680000305175781,0.15426333248615265,-0.9433414340019226
13.6850004196167,0.452179878950119,-0.9548262357711792
13.6899995803833,-0.5740945935249329,-0.9677653908729553
13.694999694824219,0.5245746970176697,-0.9758051037788391
13.699999809265137,0.2178342193365097,-0.9847655296325684
13.704999923706055,0.10085330158472061,-0.9955609440803528
13.710000038146973,0.13962356746196747,-1.011028528213501
13.71500015258789,-0.07312344014644623,-1.0248137712478638
13.720000267028809,0.16639593243598938,-1.0358340740203857
13.725000381469727,0.07368350774049759,-1.0496193170547485
13.729999542236328,0.009349020197987556,-1.062408208847046
13.734999656677246,0.2808321416378021,-1.070746660232544
13.739999771118164,-0.08776096999645233,-1.0797836780548096
13.744999885559082,0.3323557674884796,-1.092960238456726
13.75,0.06294233351945877,-1.1048262119293213
13.755000114440918,0.16137054562568665,-1.115767478942871
13.760000228881836,0.6583300828933716,-1.1268014907836914
13.765000343322754,-0.20330192148685455,-1.1344529390335083
13.770000457763672,-0.7035933136940002,-1.1436378955841064
13.774999618530273,-0.3185344636440277,-1.153065800666809
13.779999732971191,0.32357752323150635,-1.1649303436279297
13.78499984741211,0.10415132343769073,-1.1751141548156738
13.789999961853027,0.1315511167049408,-1.1827635765075684
13.795000076293945,0.12473281472921371,-1.1933376789093018
13.800000190734863,0.5667507648468018,-1.2024496793746948
13.805000305175781,0.2297092080116272,-1.2127054929733276
13.8100004196167,0.22514307498931885,-1.2223529815673828
13.8149995803833,-0.380768746137619,-1.2340006828308105
13.819999694824219,-0.022770371288061142,-1.246185302734375
13.824999809265137,0.49236437678337097,-1.260871410369873
13.829999923706055,0.7473735809326172,-1.27219820022583
13.835000038146973,-0.30397599935531616,-1.277235746383667
13.84000015258789,-0.11513980478048325,-1.2843842506408691
13.845000267028809,1.1282777786254883,-1.2945683002471924
13.850000381469727,0.8973997831344604,-1.3075729608535767
13.854999542236328,-0.14076770842075348,-1.316684603691101
13.859999656677246,0.7534433007240295,-1.3277292251586914
13.864999771118164,-0.05882958322763443,-1.3371220827102661
13.869999885559082,0.7883054614067078,-1.3456276655197144
13.875,0.39311519265174866,-1.3526653051376343
13.880000114440918,0.5195165276527405,-1.3580948114395142
13.885000228881836,-0.03181762620806694,-1.3613108396530151
13.890000343322754,-0.8413578271865845,-1.3692116737365723
13.895000457763672,-0.10021264106035233,-1.38032865524292
13.899999618530273,0.317089706659317,-1.3931922912597656
13.904999732971191,-0.47273892164230347,-1.4040496349334717
13.90999984741211,-0.14604997634887695,-1.4100143909454346
13.914999961853027,-0.6091310977935791,-1.4190572500228882
13.920000076293945,-0.11177996546030045,-1.4296400547027588
13.925000190734863,0.11909767985343933,-1.4368809461593628
13.930000305175781,-0.01569337211549282,-1.4437804222106934
13.9350004196167,-0.6163846850395203,-1.4537605047225952
13.9399995803833,-0.5450604557991028,-1.465619683265686
13.944999694824219,-0.19636991620063782,-1.4768751859664917
13.949999809265137,0.16622039675712585,-1.4849826097488403
13.954999923706055,-0.25800400972366333,-1.4945629835128784
13.960000038146973,0.07405336946249008,-1.504813551902771
13.96500015258789,0.4650278687477112,-1.5118482112884521
13.970000267028809,0.17703260481357574,-1.5177441835403442
13.975000381469727,0.0934704914689064,-1.5257173776626587
13.979999542236328,0.25657910108566284,-1.5348289012908936
13.984999656677246,0.4641067385673523,-1.5448802709579468
13.989999771118164,1.2262051105499268,-1.5562682151794434
13.994999885559082,1.0784406661987305,-1.565915584564209
14,0.84596848487854,-1.5713413953781128
14.005000114440918,0.21782466769218445,-1.578243613243103
14.010000228881836,-0.3848053514957428,-1.5889630317687988
14.015000343322754,-0.2844054102897644,-1.5980747938156128
14.020000457763672,-0.22404903173446655,-1.6055138111114502
14.024999618530273,-0.4652651846408844,-1.6146905422210693
14.029999732971191,-0.5554516911506653,-1.625409722328186
14.03499984741211,-0.49567562341690063,-1.6349929571151733
14.039999961853027,-1.0673332214355469,-1.6441049575805664
14.045000076293945,0.42039424180984497,-1.65488862991333
14.050000190734863,-0.052851416170597076,-1.6634641885757446
14.055000305175781,0.12829798460006714,-1.669487714767456
14.0600004196167,-0.1139710545539856,-1.6799523830413818
14.0649995803833,0.13872823119163513,-1.691680669784546
14.069999694824219,0.015490942634642124,-1.7041350603103638
14.074999809265137,-0.06783746182918549,-1.714917778968811
14.079999923706055,0.05727291479706764,-1.7229576110839844
14.085000038146973,0.32032883167266846,-1.7304613590240479
14.09000015258789,0.07887454330921173,-1.7431992292404175
14.095000267028809,0.025630813091993332,-1.751900315284729
14.100000381469727,0.04640882462263107,-1.7606003284454346
14.104999542236328,0.35979461669921875,-1.7715450525283813
14.109999656677246,-0.34861037135124207,-1.778699517250061
14.114999771118164,0.48552432656288147,-1.7900164127349854
14.119999885559082,0.21023835241794586,-1.794901967048645
14.125,0.3477591872215271,-1.7954998016357422
14.130000114440918,0.23274224996566772,-1.802696943283081
14.135000228881836,0.04962661489844322,-1.8177039623260498
14.140000343322754,0.7453216314315796,-1.8336613178253174
14.145000457763672,0.1595485508441925,-1.8477187156677246
14.149999618530273,-0.017742760479450226,-1.8621898889541626
14.154999732971191,-0.3322181701660156,-1.8693395853042603
14.15999984741211,-0.520315408706665,-1.8742238283157349
14.164999961853027,-0.28194460272789,-1.8780360221862793
14.170000076293945,-0.16764530539512634,-1.8822635412216187
14.175000190734863,-0.28337833285331726,-1.8869681358337402
14.180000305175781,-0.30097606778144836,-1.8925068378448486
14.1850004196167,0.4472748339176178,-1.8951271772384644
14.1899995803833,-0.024258200079202652,-1.8969130516052246
14.194999694824219,0.25963717699050903,-1.9040025472640991
14.199999809265137,0.24716418981552124,-1.9157356023788452
14.204999923706055,-0.36310917139053345,-1.9308604001998901
14.210000038146973,0.13756351172924042,-1.9379457235336304
14.21500015258789,-0.2412184327840805,-1.9459269046783447
14.220000267028809,0.21942327916622162,-1.9555162191390991
14.225000381469727,-0.3269045948982239,-1.9647440910339355
14.229999542236328,0.5671754479408264,-1.971176028251648
14.234999656677246,0.024062050506472588,-1.9739716053009033
14.239999771118164,-0.06659840047359467,-1.9833307266235352
14.244999885559082,-0.08594086021184921,-1.994586706161499
14.25,0.486232727766037,-2.006971597671509
14.255000114440918,-0.07962967455387115,-2.014110565185547
14.260000228881836,0.23667360842227936,-2.0183985233306885
14.265000343322754,-0.18620942533016205,-2.0237016677856445
14.270000457763672,-0.27331721782684326,-2.029118061065674
14.274999618530273,0.3568307161331177,-2.0369882583618164
14.279999732971191,0.0829276591539383,-2.0477077960968018
14.28499984741211,-0.131283238530159,-2.0579473972320557
14.289999961853027,0.30785250663757324,-2.0644354820251465
14.295000076293945,-0.14669544994831085,-2.068779230117798
14.300000190734863,0.30641841888427734,-2.0746748447418213
14.305000305175781,-0.4304579794406891,-2.083139419555664
14.3100004196167,-0.1787276268005371,-2.0884997844696045
14.3149995803833,0.30862054228782654,-2.0976662635803223
14.319999694824219,0.35821956396102905,-2.104098081588745
14.324999809265137,-0.10028182715177536,-2.108440637588501
14.329999923706055,0.05052821338176727,-2.115835189819336
14.335000038146973,0.07771163433790207,-2.12441086769104
14.34000015258789,-0.10195475816726685,-2.1293435096740723
14.345000267028809,0.27496546506881714,-2.1367926597595215
14.350000381469727,-0.18612368404865265,-2.1452605724334717
14.354999542236328,0.25031203031539917,-2.1534080505371094
14.359999656677246,-0.11695627123117447,-2.1588215827941895
14.364999771118164,0.16370658576488495,-2.162520408630371
14.369999885559082,0.16765743494033813,-2.170559883117676
14.375,-0.13639219105243683,-2.174901008605957
14.380000114440918,-0.09067334979772568,-2.1776340007781982
14.385000228881836,0.2572646737098694,-2.18497896194458
14.390000343322754,-0.1569192111492157,-2.1919991970062256
14.395000457763672,0.006629873998463154,-2.1963398456573486
14.399999618530273,0.13192647695541382,-2.1969804763793945
14.404999732971191,0.1446276307106018,-2.2016994953155518
14.40999984741211,-0.2439427226781845,-2.207491636276245
14.414999961853027,0.23607854545116425,-2.2145628929138184
14.420000076293945,0.14429569244384766,-2.2193868160247803
14.425000190734863,-0.14603635668754578,-2.220510482788086
14.430000305175781,0.16608938574790955,-2.222654342651367
14.4350004196167,0.23742800951004028,-2.228447675704956
14.4399995803833,-0.20064201951026917,-2.235900640487671
14.444999694824219,-0.13126853108406067,-2.240290403366089
14.449999809265137,-0.11522226780653,-2.246671438217163
14.454999923706055,0.3511837422847748,-2.2551965713500977
14.460000038146973,0.04389354586601257,-2.258077621459961
14.46500015258789,0.07748089730739594,-2.2586135864257812
14.470000267028809,0.04745210334658623,-2.260171413421631
14.475000381469727,0.11829650402069092,-2.2586631774902344
14.479999542236328,0.06390979140996933,-2.2586135864257812
14.484999656677246,-0.15827161073684692,-2.261730432510376
14.489999771118164,0.28271663188934326,-2.2629010677337646
14.494999885559082,0.3020627796649933,-2.2623651027679443
14.5,-0.09694480150938034,-2.2649471759796143
14.505000114440918,-0.21858790516853333,-2.271329879760742
14.510000228881836,0.256030410528183,-2.273571252822876
14.515000343322754,0.10859234631061554,-2.2767388820648193
14.520000457763672,-0.06576968729496002,-2.2816107273101807
14.524999618530273,-0.17666278779506683,-2.2821948528289795
14.529999732971191,0.07165103405714035,-2.2831711769104004
14.53499984741211,0.06279695779085159,-2.2885782718658447
14.539999961853027,0.014653008431196213,-2.2901864051818848
14.545000076293945,0.12208837270736694,-2.2891619205474854
14.550000190734863,0.004990802146494389,-2.292330503463745
14.555000305175781,0.0531332865357399,-2.293938398361206
14.5600004196167,0.10828027874231339,-2.2945213317871094
14.5649995803833,0.04589031636714935,-2.295546770095825
14.569999694824219,0.0806199312210083,-2.298762321472168
14.574999809265137,0.06576451659202576,-2.299344778060913
14.579999923706055,0.024257805198431015,-2.299834728240967
14.585000038146973,0.028508204966783524,-2.301978588104248
14.59000015258789,0.029723340645432472,-2.3036324977874756
14.595000267028809,0.016433391720056534,-2.3015341758728027
14.600000381469727,0.020224526524543762,-2.2998809814453125
14.604999542236328,0.04392886906862259,-2.3019793033599854
14.609999656677246,0.031385961920022964,-2.3083202838897705
14.614999771118164,0.0608024038374424,-2.307965040206909
14.619999885559082,0.09316505491733551,-2.3027396202087402
14.625,0.008243185468018055,-2.3014438152313232
14.630000114440918,0.03663879260420799,-2.3019802570343018
14.635000228881836,0.024607405066490173,-2.3020689487457275
14.640000343322754,0.015350735746324062,-2.3014886379241943
14.645000457763672,0.027889229357242584,-2.2972888946533203
14.649999618530273,-0.00493121100589633,-2.297200918197632
14.654999732971191,0.005910065956413746,-2.2961292266845703
14.65999984741211,0.09404604136943817,-2.296172618865967
14.664999961853027,0.03957690671086311,-2.293985605239868
14.670000076293945,0.0032324986532330513,-2.2924208641052246
14.675000190734863,-0.017818564549088478,-2.291348695755005
14.680000305175781,0.058785028755664825,-2.288132905960083
14.6850004196167,0.061987362802028656,-2.2854955196380615
14.6899995803833,0.10284417867660522,-2.283308982849121
14.694999694824219,-0.11804922670125961,-2.2790639400482178
14.699999809265137,-0.13499635457992554,-2.275805711746216
14.704999923706055,0.4229986071586609,-2.2752275466918945
14.710000038146973,-0.2007465362548828,-2.2726314067840576
14.71500015258789,-0.08428192138671875,-2.2688379287719727
14.720000267028809,0.3575233221054077,-2.269826889038086
14.725000381469727,0.11109181493520737,-2.2688376903533936
14.729999542236328,-0.2531692385673523,-2.2657039165496826
14.734999656677246,-0.08123047649860382,-2.2629010677337646
14.739999771118164,0.2863292992115021,-2.257704496383667
14.744999885559082,-0.005779819097369909,-2.249129056930542
14.75,0.4612039625644684,-2.24104905128479
14.755000114440918,-0.1445879191160202,-2.2356889247894287
14.760000228881836,-0.41451722383499146,-2.229752779006958
14.765000343322754,0.3435904383659363,-2.2270328998565674
14.770000457763672,-0.010808169841766357,-2.221752882003784
14.774999618530273,-0.04190121218562126,-2.2158570289611816
14.779999732971191,0.21473821997642517,-2.212561845779419
14.78499984741211,-0.17048995196819305,-2.2072806358337402
14.789999961853027,0.4110816717147827,-2.1982476711273193
14.795000076293945,-0.4935069978237152,-2.1864562034606934
14.800000190734863,0.416230708360672,-2.175736665725708
14.805000305175781,-0.6565209627151489,-2.1712937355041504
14.8100004196167,0.8614712357521057,-2.1654751300811768
14.8149995803833,-0.5685028433799744,-2.155942440032959
14.819999694824219,0.19523607194423676,-2.1467537879943848
14.824999809265137,0.21974267065525055,-2.1355366706848145
14.829999923706055,-0.34100085496902466,-2.1274213790893555
14.835000038146973,0.38687390089035034,-2.1204912662506104
14.84000015258789,0.03484000638127327,-2.110382318496704
14.845000267028809,-0.08746511489152908,-2.0969457626342773
14.850000381469727,0.026199007406830788,-2.0857272148132324
14.854999542236328,-0.3719286620616913,-2.0775394439697266
14.859999656677246,0.3647644519805908,-2.071181297302246
14.864999771118164,-0.04422180727124214,-2.061570167541504
14.869999885559082,0.927499532699585,-2.046635866165161
14.875,-0.9702073931694031,-2.0384509563446045
14.880000114440918,0.5573940277099609,-2.0288753509521484
14.885000228881836,-0.33746251463890076,-2.017155408859253
14.890000343322754,0.5412380695343018,-2.0036845207214355
14.895000457763672,-0.23915761709213257,-1.9908567667007446
14.899999618530273,0.21801380813121796,-1.978028416633606
14.904999732971191,0.02997063472867012,-1.9640576839447021
14.90999984741211,0.13658979535102844,-1.9464409351348877
14.914999961853027,0.3197617530822754,-1.934043049812317
14.920000076293945,-0.3821046054363251,-1.924826979637146
14.925000190734863,0.44719716906547546,-1.9141767024993896
14.930000305175781,-0.4722667932510376,-1.902955412864685
14.9350004196167,0.5581104755401611,-1.8937408924102783
14.9399995803833,-0.3633516728878021,-1.8857355117797852
14.944999694824219,0.16230416297912598,-1.8787673711776733
14.949999809265137,0.522127091884613,-1.865971565246582
14.954999923706055,-0.1351751834154129,-1.8515336513519287
14.960000038146973,-0.1392945945262909,-1.8386366367340088
14.96500015258789,0.418178528547287,-1.8236624002456665
14.970000267028809,-0.11493407934904099,-1.8091907501220703
14.975000381469727,0.5267892479896545,-1.7957583665847778
14.979999542236328,-0.4794769883155823,-1.7823914289474487
14.984999656677246,-0.6066073179244995,-1.768423318862915
14.989999771118164,0.4556353986263275,-1.753952145576477
14.994999885559082,0.1049741879105568,-1.7390410900115967
15,0.5884193778038025,-1.7244731187820435
15.005000114440918,-0.9356209635734558,-1.7057464122772217
15.010000228881836,1.2627111673355103,-1.6934185028076172
15.015000343322754,-1.151871681213379,-1.6837071180343628
15.020000457763672,0.6373165845870972,-1.6655787229537964
15.024999618530273,-0.25945428013801575,-1.6479225158691406
15.029999732971191,0.19758833944797516,-1.6359752416610718
15.03499984741211,0.14775453507900238,-1.6205865144729614
15.039999961853027,-0.15823371708393097,-1.6065583229064941
15.045000076293945,-0.152383953332901,-1.592086911201477
15.050000190734863,-0.7854027152061462,-1.5739551782608032
15.055000305175781,0.8925484418869019,-1.5594227313995361
15.0600004196167,0.19417732954025269,-1.550726294517517
15.0649995803833,0.4181686043739319,-1.5347672700881958
15.069999694824219,-0.5500214695930481,-1.5161268711090088
15.074999809265137,0.031342893838882446,-1.5010002851486206
15.079999923706055,-0.6136858463287354,-1.4843851327896118
15.085000038146973,1.5474885702133179,-1.4661914110183716
15.09000015258789,-0.7874995470046997,-1.4506187438964844
15.095000267028809,0.193509042263031,-1.4382908344268799
15.100000381469727,-0.22475524246692657,-1.4217041730880737
15.104999542236328,0.7564811706542969,-1.4055677652359009
15.109999656677246,-0.6465073823928833,-1.3916325569152832
15.114999771118164,0.04880927875638008,-1.3761736154556274
15.119999885559082,0.3862976133823395,-1.3626614809036255
15.125,-0.23603619635105133,-1.35295832157135
15.130000114440918,0.14937150478363037,-1.3354930877685547
15.135000228881836,0.7626930475234985,-1.3145618438720703
15.140000343322754,-0.6116799116134644,-1.298854112625122
15.145000457763672,0.1654682159423828,-1.2871712446212769
15.149999618530273,0.4246203899383545,-1.272699236869812
15.154999732971191,0.13099658489227295,-1.2560303211212158
15.15999984741211,-0.1404615193605423,-1.2415590286254883
15.164999961853027,0.17816530168056488,-1.2281858921051025
15.170000076293945,-0.8157877326011658,-1.2153220176696777
15.175000190734863,1.0611038208007812,-1.20082426071167
15.180000305175781,0.3204377591609955,-1.1858171224594116
15.1850004196167,-0.14827151596546173,-1.175607442855835
15.1899995803833,0.2608191967010498,-1.1643519401550293
15.194999694824219,-0.059792254120111465,-1.1525858640670776
15.199999809265137,-0.23035210371017456,-1.1439591646194458
15.204999923706055,-0.09049302339553833,-1.129563570022583
15.210000038146973,0.20115721225738525,-1.114556074142456
15.21500015258789,-0.29725298285484314,-1.1037616729736328
15.220000267028809,-0.4289734363555908,-1.0946747064590454
15.225000381469727,1.4035991430282593,-1.0813242197036743
15.229999542236328,0.13173772394657135,-1.063125491142273
15.234999656677246,-0.38186541199684143,-1.0486055612564087
15.239999771118164,-0.22320517897605896,-1.0378618240356445
15.244999885559082,0.5173394680023193,-1.026653528213501
15.25,0.16447094082832336,-1.0110867023468018
15.255000114440918,0.064996138215065,-0.9981997013092041
15.260000228881836,0.1975475251674652,-0.9901594519615173
15.265000343322754,-0.47565972805023193,-0.9768064618110657
15.270000457763672,0.5186855792999268,-0.9601912498474121
15.274999618530273,-0.060792479664087296,-0.9456968903541565
15.279999732971191,-0.033358827233314514,-0.9360262751579285
15.28499984741211,-0.0867854431271553,-0.9268919825553894
15.289999961853027,0.35340428352355957,-0.9182941317558289
15.295000076293945,-0.9261523485183716,-0.9097407460212708
15.300000190734863,1.0098525285720825,-0.901208758354187
15.305000305175781,-0.13258111476898193,-0.8899311423301697
15.3100004196167,0.21126176416873932,-0.8738739490509033
15.3149995803833,-0.3843478560447693,-0.8636898398399353
15.319999694824219,0.5087010264396667,-0.8550499677658081
15.324999809265137,0.2327500581741333,-0.8449088931083679
15.329999923706055,-0.21007825434207916,-0.8336533308029175
15.335000038146973,0.12279751151800156,-0.8224185109138489
15.34000015258789,-0.0343296192586422,-0.8132652640342712
15.345000267028809,0.07250406593084335,-0.802545964717865
15.350000381469727,0.5477369427680969,-0.7945263385772705
15.354999542236328,-0.4916025996208191,-0.7827349305152893
15.359999656677246,0.23345212638378143,-0.7730870246887207
15.364999771118164,0.5348186492919922,-0.7665956616401672
15.369999885559082,-0.43286505341529846,-0.759647786617279
15.375,-0.3469988703727722,-0.7505944967269897
15.380000114440918,-0.16462402045726776,-0.738783597946167
15.385000228881836,1.2774755954742432,-0.7296146750450134
15.390000343322754,-0.7162337899208069,-0.7221866250038147
15.395000457763672,0.28855425119400024,-0.7103762030601501
15.399999618530273,-0.5187477469444275,-0.6996380090713501
15.404999732971191,0.6503036618232727,-0.6947769522666931
15.40999984741211,-0.0800708532333374,-0.688899576663971
15.414999961853027,-0.5770168304443359,-0.6835395097732544
15.420000076293945,1.231718897819519,-0.6749820113182068
15.425000190734863,-0.4830653667449951,-0.6669422388076782
15.430000305175781,0.10450461506843567,-0.657294750213623
15.4350004196167,0.3006618022918701,-0.648736298084259
15.4399995803833,0.06130950525403023,-0.6374807953834534
15.444999694824219,0.3747689127922058,-0.6262083053588867
15.449999809265137,-0.7095302939414978,-0.6187043786048889
15.454999923706055,0.289547860622406,-0.6133107542991638
15.460000038146973,0.20876078307628632,-0.608487069606781
15.46500015258789,-0.0234614759683609,-0.6015523076057434
15.470000267028809,0.19240063428878784,-0.5929927229881287
15.475000381469727,0.359389066696167,-0.5870323181152344
15.479999542236328,-0.26647570729255676,-0.5832964181900024
15.484999656677246,-0.286108136177063,-0.5779524445533752
15.489999771118164,0.7007351517677307,-0.5709846615791321
15.494999885559082,-0.26300182938575745,-0.5661453604698181
15.5,0.1456282138824463,-0.5576156973838806
15.505000114440918,-0.5760107040405273,-0.5506173968315125
15.510000228881836,0.7263556718826294,-0.5425779223442078
15.515000343322754,0.2477176934480667,-0.5351035594940186
15.520000457763672,-0.06271234899759293,-0.5275558829307556
15.524999618530273,0.07512974739074707,-0.5259189605712891
15.529999732971191,0.06730974465608597,-0.5227459669113159
15.53499984741211,0.1984461396932602,-0.5126047134399414
15.539999961853027,-0.033409975469112396,-0.5018572211265564
15.545000076293945,0.11244530230760574,-0.49380379915237427
15.550000190734863,-0.021387428045272827,-0.4868495464324951
15.555000305175781,-0.16984814405441284,-0.4793323278427124
15.5600004196167,0.18947651982307434,-0.4739592671394348
15.5649995803833,0.281065434217453,-0.4702073037624359
15.569999694824219,-0.205818310379982,-0.4659322500228882
15.574999809265137,0.2699393033981323,-0.4573567807674408
15.579999923706055,-0.05334343761205673,-0.4498656392097473
15.585000038146973,-0.10141673684120178,-0.4450044333934784
15.59000015258789,0.019032567739486694,-0.43807369470596313
15.595000267028809,0.2044224739074707,-0.4316416084766388
15.600000381469727,-0.14731258153915405,-0.42465004324913025
15.604999542236328,-0.2763786017894745,-0.4208865165710449
15.609999656677246,0.21828392148017883,-0.4187540113925934
15.614999771118164,0.2997105121612549,-0.4139302372932434
15.619999885559082,-0.3753367066383362,-0.4059132933616638
15.625,0.37876462936401367,-0.3957517147064209
15.630000114440918,-0.021861406043171883,-0.387143075466156
15.635000228881836,0.5179190635681152,-0.3801648020744324
15.640000343322754,0.12003971636295319,-0.37641283869743347
15.645000457763672,0.1297953873872757,-0.3742583096027374
15.649999618530273,-0.49189552664756775,-0.37105268239974976
15.654999732971191,0.22420650720596313,-0.36463114619255066
15.65999984741211,-0.13905282318592072,-0.35873526334762573
15.664999961853027,0.12867887318134308,-0.3554997146129608
15.670000076293945,0.09775511175394058,-0.3517574965953827
15.675000190734863,0.3356964886188507,-0.3458804190158844
15.680000305175781,-0.38113418221473694,-0.33729565143585205
15.6850004196167,0.32425612211227417,-0.3324626684188843
15.6899995803833,-0.04958615452051163,-0.3265845775604248
15.694999694824219,-0.07597838342189789,-0.31747299432754517
15.699999809265137,0.2685195803642273,-0.3120790421962738
15.704999923706055,-0.2237652987241745,-0.31263142824172974
15.710000038146973,0.3684679865837097,-0.30674391984939575
15.71500015258789,-0.14220695197582245,-0.2960328459739685
15.720000267028809,0.14589576423168182,-0.29492881894111633
15.725000381469727,-0.07794349640607834,-0.2943929135799408
15.729999542236328,0.055756013840436935,-0.28852757811546326
15.734999656677246,0.20998111367225647,-0.28155234456062317
15.739999771118164,-0.12699568271636963,-0.27672117948532104
15.744999885559082,0.16611771285533905,-0.2724333107471466
15.75,-0.002390921814367175,-0.269210547208786
15.755000114440918,0.12699012458324432,-0.26759597659111023
15.760000228881836,0.11280667781829834,-0.26547154784202576
15.765000343322754,-0.20594747364521027,-0.2590397596359253
15.770000457763672,0.19660834968090057,-0.25420358777046204
15.774999618530273,0.06403417885303497,-0.2531314492225647
15.779999732971191,0.10336379706859589,-0.2493855208158493
15.78499984741211,-0.1507890820503235,-0.2472301870584488
15.789999961853027,0.09319780766963959,-0.24830196797847748
15.795000076293945,0.21863499283790588,-0.24509699642658234
15.800000190734863,-0.1470855176448822,-0.23653201758861542
15.805000305175781,-0.026080535724759102,-0.22955910861492157
15.8100004196167,0.054276663810014725,-0.22793631255626678
15.8149995803833,0.206940695643425,-0.22686904668807983
15.819999694824219,-0.03915483132004738,-0.22419360280036926
15.824999809265137,0.23698458075523376,-0.2204374521970749
15.829999923706055,0.0038698739372193813,-0.2188294231891632
15.835000038146973,0.06471718847751617,-0.21561755239963531
15.84000015258789,0.19143353402614594,-0.21239778399467468
15.845000267028809,-0.048023633658885956,-0.20650961995124817
15.850000381469727,0.08942065387964249,-0.20061035454273224
15.854999542236328,0.017544016242027283,-0.20060014724731445
15.859999656677246,0.0854974016547203,-0.20274707674980164
15.864999771118164,0.020900173112750053,-0.20007330179214478
15.869999885559082,0.13317252695560455,-0.19364185631275177
15.875,-0.03553776070475578,-0.1904257982969284
15.880000114440918,0.04379197582602501,-0.1866738200187683
15.885000228881836,0.04502551257610321,-0.1818501055240631
15.890000343322754,0.07531411945819855,-0.17916791141033173
15.895000457763672,0.06601402163505554,-0.17809578776359558
15.899999618530273,-0.10161067545413971,-0.17862796783447266
15.904999732971191,0.1241646334528923,-0.18077191710472107
15.90999984741211,0.051065124571323395,-0.18023903667926788
15.914999961853027,0.04841773211956024,-0.1770244836807251
15.920000076293945,0.1315496414899826,-0.17487820982933044
15.925000190734863,0.023016542196273804,-0.17541326582431793
15.930000305175781,0.11264733970165253,-0.17327268421649933
15.9350004196167,-0.004773339722305536,-0.16576910018920898
15.9399995803833,0.04438629373908043,-0.1652308702468872
15.944999694824219,0.07042191922664642,-0.1684465855360031
15.949999809265137,0.04822269454598427,-0.16576743125915527
15.954999923706055,0.03648349642753601,-0.1646956354379654
15.960000038146973,0.09586910903453827,-0.16898249089717865
15.96500015258789,0.062775619328022,-0.16683854162693024
15.970000267028809,0.09885653853416443,-0.16362348198890686
15.975000381469727,0.08561443537473679,-0.16523203253746033
15.979999542236328,0.08489314466714859,-0.16522833704948425
15.984999656677246,0.0758940726518631,-0.1577247679233551
15.989999771118164,0.08252690732479095,-0.1550496369600296
15.994999885559082,0.04998210072517395,-0.15773098170757294
16,0.043699607253074646,-0.15879672765731812
16.0049991607666,0.02975057065486908,-0.15558435022830963
16.010000228881836,0.08865190297365189,-0.15558232367038727
16.014999389648438,0.05184969678521156,-0.15505047142505646
16.020000457763672,0.0053139058873057365,-0.15451020002365112
16.024999618530273,0.07285955548286438,-0.15558922290802002
16.030000686645508,0.0393892265856266,-0.15826670825481415
16.03499984741211,0.026389261707663536,-0.16147956252098083
16.040000915527344,0.043819207698106766,-0.16202150285243988
16.045000076293945,0.05972379818558693,-0.16362668573856354
16.049999237060547,0.039485275745391846,-0.16576389968395233
16.05500030517578,0.05680592358112335,-0.1663065254688263
16.059999465942383,0.04391930624842644,-0.16791824996471405
16.065000534057617,0.06343360245227814,-0.17273814976215363
16.06999969482422,0.01798708736896515,-0.1743461638689041
16.075000762939453,0.07227075099945068,-0.17487822473049164
16.079999923706055,0.09724469482898712,-0.17649026215076447
16.084999084472656,-0.025246277451515198,-0.17702196538448334
16.09000015258789,0.19051353633403778,-0.17756256461143494
16.094999313354492,0.014425949193537235,-0.17970649898052216
16.100000381469727,0.017829954624176025,-0.18453997373580933
16.104999542236328,0.011156274005770683,-0.1898895502090454
16.110000610351562,0.17569343745708466,-0.18880735337734222
16.114999771118164,-0.16282673180103302,-0.18720483779907227
16.1200008392334,0.31489163637161255,-0.19097326695919037
16.125,-0.19037334620952606,-0.19687506556510925
16.1299991607666,0.23491089046001434,-0.20598062872886658
16.135000228881836,-0.05067654326558113,-0.21079227328300476
16.139999389648438,0.22834612429141998,-0.2118644267320633
16.145000457763672,0.0714048445224762,-0.21563570201396942
16.149999618530273,-0.1311415731906891,-0.22419124841690063
16.155000686645508,-0.03309277072548866,-0.22742073237895966
16.15999984741211,-0.00512404041364789,-0.23331663012504578
16.165000915527344,0.16171422600746155,-0.24190646409988403
16.170000076293945,0.10586436092853546,-0.2520902454853058
16.174999237060547,-0.09002972394227982,-0.26334574818611145
16.18000030517578,0.18207018077373505,-0.271906316280365
16.184999465942383,0.0063623390160501,-0.2788740396499634
16.190000534057617,-0.06739220768213272,-0.2826101779937744
16.19499969482422,0.3092755973339081,-0.2858259379863739
16.200000762939453,-0.31006091833114624,-0.29283496737480164
16.204999923706055,0.3419027626514435,-0.3013770282268524
16.209999084472656,0.05876149237155914,-0.3078172504901886
16.21500015258789,0.08268368989229202,-0.3153475224971771
16.219999313354492,-0.5556048154830933,-0.3260493576526642
16.225000381469727,0.5231928825378418,-0.3362419903278351
16.229999542236328,-0.21660253405570984,-0.3469710052013397
16.235000610351562,0.5224321484565735,-0.3581981658935547
16.239999771118164,-0.5646402835845947,-0.36355817317962646
16.2450008392334,0.5099242329597473,-0.3710716664791107
16.25,-0.11827296018600464,-0.3834289312362671
16.2549991607666,0.1885267049074173,-0.39627233147621155
16.260000228881836,-0.14880701899528503,-0.40428122878074646
16.264999389648438,0.15062567591667175,-0.41182681918144226
16.270000457763672,-0.021629204973578453,-0.42145344614982605
16.274999618530273,0.11728965491056442,-0.43107911944389343
16.280000686645508,-0.1854793131351471,-0.4375549554824829
16.28499984741211,0.13213035464286804,-0.44771650433540344
16.290000915527344,0.014522732235491276,-0.45520904660224915
16.295000076293945,0.03511233255267143,-0.46542686223983765
16.299999237060547,0.19454754889011383,-0.4788263738155365
16.30500030517578,0.2275339514017105,-0.4905942678451538
16.309999465942383,-0.24200890958309174,-0.4991941452026367
16.315000534057617,0.2948823571205139,-0.5120454430580139
16.31999969482422,0.19314143061637878,-0.5243727564811707
16.325000762939453,-0.07162310183048248,-0.5318770408630371
16.329999923706055,-0.3678063154220581,-0.5436685085296631
16.334999084472656,0.3933219909667969,-0.5570676326751709
16.34000015258789,0.004126009996980429,-0.5661927461624146
16.344999313354492,0.023813258856534958,-0.5790695548057556
16.350000381469727,-0.105600506067276,-0.5940636396408081
16.354999542236328,0.09390329569578171,-0.6063776612281799
16.360000610351562,0.04193800687789917,-0.6171111464500427
16.364999771118164,0.6867864727973938,-0.6299746036529541
16.3700008392334,0.07901401817798615,-0.6422740817070007
16.375,-0.12480495125055313,-0.6530362367630005
16.3799991607666,-0.20218133926391602,-0.6659001111984253
16.385000228881836,0.3516647517681122,-0.6787055730819702
16.389999389648438,0.08356283605098724,-0.6894688606262207
16.395000457763672,-0.14577613770961761,-0.702347457408905
16.399999618530273,0.5881790518760681,-0.7146452069282532
16.405000686645508,-0.37485170364379883,-0.7286108732223511
16.40999984741211,-0.3051113188266754,-0.745777428150177
16.415000915527344,0.13851775228977203,-0.7580745220184326
16.420000076293945,0.3459387421607971,-0.770402193069458
16.424999237060547,-0.12820085883140564,-0.7854093313217163
16.43000030517578,0.744360089302063,-0.7993446588516235
16.434999465942383,-0.9052678942680359,-0.8117049336433411
16.440000534057617,0.8385665416717529,-0.8261439204216003
16.44499969482422,-0.19265970587730408,-0.8400792479515076
16.450000762939453,0.14447970688343048,-0.854567289352417
16.454999923706055,0.26170462369918823,-0.8668613433837891
16.459999084472656,0.3316400647163391,-0.8743143081665039
16.46500015258789,-0.5909757614135742,-0.8845662474632263
16.469999313354492,0.4333232045173645,-0.8980181813240051
16.475000381469727,-0.29601579904556274,-0.9156705737113953
16.479999542236328,0.29337432980537415,-0.9333752989768982
16.485000610351562,-0.18388478457927704,-0.9477933645248413
16.489999771118164,0.5595501065254211,-0.9569234251976013
16.4950008392334,-0.35329464077949524,-0.9735748767852783
16.5,0.21058130264282227,-0.9901903867721558
16.5049991607666,0.2003052830696106,-1.0040332078933716
16.510000228881836,0.18912912905216217,-1.0148274898529053
16.514999389648438,-0.5910953879356384,-1.0276914834976196
16.520000457763672,0.3859715461730957,-1.0416079759597778
16.524999618530273,0.07960426062345505,-1.053361177444458
16.530000686645508,-0.02351667918264866,-1.0679097175598145
16.53499984741211,0.06219049543142319,-1.0840284824371338
16.540000915527344,0.054362453520298004,-1.0994541645050049
16.545000076293945,0.054568853229284286,-1.1096574068069458
16.549999237060547,-0.14612576365470886,-1.1198410987854004
16.55500030517578,0.26428648829460144,-1.1337963342666626
16.559999465942383,0.45786985754966736,-1.1461446285247803
16.565000534057617,-0.4133109748363495,-1.1600596904754639
16.56999969482422,-0.11261680722236633,-1.173995018005371
16.575000762939453,0.4692918658256531,-1.185208797454834
16.579999923706055,-0.1385902464389801,-1.1949410438537598
16.584999084472656,0.25672003626823425,-1.2115352153778076
16.59000015258789,0.059108491986989975,-1.2297581434249878
16.594999313354492,-0.03125423192977905,-1.2431796789169312
16.600000381469727,0.3612338602542877,-1.2559565305709839
16.604999542236328,0.0886765643954277,-1.2666760683059692
16.610000610351562,0.6060733795166016,-1.2769259214401245
16.614999771118164,-0.31854620575904846,-1.289209246635437
16.6200008392334,0.276017963886261,-1.3004647493362427
16.625,-0.5758580565452576,-1.3106712102890015
16.6299991607666,-0.23257888853549957,-1.3267501592636108
16.635000228881836,0.7153991460800171,-1.3390778303146362
16.639999389648438,0.02528305910527706,-1.348190188407898
16.645000457763672,-0.08959583938121796,-1.363756537437439
16.649999618530273,0.07473009079694748,-1.3797886371612549
16.655000686645508,0.2609362006187439,-1.3888769149780273
16.65999984741211,-0.0006079546292312443,-1.3953089714050293
16.665000915527344,-0.14422689378261566,-1.4049806594848633
16.670000076293945,0.13468024134635925,-1.4189882278442383
16.674999237060547,-0.16731558740139008,-1.4350677728652954
16.68000030517578,0.14190885424613953,-1.449416995048523
16.684999465942383,-0.11860709637403488,-1.4569454193115234
16.690000534057617,0.5906559824943542,-1.4649852514266968
16.69499969482422,-0.39738398790359497,-1.4757294654846191
16.700000762939453,0.3167610764503479,-1.4854025840759277
16.704999923706055,0.25319862365722656,-1.4982407093048096
16.709999084472656,-0.22038999199867249,-1.5133240222930908
16.71500015258789,-0.16588036715984344,-1.5277961492538452
16.719999313354492,0.13875658810138702,-1.5388972759246826
16.725000381469727,0.14443334937095642,-1.5464527606964111
16.729999542236328,0.04998764395713806,-1.5555908679962158
16.735000610351562,-0.18526294827461243,-1.567408561706543
16.739999771118164,0.39119935035705566,-1.5786641836166382
16.7450008392334,-0.3083275854587555,-1.594770073890686
16.75,0.47255271673202515,-1.6092417240142822
16.7549991607666,-0.3561716675758362,-1.6204168796539307
16.760000228881836,0.45724648237228394,-1.631190538406372
16.764999389648438,-0.9266582727432251,-1.6445627212524414
16.770000457763672,0.6042006611824036,-1.655309796333313
16.774999618530273,-0.06784665584564209,-1.6671016216278076
16.780000686645508,0.14290393888950348,-1.6799372434616089
16.78499984741211,0.2879180312156677,-1.6928284168243408
16.790000915527344,-0.27013322710990906,-1.7056920528411865
16.795000076293945,0.17953059077262878,-1.71641206741333
16.799999237060547,0.20235249400138855,-1.7260031700134277
16.80500030517578,-0.09095007926225662,-1.7383300065994263
16.809999465942383,0.06716842949390411,-1.74690580368042
16.815000534057617,0.14850269258022308,-1.7544387578964233
16.81999969482422,-0.21344803273677826,-1.7646515369415283
16.825000762939453,0.431791216135025,-1.7768912315368652
16.829999923706055,0.1148998811841011,-1.7844243049621582
16.834999084472656,-0.1936614215373993,-1.7951734066009521
16.84000015258789,0.23862437903881073,-1.8037195205688477
16.844999313354492,0.19239108264446259,-1.8123252391815186
16.850000381469727,0.058378759771585464,-1.8263509273529053
16.854999542236328,-0.24230988323688507,-1.8434721231460571
16.860000610351562,0.3430462181568146,-1.8541312217712402
16.864999771118164,-0.16293929517269135,-1.8642535209655762
16.8700008392334,0.4197458326816559,-1.872323751449585
16.875,-0.23163717985153198,-1.8781269788742065
16.8799991607666,0.39929571747779846,-1.8829814195632935
16.885000228881836,-0.31156235933303833,-1.887868046760559
16.889999389648438,0.24608264863491058,-1.8931022882461548
16.895000457763672,0.16875554621219635,-1.8948050737380981
16.899999618530273,0.1340848207473755,-1.901804804801941
16.905000686645508,0.14423570036888123,-1.9114843606948853
16.90999984741211,-0.15039825439453125,-1.9211000204086304
16.915000915527344,0.33633390069007874,-1.9296433925628662
16.920000076293945,-0.04244181141257286,-1.93607497215271
16.924999237060547,0.07195908576250076,-1.9431411027908325
16.93000030517578,0.16189752519130707,-1.9542982578277588
16.934999465942383,-0.5388906002044678,-1.9661550521850586
16.940000534057617,0.6862907409667969,-1.972554326057434
16.94499969482422,-0.11297962069511414,-1.978350043296814
16.950000762939453,-0.0717150866985321,-1.9865570068359375
16.954999923706055,-0.06605452299118042,-1.9972431659698486
16.959999084472656,0.303644061088562,-2.0090346336364746
16.96500015258789,-0.08011284470558167,-2.01482892036438
16.969999313354492,-0.007828101515769958,-2.020724296569824
16.975000381469727,0.4818134307861328,-2.0283656120300293
16.979999542236328,-0.19540207087993622,-2.0389816761016846
16.985000610351562,0.11037936061620712,-2.044306755065918
16.989999771118164,0.09032852947711945,-2.050272226333618
16.9950008392334,-0.20767521858215332,-2.058311700820923
17,0.34540727734565735,-2.0690665245056152
17.0049991607666,0.015277153812348843,-2.0764999389648438
17.010000228881836,-0.058114565908908844,-2.083967924118042
17.014999389648438,0.17496222257614136,-2.0893990993499756
17.020000457763672,-0.035582296550273895,-2.0957953929901123
17.024999618530273,0.14727024734020233,-2.1021909713745117
17.030000686645508,-0.26160120964050293,-2.106478691101074
17.03499984741211,0.19440625607967377,-2.1119115352630615
17.040000915527344,0.16239319741725922,-2.1220948696136475
17.045000076293945,-0.030927827581763268,-2.1279540061950684
17.049999237060547,-0.074193574488163,-2.133277177810669
17.05500030517578,0.13493157923221588,-2.1397457122802734
17.059999465942383,-0.0948188304901123,-2.143996477127075
17.065000534057617,0.11421871185302734,-2.150502920150757
17.06999969482422,0.13513287901878357,-2.159040927886963
17.075000762939453,-0.01660894602537155,-2.164363384246826
17.079999923706055,0.20379282534122467,-2.1664316654205322
17.084999084472656,-0.06415858864784241,-2.1680777072906494
17.09000015258789,0.22165369987487793,-2.171905994415283
17.094999313354492,0.009316644631326199,-2.1778786182403564
17.100000381469727,0.008492333814501762,-2.186300039291382
17.104999542236328,-0.08004698157310486,-2.191736936569214
17.110000610351562,0.19375449419021606,-2.195986032485962
17.114999771118164,0.05026620253920555,-2.2008097171783447
17.1200008392334,0.015225986950099468,-2.2034897804260254
17.125,0.040733519941568375,-2.209425210952759
17.1299991607666,0.01950876973569393,-2.2169289588928223
17.135000228881836,0.09968379884958267,-2.2205617427825928
17.139999389648438,0.04855833575129509,-2.2217133045196533
17.145000457763672,0.10359085351228714,-2.2265772819519043
17.149999618530273,-0.07174786180257797,-2.2340404987335205
17.155000686645508,0.05396680161356926,-2.2372567653656006
17.15999984741211,0.05176028236746788,-2.2421212196350098
17.165000915527344,-0.13932478427886963,-2.2480173110961914
17.170000076293945,0.3138796389102936,-2.2532951831817627
17.174999237060547,-0.0793926790356636,-2.255439043045044
17.18000030517578,0.0072212438099086285,-2.257046937942505
17.184999465942383,0.14752046763896942,-2.2608399391174316
17.190000534057617,0.09952519088983536,-2.265127658843994
17.19499969482422,0.12940752506256104,-2.268343687057495
17.200000762939453,0.08425392955541611,-2.270940065383911
17.204999923706055,-0.06561807543039322,-2.2736613750457764
17.209999084472656,-0.09534288942813873,-2.274197816848755
17.21500015258789,0.010369496420025826,-2.2779922485351562
17.219999313354492,0.2530234754085541,-2.28562331199646
17.225000381469727,-0.06871221959590912,-2.291884422302246
17.229999542236328,0.2495068609714508,-2.2945642471313477
17.235000610351562,-0.24337822198867798,-2.2972872257232666
17.239999771118164,0.3022000789642334,-2.29992413520813
17.2450008392334,-0.3293359875679016,-2.3037190437316895
17.25,0.33760130405426025,-2.3090789318084717
17.2549991607666,-0.22598101198673248,-2.312251329421997
17.260000228881836,0.03456586226820946,-2.312699317932129
17.264999389648438,0.2250691056251526,-2.308903694152832
17.270000457763672,-0.041124377399683,-2.3080084323883057
17.274999618530273,0.07691379636526108,-2.313412666320801
17.280000686645508,0.07063352316617966,-2.3181474208831787
17.28499984741211,0.0470583401620388,-2.318593978881836
17.290000915527344,0.04642243683338165,-2.315378189086914
17.295000076293945,0.06287534534931183,-2.3143510818481445
17.299999237060547,0.0643797367811203,-2.317166805267334
17.30500030517578,0.0062883696518838406,-2.323017120361328
17.309999465942383,0.07039248198270798,-2.3273050785064697
17.315000534057617,0.07495052367448807,-2.3304293155670166
17.31999969482422,0.07193218916654587,-2.3287758827209473
17.325000762939453,0.07963516563177109,-2.326631784439087
17.329999923706055,0.04503875970840454,-2.325605869293213
17.334999084472656,0.04287713021039963,-2.326188325881958
17.34000015258789,0.016088206321001053,-2.3299400806427
17.344999313354492,0.031226251274347305,-2.3304762840270996
17.350000381469727,0.02389642782509327,-2.3303825855255127
17.354999542236328,0.04592563584446907,-2.331012487411499
17.360000610351562,0.04807034134864807,-2.330918073654175
17.364999771118164,0.01848388835787773,-2.3299410343170166
17.3700008392334,0.04026506468653679,-2.3309178352355957
17.375,0.02941863425076008,-2.331596851348877
17.3799991607666,0.05796365067362785,-2.3330612182617188
17.385000228881836,0.03425268456339836,-2.3331570625305176
17.389999389648438,0.015119630843400955,-2.3342292308807373
17.395000457763672,0.04996848851442337,-2.337445020675659
17.399999618530273,0.028450798243284225,-2.3362762928009033
17.405000686645508,0.02705313265323639,-2.3346681594848633
17.40999984741211,0.04145076125860214,-2.3336451053619385
17.415000915527344,0.04377872869372368,-2.3331093788146973
17.420000076293945,0.008484592661261559,-2.3314027786254883
17.424999237060547,0.03274756297469139,-2.3281867504119873
17.43000030517578,0.11126770079135895,-2.325605630874634
17.434999465942383,0.019277295097708702,-2.3239481449127197
17.440000534057617,0.019172046333551407,-2.3217544555664062
17.44499969482422,0.15488378703594208,-2.318638801574707
17.450000762939453,0.037418216466903687,-2.318638801574707
17.454999923706055,0.06415929645299911,-2.317516326904297
17.459999084472656,0.1210726872086525,-2.3164947032928467
17.46500015258789,-0.1458313763141632,-2.317030906677246
17.469999313354492,0.3294772803783417,-2.316443920135498
17.475000381469727,-0.21602921187877655,-2.3131768703460693
17.479999542236328,0.07434479147195816,-2.3099608421325684
17.485000610351562,0.03436087444424629,-2.3046011924743652
17.489999771118164,-0.1356116533279419,-2.3003652095794678
17.4950008392334,0.21941626071929932,-2.2981691360473633
17.5,-0.24997718632221222,-2.293933391571045
17.5049991607666,0.45248863101005554,-2.2928614616394043
17.510000228881836,-0.2857508063316345,-2.2901813983917236
17.514999389648438,0.3728015720844269,-2.285252809524536
17.520000457763672,-0.2686730623245239,-2.282142162322998
17.524999618530273,0.11774154752492905,-2.2788734436035156
17.530000686645508,-0.06070968881249428,-2.274585485458374
17.53499984741211,0.1623968929052353,-2.2702977657318115
17.540000915527344,0.042475275695323944,-2.2676708698272705
17.545000076293945,0.22717516124248505,-2.2639193534851074
17.549999237060547,-0.13190589845180511,-2.261775493621826
17.55500030517578,0.05262875184416771,-2.259631395339966
17.559999465942383,0.31180447340011597,-2.2551817893981934
17.565000534057617,-0.2410612851381302,-2.2471961975097656
17.56999969482422,-0.005036456976085901,-2.2418906688690186
17.575000762939453,0.16321013867855072,-2.2381386756896973
17.579999923706055,-0.2632502317428589,-2.230471134185791
17.584999084472656,0.32372432947158813,-2.2220048904418945
17.59000015258789,0.00962244812399149,-2.2166998386383057
17.594999313354492,-0.004979051183909178,-2.213003158569336
17.600000381469727,-0.020332006737589836,-2.208660364151001
17.604999542236328,0.29772886633872986,-2.2042055130004883
17.610000610351562,-0.08981112390756607,-2.194669246673584
17.614999771118164,-0.19257289171218872,-2.1871659755706787
17.6200008392334,0.33404678106307983,-2.1823978424072266
17.625,-0.07055994868278503,-2.176389694213867
17.6299991607666,0.2285606861114502,-2.1688859462738037
17.635000228881836,-0.02220841683447361,-2.1581664085388184
17.639999389648438,0.016321133822202682,-2.1500699520111084
17.645000457763672,-0.26200640201568604,-2.1410715579986572
17.649999618530273,-0.0011378474300727248,-2.131788969039917
17.655000686645508,0.12219840288162231,-2.1212410926818848
17.65999984741211,0.3511105477809906,-2.116589307785034
17.665000915527344,0.03458571434020996,-2.114751100540161
17.670000076293945,0.08619549125432968,-2.1067113876342773
17.674999237060547,0.2756849229335785,-2.09539794921875
17.68000030517578,-0.39352142810821533,-2.0829546451568604
17.684999465942383,0.35611608624458313,-2.071279287338257
17.690000534057617,-0.36657392978668213,-2.060617685317993
17.69499969482422,0.2985619902610779,-2.0487093925476074
17.700000762939453,0.09167980402708054,-2.0386431217193604
17.704999923706055,-0.30249443650245667,-2.032864809036255
17.709999084472656,0.172798752784729,-2.0241124629974365
17.71500015258789,0.12498121708631516,-2.015000343322754
17.719999313354492,-0.19798579812049866,-2.0049355030059814
17.725000381469727,0.23977990448474884,-1.9995757341384888
17.729999542236328,-0.21267671883106232,-1.993024230003357
17.735000610351562,0.4497963786125183,-1.9795650243759155
17.739999771118164,-0.3365539610385895,-1.9639618396759033
17.7450008392334,0.7126469016075134,-1.9533621072769165
17.75,-0.44865038990974426,-1.942703127861023
17.7549991607666,0.7818121314048767,-1.9302546977996826
17.760000228881836,-0.5388401746749878,-1.9223358631134033
17.764999389648438,0.15670649707317352,-1.9132243394851685
17.770000457763672,0.5185320973396301,-1.902382731437683
17.774999618530273,-0.5296596884727478,-1.8929182291030884
17.780000686645508,0.2904413640499115,-1.8858891725540161
17.78499984741211,0.0933946892619133,-1.87791109085083
17.790000915527344,-0.10557547956705093,-1.8714791536331177
17.795000076293945,0.17620384693145752,-1.8649853467941284
17.799999237060547,0.0588567890226841,-1.8542661666870117
17.80500030517578,-0.10377560555934906,-1.8450921773910522
17.809999465942383,-0.19794456660747528,-1.8342477083206177
17.815000534057617,0.7787797451019287,-1.818766713142395
17.81999969482422,-0.7296415567398071,-1.8070378303527832
17.825000762939453,0.08673903346061707,-1.7957823276519775
17.829999923706055,0.05532066896557808,-1.7838644981384277
17.834999084472656,-0.30277928709983826,-1.7705281972885132
17.84000015258789,0.13831715285778046,-1.7577279806137085
17.844999313354492,0.11004962027072906,-1.7470721006393433
17.850000381469727,0.2671244740486145,-1.7384964227676392
17.854999542236328,0.10946597903966904,-1.7297927141189575
17.860000610351562,-0.22241176664829254,-1.7141854763031006
17.864999771118164,-0.1256999522447586,-1.6975703239440918
17.8700008392334,0.6052111983299255,-1.6851778030395508
17.875,-0.23402291536331177,-1.667083978652954
17.8799991607666,0.22850953042507172,-1.6558929681777954
17.885000228881836,-0.22221601009368896,-1.650727391242981
17.889999389648438,0.3272019624710083,-1.638010025024414
17.895000457763672,0.19760453701019287,-1.6202572584152222
17.899999618530273,-0.3905019760131836,-1.6044392585754395
17.905000686645508,0.48238712549209595,-1.5930522680282593
17.90999984741211,-0.49451789259910583,-1.5791165828704834
17.915000915527344,0.19843214750289917,-1.5626332759857178
17.920000076293945,0.5081799030303955,-1.5529192686080933
17.924999237060547,-0.2427375167608261,-1.5411275625228882
17.93000030517578,-0.19787244498729706,-1.5255179405212402
17.934999465942383,0.21334902942180634,-1.511515498161316
17.940000534057617,0.059420567005872726,-1.4979805946350098
17.94499969482422,-0.35237425565719604,-1.4908123016357422
17.950000762939453,0.35800835490226746,-1.4832408428192139
17.954999923706055,-0.05243447795510292,-1.4683010578155518
17.959999084472656,0.3223330080509186,-1.452555775642395
17.96500015258789,-0.26549240946769714,-1.4380161762237549
17.969999313354492,0.41175103187561035,-1.422343373298645
17.975000381469727,-0.28479406237602234,-1.408536672592163
17.979999542236328,0.5157102346420288,-1.3969484567642212
17.985000610351562,-0.4553181827068329,-1.3842902183532715
17.989999771118164,0.41722431778907776,-1.375577688217163
17.9950008392334,0.15769128501415253,-1.3642534017562866
18,0.11130711436271667,-1.3513209819793701
18.0049991607666,0.20274880528450012,-1.3374544382095337
18.010000228881836,-0.3454304337501526,-1.3239856958389282
18.014999389648438,0.11342272907495499,-1.3091862201690674
18.020000457763672,0.4441148042678833,-1.3000050783157349
18.024999618530273,0.23861999809741974,-1.2902874946594238
18.030000686645508,-0.496295690536499,-1.276352047920227
18.03499984741211,0.3233773410320282,-1.2639544010162354
18.040000915527344,-0.16375884413719177,-1.247339129447937
18.045000076293945,0.16387149691581726,-1.231259822845459
18.049999237060547,-0.163656547665596,-1.2190731763839722
18.05500030517578,0.040837012231349945,-1.2106382846832275
18.059999465942383,0.5886946320533752,-1.202457070350647
18.065000534057617,-0.056429095566272736,-1.1905944347381592
18.06999969482422,-0.01695082150399685,-1.177802324295044
18.075000762939453,0.07995276153087616,-1.167475700378418
18.079999923706055,0.43428587913513184,-1.1519323587417603
18.084999084472656,-0.4695148766040802,-1.1331735849380493
18.09000015258789,0.027742795646190643,-1.1191661357879639
18.094999313354492,0.22501133382320404,-1.1088056564331055
18.100000381469727,-0.0883442759513855,-1.1018381118774414
18.104999542236328,0.023181410506367683,-1.094797968864441
18.110000610351562,0.271379679441452,-1.08232581615448
18.114999771118164,-0.26496583223342896,-1.067636489868164
18.1200008392334,0.7653478384017944,-1.0494128465652466
18.125,-0.3891330659389496,-1.0354520082473755
18.1299991607666,-0.03790215775370598,-1.0307748317718506
18.135000228881836,0.4197796881198883,-1.0271189212799072
18.139999389648438,-0.16003581881523132,-1.01578950881958
18.145000457763672,0.09109322726726532,-0.9992479085922241
18.149999618530273,0.04781718924641609,-0.983483076095581
18.155000686645508,-0.21134234964847565,-0.9669412970542908
18.15999984741211,0.42032432556152344,-0.9522305130958557
18.165000915527344,-0.2024363875389099,-0.9437292218208313
18.170000076293945,-0.017120469361543655,-0.9400514960289001
18.174999237060547,0.17632566392421722,-0.9328599572181702
18.18000030517578,0.24461615085601807,-0.9205326437950134
18.184999465942383,-0.16168738901615143,-0.9081302285194397
18.190000534057617,-0.05173637717962265,-0.898021399974823
18.19499969482422,0.2503874897956848,-0.8845467567443848
18.200000762939453,0.1814817190170288,-0.8726793527603149
18.204999923706055,0.048984456807374954,-0.8600427508354187
18.209999084472656,-0.0953877866268158,-0.8497074842453003
18.21500015258789,0.07083076238632202,-0.838067889213562
18.219999313354492,-0.03692549094557762,-0.8289563059806824
18.225000381469727,-0.13502947986125946,-0.8207636475563049
18.229999542236328,0.5263539552688599,-0.8079766035079956
18.235000610351562,-0.06239696592092514,-0.7979464530944824
18.239999771118164,-0.02392258681356907,-0.7903659343719482
18.2450008392334,-0.2874315083026886,-0.7823262214660645
18.25,0.6877285242080688,-0.7736731767654419
18.2549991607666,-0.30280905961990356,-0.762953519821167
18.260000228881836,0.36317136883735657,-0.7516980171203613
18.264999389648438,-0.20074431598186493,-0.7409005761146545
18.270000457763672,0.13621699810028076,-0.7287288904190063
18.274999618530273,-0.21352532505989075,-0.723602831363678
18.280000686645508,0.6595786809921265,-0.7202305197715759
18.28499984741211,-0.4164154529571533,-0.7109622955322266
18.290000915527344,0.18789927661418915,-0.7003212571144104
18.295000076293945,0.12145541608333588,-0.6922026872634888
18.299999237060547,-0.15031251311302185,-0.682712733745575
18.30500030517578,0.4351808726787567,-0.675209105014801
18.309999465942383,-0.09734665602445602,-0.6693132519721985
18.315000534057617,-0.06641662865877151,-0.6633378863334656
18.31999969482422,-0.08448249101638794,-0.6536904573440552
18.325000762939453,0.009074497036635876,-0.6451147198677063
18.329999923706055,-0.195623978972435,-0.6388425230979919
18.334999084472656,0.4862228333950043,-0.6321706771850586
18.34000015258789,0.1311507523059845,-0.6220672726631165
18.344999313354492,0.13703800737857819,-0.6146438121795654
18.350000381469727,0.0350041389465332,-0.6082120537757874
18.354999542236328,0.21686749160289764,-0.6024777889251709
18.360000610351562,-0.05827132239937782,-0.597947359085083
18.364999771118164,0.033575933426618576,-0.5899074673652649
18.3700008392334,0.21873509883880615,-0.5814130902290344
18.375,0.1150161474943161,-0.5738279819488525
18.3799991607666,0.003635828848928213,-0.566405713558197
18.385000228881836,-0.1063019409775734,-0.5628988742828369
18.389999389648438,0.17971348762512207,-0.5628169178962708
18.395000457763672,0.35361185669898987,-0.5589008927345276
18.399999618530273,-0.2917613685131073,-0.550696849822998
18.405000686645508,0.56163489818573,-0.5389053821563721
18.40999984741211,-0.4498283565044403,-0.5293401479721069
18.415000915527344,0.3298574388027191,-0.523073673248291
18.420000076293945,-0.09238933026790619,-0.517095148563385
18.424999237060547,0.1793462187051773,-0.5106633901596069
18.43000030517578,0.12339552491903305,-0.5070777535438538
18.434999465942383,-0.34250009059906006,-0.5049338936805725
18.440000534057617,0.4397742450237274,-0.49923983216285706
18.44499969482422,0.1143217608332634,-0.48852023482322693
18.450000762939453,-0.046626701951026917,-0.4814359247684479
18.454999923706055,0.05090797692537308,-0.48312780261039734
18.459999084472656,0.07309176027774811,-0.4841156005859375
18.46500015258789,-0.02773432806134224,-0.4800263047218323
18.469999313354492,0.177709698677063,-0.4708300828933716
18.475000381469727,0.022849837318062782,-0.45965930819511414
18.479999542236328,0.10407110303640366,-0.4533122479915619
18.485000610351562,-0.10802344977855682,-0.44910916686058044
18.489999771118164,0.2688305377960205,-0.4432136118412018
18.4950008392334,-0.13489919900894165,-0.43884024024009705
18.5,0.15291351079940796,-0.43303003907203674
18.5049991607666,0.008958207443356514,-0.4276703894138336
18.510000228881836,0.02663324773311615,-0.42623406648635864
18.514999389648438,-0.050495121628046036,-0.4233822524547577
18.520000457763672,0.152821883559227,-0.41731396317481995
18.524999618530273,-0.02440871298313141,-0.41105490922927856
18.530000686645508,-0.12733827531337738,-0.4090839922428131
18.53499984741211,0.19706834852695465,-0.40846124291419983
18.540000915527344,0.1968688815832138,-0.4039997160434723
18.545000076293945,0.06463070213794708,-0.39640891551971436
18.549999237060547,-0.013583258725702763,-0.3889923691749573
18.55500030517578,0.06418947130441666,-0.3826480507850647
18.559999465942383,0.24761533737182617,-0.3777366280555725
18.565000534057617,0.1042153462767601,-0.37362414598464966
18.56999969482422,-0.1013089194893837,-0.3703203797340393
18.575000762939453,0.34181341528892517,-0.3659443259239197
18.579999923706055,-0.428007036447525,-0.35772815346717834
18.584999084472656,0.41881442070007324,-0.3482573628425598
18.59000015258789,-0.2032187432050705,-0.3423614799976349
18.594999313354492,0.13284647464752197,-0.3382510244846344
18.600000381469727,0.008700981736183167,-0.3344103693962097
18.604999542236328,0.18875081837177277,-0.33021172881126404
18.610000610351562,0.23966506123542786,-0.3280677795410156
18.614999771118164,-0.33485379815101624,-0.3286929130554199
18.6200008392334,0.09685204178094864,-0.3247621953487396
18.625,0.45270979404449463,-0.3192227780818939
18.6299991607666,-0.34253430366516113,-0.3158303201198578
18.635000228881836,0.12166224420070648,-0.31297042965888977
18.639999389648438,0.3630789816379547,-0.30868256092071533
18.645000457763672,-0.4116005599498749,-0.30502113699913025
18.649999618530273,0.45219388604164124,-0.30162397027015686
18.655000686645508,-0.05365292727947235,-0.2957281172275543
18.65999984741211,0.15481755137443542,-0.28938737511634827
18.665000915527344,-0.06469807028770447,-0.28447240591049194
18.670000076293945,0.10515596717596054,-0.280366986989975
18.674999237060547,0.1993643194437027,-0.27661535143852234
18.68000030517578,-0.40983447432518005,-0.2744714021682739
18.684999465942383,0.5927885174751282,-0.27223557233810425
18.690000534057617,-0.1830001175403595,-0.26562005281448364
18.69499969482422,0.2803036570549011,-0.2571365535259247
18.700000762939453,-0.13528229296207428,-0.254197359085083
18.704999923706055,0.13732615113258362,-0.25473326444625854
18.709999084472656,-0.010147606953978539,-0.2541046440601349
18.71500015258789,0.07281797379255295,-0.25196072459220886
18.719999313354492,-0.06153879687190056,-0.2486518919467926
18.725000381469727,0.1863352656364441,-0.24373489618301392
18.729999542236328,0.016517294570803642,-0.23667380213737488
18.735000610351562,0.08442173898220062,-0.23061597347259521
18.739999771118164,0.08546097576618195,-0.22998632490634918
18.7450008392334,0.0630987286567688,-0.2283783107995987
18.75,0.1456558108329773,-0.22686433792114258
18.7549991607666,-0.05071224272251129,-0.2257925420999527
18.760000228881836,0.21696721017360687,-0.2227354198694229
18.764999389648438,-0.2789178192615509,-0.21756426990032196
18.770000457763672,0.356672465801239,-0.21050213277339935
18.774999618530273,-0.0414000004529953,-0.2069396823644638
18.780000686645508,0.10895887762308121,-0.2047957479953766
18.78499984741211,0.040349334478378296,-0.2025565505027771
18.790000915527344,-0.02624466083943844,-0.19845955073833466
18.795000076293945,0.174961119890213,-0.1971965730190277
18.799999237060547,0.036034539341926575,-0.1940762847661972
18.80500030517578,0.19824153184890747,-0.1907646358013153
18.809999465942383,-0.12288033217191696,-0.18827664852142334
18.815000534057617,0.07407285273075104,-0.18881255388259888
18.81999969482422,0.19799166917800903,-0.18881255388259888
18.825000762939453,-0.1211647167801857,-0.18477149307727814
18.829999923706055,0.0541960671544075,-0.18165186047554016
18.834999084472656,0.058382436633110046,-0.17702196538448334
18.84000015258789,0.03474359214305878,-0.17288227379322052
18.844999313354492,0.09838329255580902,-0.1700546145439148
18.850000381469727,0.1272440403699875,-0.1689828336238861
18.854999542236328,0.016963310539722443,-0.1701522320508957
18.860000610351562,0.09245407581329346,-0.17283205687999725
18.864999771118164,-0.0011798201594501734,-0.17444007098674774
18.8700008392334,0.11356623470783234,-0.17478010058403015
18.875,0.036307595670223236,-0.17243961989879608
18.8799991607666,0.09308555722236633,-0.16269397735595703
18.885000228881836,0.08074210584163666,-0.15826402604579926
18.889999389648438,0.09268002957105637,-0.15943458676338196
18.895000457763672,0.0600428506731987,-0.15943492949008942
18.899999618530273,0.05764864385128021,-0.1620156168937683
18.905000686645508,0.04992947354912758,-0.1619163453578949
18.90999984741211,0.07510508596897125,-0.15816472470760345
18.915000915527344,0.07460828870534897,-0.15836364030838013
18.920000076293945,0.05767587572336197,-0.16221503913402557
18.924999237060547,0.04467296972870827,-0.165767103433609
18.93000030517578,0.05917952209711075,-0.1628873348236084
18.934999465942383,0.07003331184387207,-0.15869979560375214
18.940000534057617,0.043980393558740616,-0.15772812068462372
18.94499969482422,0.05508294701576233,-0.15762749314308167
18.950000762939453,0.05553632602095604,-0.15441177785396576
18.954999923706055,0.06287497282028198,-0.15216687321662903
18.959999084472656,0.08100265264511108,-0.1514989137649536
18.96500015258789,0.05627232417464256,-0.15280339121818542
18.969999313354492,0.057998981326818466,-0.15300600230693817
18.975000381469727,0.06336883455514908,-0.15397650003433228
18.979999542236328,0.0779622346162796,-0.15515008568763733
18.985000610351562,0.07577484846115112,-0.15548238158226013
18.989999771118164,0.04343501478433609,-0.1551504135131836
18.9950008392334,0.09183067828416824,-0.15558435022830963
19,0.050973862409591675,-0.15719205141067505
19.0049991607666,0.0653759017586708,-0.15558435022830963
19.010000228881836,0.0480460524559021,-0.1544097512960434
19.014999389648438,0.07677507400512695,-0.1538735181093216
19.020000457763672,0.029439980164170265,-0.1506577879190445
19.024999618530273,0.0742991641163826,-0.14861717820167542
19.030000686645508,0.031011339277029037,-0.15150362253189087
19.03499984741211,0.025234844535589218,-0.1556878238916397
19.040000915527344,0.06778226047754288,-0.15440873801708221
19.045000076293945,0.046440839767456055,-0.15344059467315674
19.049999237060547,0.04112323746085167,-0.1556883454322815
19.05500030517578,0.0818343311548233,-0.15440824627876282
19.059999465942383,0.067692831158638,-0.15344059467315674
19.065000534057617,0.06148909032344818,-0.1564340591430664
19.06999969482422,0.058327239006757736,-0.16051259636878967
19.075000762939453,0.07839979231357574,-0.16191062331199646
19.079999923706055,0.03513551503419876,-0.15976671874523163
19.084999084472656,0.03560324385762215,-0.15772812068462372
19.09000015258789,0.05996188893914223,-0.15772812068462372
19.094999313354492,0.07781650871038437,-0.15772812068462372
19.100000381469727,0.08714678138494492,-0.15772812068462372
19.104999542236328,0.09932242333889008,-0.16126151382923126
19.110000610351562,0.08406147360801697,-0.16779948770999908
19.114999771118164,0.07763177156448364,-0.1731639951467514
19.1200008392334,0.09609653800725937,-0.1721983700990677
19.125,0.07374569773674011,-0.16994810104370117
19.1299991607666,0.03936935216188431,-0.16898281872272491
19.135000228881836,0.04698216915130615,-0.17080454528331757
19.139999389648438,0.1313343644142151,-0.1750923991203308
19.145000457763672,0.12084674090147018,-0.17702198028564453
19.149999618530273,0.0638199970126152,-0.17702196538448334
19.155000686645508,0.02734937146306038,-0.17938090860843658
19.15999984741211,0.10985421389341354,-0.18484841287136078
19.165000915527344,0.023703597486019135,-0.1864529252052307
19.170000076293945,-0.04204768314957619,-0.18506093323230743
19.174999237060547,0.10328725725412369,-0.1858135312795639
19.18000030517578,0.09050073474645615,-0.18934845924377441
19.184999465942383,-0.14876028895378113,-0.1901017129421234
19.190000534057617,0.3402033746242523,-0.1925641894340515
19.19499969482422,0.09514158219099045,-0.1943899244070053
19.200000762939453,0.029403546825051308,-0.1977151781320572
19.204999923706055,0.10181158035993576,-0.20510941743850708
19.209999084472656,0.10350804775953293,-0.20939725637435913
19.21500015258789,0.2399793565273285,-0.21196773648262024
19.219999313354492,-0.23666076362133026,-0.21411165595054626
19.225000381469727,0.23628094792366028,-0.21797330677509308
19.229999542236328,0.19842258095741272,-0.2205432802438736
19.235000610351562,-0.3084148168563843,-0.22257684171199799
19.239999771118164,0.03899547457695007,-0.22558793425559998
19.2450008392334,0.1333613097667694,-0.23094792664051056
19.25,0.4032215476036072,-0.23555026948451996
19.2549991607666,-0.4011901617050171,-0.23941293358802795
19.260000228881836,0.44204774498939514,-0.2435895949602127
19.264999389648438,-0.14376504719257355,-0.24584490060806274
19.270000457763672,-0.20056143403053284,-0.2501327693462372
19.274999618530273,0.15954045951366425,-0.2545323371887207
19.280000686645508,0.40929684042930603,-0.26203590631484985
19.28499984741211,0.057808734476566315,-0.2684676945209503
19.290000915527344,-0.1754281222820282,-0.2721077501773834
19.295000076293945,-0.08486925065517426,-0.2797234058380127
19.299999237060547,0.03755106031894684,-0.28928491473197937
19.30500030517578,0.08978462219238281,-0.2994416058063507
19.309999465942383,-0.0728956088423729,-0.30296775698661804
19.315000534057617,0.15948417782783508,-0.3021220862865448
19.31999969482422,0.3781069815158844,-0.3105008900165558
19.325000762939453,-0.27292898297309875,-0.3187367916107178
19.329999923706055,0.24033740162849426,-0.3230246305465698
19.334999084472656,-0.40946242213249207,-0.3280758559703827
19.34000015258789,0.41592156887054443,-0.3389090597629547
19.344999313354492,0.5082464814186096,-0.3477928638458252
19.350000381469727,-0.37581363320350647,-0.35143089294433594
19.354999542236328,-0.07029423862695694,-0.358627051115036
19.360000610351562,-0.004230906721204519,-0.3706473112106323
19.364999771118164,-0.014346854761242867,-0.38006603717803955
19.3700008392334,0.4942069351673126,-0.3865744471549988
19.375,-0.12553544342517853,-0.387455552816391
19.3799991607666,0.08875604718923569,-0.39495912194252014
19.385000228881836,-0.06710773706436157,-0.40376532077789307
19.389999389648438,0.10807125270366669,-0.41103845834732056
19.395000457763672,-0.23362582921981812,-0.4209170639514923
19.399999618530273,0.10860006511211395,-0.4316367208957672
19.405000686645508,0.06374015659093857,-0.4399805963039398
19.40999984741211,-0.17525222897529602,-0.4453405737876892
19.415000915527344,-0.024267394095659256,-0.453496515750885
19.420000076293945,0.033084653317928314,-0.46023133397102356
19.424999237060547,-0.054757677018642426,-0.4664771556854248
19.43000030517578,0.06748601049184799,-0.47892144322395325
19.434999465942383,0.05201052501797676,-0.4882183372974396
19.440000534057617,0.6829610466957092,-0.49530327320098877
19.44499969482422,-0.14540009200572968,-0.504950761795044
19.450000762939453,0.13680653274059296,-0.5116836428642273
19.454999923706055,0.4203140437602997,-0.5190042853355408
19.459999084472656,0.7045490145683289,-0.5321033000946045
19.46500015258789,-1.0309048891067505,-0.5443133115768433
19.469999313354492,0.875105619430542,-0.5546784400939941
19.475000381469727,0.051383454352617264,-0.5634907484054565
19.479999542236328,0.2157483994960785,-0.5742103457450867
19.485000610351562,0.07959836721420288,-0.58612060546875
19.489999771118164,0.841234564781189,-0.596602737903595
19.4950008392334,0.20908650755882263,-0.6075602173805237
19.5,-0.0004423457430675626,-0.6197686195373535
19.5049991607666,-0.8327480554580688,-0.630368709564209
19.510000228881836,-0.7975091338157654,-0.6387674808502197
19.514999389648438,-0.032653726637363434,-0.6507360935211182
19.520000457763672,0.7468664646148682,-0.6637189388275146
19.524999618530273,-0.6057731509208679,-0.6728308200836182
19.530000686645508,0.7090824842453003,-0.6822381019592285
19.53499984741211,-0.5413893461227417,-0.6907594203948975
19.540000915527344,0.9003894329071045,-0.7043333649635315
19.545000076293945,-0.3724585175514221,-0.7157093286514282
19.549999237060547,0.044679611921310425,-0.7274486422538757
19.55500030517578,0.3853927552700043,-0.7447730302810669
19.559999465942383,0.040040966123342514,-0.7568581104278564
19.565000534057617,0.7762519717216492,-0.7674058079719543
19.56999969482422,-0.8457009196281433,-0.7801480889320374
19.575000762939453,1.118526577949524,-0.7914527654647827
19.579999923706055,-0.6886584758758545,-0.7990298271179199
19.584999084472656,-0.27040520310401917,-0.8112356662750244
19.59000015258789,0.5436319708824158,-0.8279728293418884
19.594999313354492,0.3353513479232788,-0.8431028127670288
19.600000381469727,-0.4001980721950531,-0.8572068214416504
19.604999542236328,0.9605337977409363,-0.8709743618965149
19.610000610351562,-0.8146417737007141,-0.8865181803703308
19.614999771118164,-0.09659849852323532,-0.9026411771774292
19.6200008392334,0.21904459595680237,-0.9125353097915649
19.625,0.43243300914764404,-0.9220600128173828
19.6299991607666,-0.3895565867424011,-0.9337278008460999
19.635000228881836,0.26363256573677063,-0.9452306032180786
19.639999389648438,-0.42629730701446533,-0.9559506177902222
19.645000457763672,0.8516824245452881,-0.9682782888412476
19.649999618530273,-0.8220024704933167,-0.9827495217323303
19.655000686645508,1.1261478662490845,-0.9981300830841064
19.65999984741211,-0.7719250321388245,-1.0167649984359741
19.665000915527344,0.36073705554008484,-1.0339164733886719
19.670000076293945,-0.08554818481206894,-1.0464056730270386
19.674999237060547,-0.05631060525774956,-1.0586079359054565
19.68000030517578,0.2215248942375183,-1.070364236831665
19.684999465942383,-0.3072560131549835,-1.0839238166809082
19.690000534057617,0.05982094258069992,-1.0938563346862793
19.69499969482422,0.6331762671470642,-1.1008241176605225
19.700000762939453,-0.06674416363239288,-1.1103131771087646
19.704999923706055,-0.1000378429889679,-1.122231125831604
19.709999084472656,0.3999003469944,-1.1389726400375366
19.71500015258789,-0.39908963441848755,-1.1573224067687988
19.719999313354492,0.36444687843322754,-1.1728956699371338
19.725000381469727,0.1569589376449585,-1.1816270351409912
19.729999542236328,0.04839311167597771,-1.1885665655136108
19.735000610351562,0.38087987899780273,-1.2015573978424072
19.739999771118164,-0.729907214641571,-1.2181724309921265
19.7450008392334,0.13772615790367126,-1.2325166463851929
19.75,0.23283356428146362,-1.2436447143554688
19.7549991607666,0.3580392599105835,-1.255028247833252
19.760000228881836,-0.2996266186237335,-1.2662839889526367
19.764999389648438,0.3819754421710968,-1.2759555578231812
19.770000457763672,0.052310068160295486,-1.2854516506195068
19.774999618530273,-0.5190579295158386,-1.2975000143051147
19.780000686645508,0.34814557433128357,-1.311971664428711
19.78499984741211,0.3679097592830658,-1.3236348628997803
19.790000915527344,-0.4366631507873535,-1.3385130167007446
19.795000076293945,0.756968080997467,-1.3513761758804321
19.799999237060547,0.002290058648213744,-1.359009861946106
19.80500030517578,-0.08211257308721542,-1.3713375329971313
19.809999465942383,0.4824603796005249,-1.3858087062835693
19.815000534057617,-0.2133641242980957,-1.3980064392089844
19.81999969482422,-0.48277169466018677,-1.408596158027649
19.825000762939453,0.42459720373153687,-1.4180984497070312
19.829999923706055,-0.10683222115039825,-1.430962324142456
19.834999084472656,0.1965619921684265,-1.443578839302063
19.84000015258789,-0.31770315766334534,-1.4475919008255005
19.844999313354492,0.038602445274591446,-1.4558930397033691
19.850000381469727,0.01209248322993517,-1.4675418138504028
19.854999542236328,-0.1799917072057724,-1.481488823890686
19.860000610351562,0.2433921843767166,-1.4960907697677612
19.864999771118164,0.19431868195533752,-1.501855731010437
19.8700008392334,0.00839922484010458,-1.5106948614120483
19.875,-0.004901031963527203,-1.5269056558609009
19.8799991607666,-0.017117880284786224,-1.5401734113693237
19.885000228881836,0.4270002245903015,-1.5475529432296753
19.889999389648438,-0.10662319511175156,-1.5526412725448608
19.895000457763672,-0.14900794625282288,-1.5600066184997559
19.899999618530273,0.07246986031532288,-1.577555537223816
19.905000686645508,-0.35651353001594543,-1.5949773788452148
19.90999984741211,0.7358816862106323,-1.6051656007766724
19.915000915527344,-0.4879792332649231,-1.6115974187850952
19.920000076293945,0.4017922282218933,-1.6227164268493652
19.924999237060547,-0.5464257597923279,-1.6334364414215088
19.93000030517578,0.3631441295146942,-1.6442911624908447
19.934999465942383,0.18319180607795715,-1.6548759937286377
19.940000534057617,-0.16958613693714142,-1.6681416034698486
19.94499969482422,0.35677221417427063,-1.6846221685409546
19.950000762939453,0.17492066323757172,-1.693733811378479
19.954999923706055,0.00022485930821858346,-1.6996300220489502
19.959999084472656,-0.06183614581823349,-1.7082055807113647
19.96500015258789,-0.3792029023170471,-1.7171825170516968
19.969999313354492,0.5731786489486694,-1.7241500616073608
19.975000381469727,-0.47664302587509155,-1.7308523654937744
19.979999542236328,0.7161462306976318,-1.7450580596923828
19.985000610351562,-0.6080211997032166,-1.7602012157440186
19.989999771118164,0.3572329878807068,-1.773058533668518
19.9950008392334,0.372065931558609,-1.7837777137756348
20,-0.19923844933509827,-1.7912817001342773
20.0049991607666,0.1987571120262146,-1.798113465309143
20.010000228881836,-0.3632383346557617,-1.805480718612671
20.014999389648438,0.2869534492492676,-1.809904932975769
20.020000457763672,0.27146580815315247,-1.8143298625946045
20.024999618530273,-0.548577070236206,-1.8238404989242554
20.030000686645508,0.33370858430862427,-1.8337618112564087
20.03499984741211,-0.22265540063381195,-1.843546986579895
20.040000915527344,0.19490377604961395,-1.8562732934951782
20.045000076293945,0.00016119189967866987,-1.868064522743225
20.049999237060547,0.08810359984636307,-1.8758294582366943
20.05500030517578,0.10115285962820053,-1.8797037601470947
20.059999465942383,0.06112920865416527,-1.880515694618225
20.065000534057617,-0.38544824719429016,-1.886151909828186
20.06999969482422,0.6573309898376465,-1.8932406902313232
20.075000762939453,-0.2730250358581543,-1.8969923257827759
20.079999923706055,0.45314329862594604,-1.9000884294509888
20.084999084472656,0.33009442687034607,-1.9074535369873047
20.09000015258789,-0.30367499589920044,-1.9154930114746094
20.094999313354492,0.47021961212158203,-1.9222031831741333
20.100000381469727,0.02450474165380001,-1.933319330215454
20.104999542236328,0.07198188453912735,-1.942431092262268
20.110000610351562,-0.01959194988012314,-1.9504706859588623
20.114999771118164,-0.0074674696661531925,-1.9597222805023193
20.1200008392334,-0.4053739905357361,-1.9673420190811157
20.125,0.44357165694236755,-1.9716299772262573
20.1299991607666,0.21229620277881622,-1.9760581254959106
20.135000228881836,-0.2777898907661438,-1.9835618734359741
20.139999389648438,0.2959918677806854,-1.9913469552993774
20.145000457763672,-0.0183367021381855,-2.000854015350342
20.149999618530273,-0.04503067582845688,-2.0087525844573975
20.155000686645508,0.1707788109779358,-2.012758255004883
20.15999984741211,-0.15857890248298645,-2.017045736312866
20.165000915527344,0.43330147862434387,-2.0200088024139404
20.170000076293945,-0.4001888632774353,-2.0272600650787354
20.174999237060547,0.6502422094345093,-2.0378377437591553
20.18000030517578,-0.5261128544807434,-2.0451996326446533
20.184999465942383,0.30705398321151733,-2.0492031574249268
20.190000534057617,-0.07048449665307999,-2.0512044429779053
20.19499969482422,0.0019691623747348785,-2.0544543266296387
20.200000762939453,0.10027886182069778,-2.06288743019104
20.204999923706055,0.15740899741649628,-2.069998025894165
20.209999084472656,0.02652762271463871,-2.0749289989471436
20.21500015258789,0.021297968924045563,-2.077465295791626
20.219999313354492,0.1786709427833557,-2.0782883167266846
20.225000381469727,-0.027955854311585426,-2.085542917251587
20.229999542236328,0.15843608975410461,-2.0947985649108887
20.235000610351562,0.17931751906871796,-2.1024067401885986
20.239999771118164,-0.2390107810497284,-2.1060144901275635
20.2450008392334,0.17597311735153198,-2.1081581115722656
20.25,0.2046682983636856,-2.1085500717163086
20.2549991607666,0.1490601897239685,-2.1073336601257324
20.260000228881836,-0.013277820311486721,-2.108839511871338
20.264999389648438,0.08571343123912811,-2.1132726669311523
20.270000457763672,-0.07538663595914841,-2.1194138526916504
20.274999618530273,0.08518975228071213,-2.1223843097686768
20.280000686645508,0.10964997112751007,-2.12935209274292
20.28499984741211,-0.12005777657032013,-2.1368556022644043
20.290000915527344,0.1227618157863617,-2.1403162479400635
20.295000076293945,0.010101580061018467,-2.142606019973755
20.299999237060547,0.03328189626336098,-2.1467478275299072
20.30500030517578,0.07787980884313583,-2.1471378803253174
20.309999465942383,-0.00852434802800417,-2.1459193229675293
20.315000534057617,0.14070624113082886,-2.1486494541168213
20.31999969482422,0.09071122854948044,-2.1540095806121826
20.325000762939453,-0.15770380198955536,-2.1583926677703857
20.329999923706055,0.2802470028400421,-2.160294532775879
20.334999084472656,-0.08026887476444244,-2.162827253341675
20.34000015258789,0.018550122156739235,-2.164287805557251
20.344999313354492,0.2775226831436157,-2.164287805557251
20.350000381469727,-0.16891196370124817,-2.164287805557251
20.354999542236328,0.28036147356033325,-2.166043519973755
20.360000610351562,-0.11317101866006851,-2.1671159267425537
20.364999771118164,0.0863993689417839,-2.1699440479278564
20.3700008392334,-0.013511124067008495,-2.1765241622924805
20.375,0.11846358329057693,-2.180366277694702
20.3799991607666,0.0657762959599495,-2.1780736446380615
20.385000228881836,-0.0007279155543074012,-2.177835702896118
20.389999389648438,0.10246662050485611,-2.184178352355957
20.395000457763672,-0.0042945705354213715,-2.188554525375366
20.399999618530273,0.03234202787280083,-2.1909353733062744
20.405000686645508,0.0408700555562973,-2.189626693725586
20.40999984741211,0.04001776874065399,-2.1886415481567383
20.415000915527344,0.10174018889665604,-2.1884050369262695
20.420000076293945,0.058084357529878616,-2.188319683074951
20.424999237060547,0.005505264736711979,-2.1933789253234863
20.43000030517578,0.0867699459195137,-2.1967453956604004
20.434999465942383,0.04532138630747795,-2.1991238594055176
20.440000534057617,0.11983032524585724,-2.2003464698791504
20.44499969482422,0.01692982390522957,-2.2007317543029785
20.450000762939453,0.07616308331489563,-2.2024905681610107
20.454999923706055,0.03566800802946091,-2.2066962718963623
20.459999084472656,0.07047417759895325,-2.2140488624572754
20.46500015258789,0.058138079941272736,-2.218266248703003
20.469999313354492,0.004367410205304623,-2.2162740230560303
20.475000381469727,0.05392595753073692,-2.2162742614746094
20.479999542236328,0.09845909476280212,-2.21734619140625
20.485000610351562,0.09381420165300369,-2.217498302459717
20.489999771118164,0.055040258914232254,-2.219642400741577
20.4950008392334,0.07315248250961304,-2.2217862606048584
20.5,0.04423283785581589,-2.220944881439209
20.5049991607666,0.04168112948536873,-2.2200257778167725
20.510000228881836,0.04836105927824974,-2.220715045928955
20.514999389648438,0.039055079221725464,-2.2221696376800537
20.520000457763672,-0.00952090509235859,-2.2221696376800537
20.524999618530273,0.061985526233911514,-2.2221696376800537
20.530000686645508,0.052723705768585205,-2.2228593826293945
20.53499984741211,0.10375240445137024,-2.226764678955078
20.540000915527344,0.0979328528046608,-2.2314345836639404
20.545000076293945,0.06425350904464722,-2.2293641567230225
20.549999237060547,0.1239585429430008,-2.2245402336120605
20.55500030517578,-0.006044779438525438,-2.2221696376800537
20.559999465942383,0.07721960544586182,-2.2246227264404297
20.565000534057617,-0.018450791016221046,-2.230137586593628
20.56999969482422,0.04370807483792305,-2.2360334396362305
20.575000762939453,0.037784747779369354,-2.2412383556365967
20.579999923706055,0.050614699721336365,-2.2452147006988525
20.584999084472656,0.06183905526995659,-2.2434513568878174
20.59000015258789,0.11667913943529129,-2.238316297531128
20.594999313354492,0.05582704395055771,-2.2336483001708984
20.600000381469727,-0.017188552767038345,-2.2332005500793457
20.604999542236328,0.04017600789666176,-2.2374885082244873
20.610000610351562,0.008160015568137169,-2.241084098815918
20.614999771118164,0.013086429797112942,-2.2421560287475586
20.6200008392334,0.02219369448721409,-2.24360728263855
20.625,0.07701942324638367,-2.243450164794922
20.6299991607666,0.018644336611032486,-2.2432281970977783
20.635000228881836,0.03513367474079132,-2.24360728263855
20.639999389648438,0.06943714618682861,-2.2448365688323975
20.645000457763672,0.06685599684715271,-2.247516393661499
20.649999618530273,0.06164070591330528,-2.250354051589966
20.655000686645508,0.062076419591903687,-2.254800319671631
20.65999984741211,0.05898227542638779,-2.260221004486084
20.665000915527344,0.044846661388874054,-2.2584550380706787
20.670000076293945,0.06421081721782684,-2.2550806999206543
20.674999237060547,0.05129328742623329,-2.253948926925659
20.68000030517578,0.031477224081754684,-2.25555682182312
20.684999465942383,0.027432171627879143,-2.2582366466522217
20.690000534057617,0.01652686297893524,-2.2593085765838623
20.69499969482422,0.08045654743909836,-2.2607569694519043
20.700000762939453,0.019153647124767303,-2.2605974674224854
20.704999923706055,0.06247606500983238,-2.258453607559204
20.709999084472656,0.08046978712081909,-2.2564697265625
20.71500015258789,0.0803159698843956,-2.260005235671997
20.719999313354492,0.019510604441165924,-2.2625253200531006
20.725000381469727,-0.01991727203130722,-2.2616686820983887
20.729999542236328,0.046256471425294876,-2.261453866958618
20.735000610351562,0.009873424656689167,-2.264669418334961
20.739999771118164,0.028352906927466393,-2.2666523456573486
20.7450008392334,0.04250103235244751,-2.265580654144287
20.75,0.023574059829115868,-2.2638118267059326
20.7549991607666,0.062154434621334076,-2.261829137802124
20.760000228881836,0.0759882852435112,-2.2635984420776367
20.764999389648438,0.04536738246679306,-2.2668142318725586
20.770000457763672,0.07622933387756348,-2.265256881713867
20.774999618530273,0.05449562147259712,-2.261667013168335
20.780000686645508,0.06740064173936844,-2.2607572078704834
20.78499984741211,0.05046675726771355,-2.2609195709228516
20.790000915527344,0.043872933834791183,-2.2655322551727295
20.795000076293945,0.02963428385555744,-2.2712652683258057
20.799999237060547,0.05526621267199516,-2.2711501121520996
20.80500030517578,0.06124842166900635,-2.268097400665283
20.809999465942383,0.03147722780704498,-2.2670252323150635
20.815000534057617,0.05092528834939003,-2.2638096809387207
20.81999969482422,0.06261737644672394,-2.2616655826568604
20.825000762939453,0.05814691632986069,-2.2614567279815674
20.829999923706055,0.0734262689948082,-2.2636008262634277
20.834999084472656,0.04328671097755432,-2.2666523456573486
20.84000015258789,0.053120408207178116,-2.2666525840759277
20.844999313354492,0.04795920476317406,-2.263808488845825
20.850000381469727,-0.002244075294584036,-2.260263681411743
20.854999542236328,0.10240259021520615,-2.2564697265625
20.860000610351562,0.03903300315141678,-2.2552330493927
20.864999771118164,-0.053107548505067825,-2.2553977966308594
20.8700008392334,0.1201423853635788,-2.2537903785705566
20.875,0.04851304367184639,-2.2506141662597656
20.8799991607666,-0.0074317725375294685,-2.244718313217163
20.885000228881836,0.06999135762453079,-2.2414634227752686
20.889999389648438,0.034589771181344986,-2.2414636611938477
20.895000457763672,0.13339553773403168,-2.2414634227752686
20.899999618530273,-0.11897290498018265,-2.2400588989257812
20.905000686645508,-0.08280624449253082,-2.2357711791992188
20.90999984741211,0.17824111878871918,-2.2297089099884033
20.915000915527344,-0.1742994785308838,-2.223813056945801
20.920000076293945,0.37326523661613464,-2.2198588848114014
20.924999237060547,-0.058748241513967514,-2.2164759635925293
20.93000030517578,-0.2071014940738678,-2.2104127407073975
20.934999465942383,0.44056540727615356,-2.2059237957000732
20.940000534057617,-0.1632760614156723,-2.2039804458618164
20.94499969482422,0.19026440382003784,-2.196477174758911
20.950000762939453,0.15341877937316895,-2.1884374618530273
20.954999923706055,-0.12366417795419693,-2.184485912322998
20.959999084472656,0.17835482954978943,-2.181469202041626
20.96500015258789,0.13642971217632294,-2.1732611656188965
20.969999313354492,0.22753764688968658,-2.164318084716797
20.975000381469727,-0.12093690782785416,-2.1607348918914795
20.979999542236328,-0.16041448712348938,-2.156447172164917
20.985000610351562,0.4457339942455292,-2.1502130031585693
20.989999771118164,-0.3391302824020386,-2.139860153198242
20.9950008392334,0.09459657222032547,-2.1291403770446777
21,0.009562104009091854,-2.1228508949279785
21.0049991607666,0.47548937797546387,-2.1182239055633545
21.010000228881836,0.11955469101667404,-2.1124978065490723
21.014999389648438,-0.5694125294685364,-2.107503652572632
21.020000457763672,0.7550227642059326,-2.0996596813201904
21.024999618530273,-0.32019633054733276,-2.0901825428009033
21.030000686645508,-0.06398674100637436,-2.0812413692474365
21.03499984741211,0.06968481838703156,-2.074638605117798
21.040000915527344,-0.03343096002936363,-2.0687196254730225
21.045000076293945,0.25529035925865173,-2.0619685649871826
21.049999237060547,-0.2611393630504608,-2.051591396331787
21.05500030517578,-0.1010899543762207,-2.041408061981201
21.059999465942383,0.6228004693984985,-2.0335607528686523
21.065000534057617,-0.07176552712917328,-2.0206968784332275
21.06999969482422,-0.4138987064361572,-2.0069336891174316
21.075000762939453,0.19822975993156433,-1.9960417747497559
21.079999923706055,0.4705717861652374,-1.985130786895752
21.084999084472656,-0.023213448002934456,-1.9765548706054688
21.09000015258789,0.1393711268901825,-1.968687891960144
21.094999313354492,-0.0920548215508461,-1.9601298570632935
21.100000381469727,-0.03312184289097786,-1.946730375289917
21.104999542236328,0.018324900418519974,-1.934039831161499
21.110000610351562,0.000370189780369401,-1.927055835723877
21.114999771118164,0.1624918133020401,-1.9197413921356201
21.1200008392334,0.31451037526130676,-1.9118901491165161
21.125,-0.05719232186675072,-1.904183030128479
21.1299991607666,-0.27275198698043823,-1.8961580991744995
21.135000228881836,0.07859336584806442,-1.8891898393630981
21.139999389648438,0.02994966134428978,-1.8813246488571167
21.145000457763672,0.30251723527908325,-1.8754284381866455
21.149999618530273,-0.08224724233150482,-1.8697073459625244
21.155000686645508,-0.33909791707992554,-1.8623902797698975
21.15999984741211,0.029751328751444817,-1.8518567085266113
21.165000915527344,0.03422251716256142,-1.841672658920288
21.170000076293945,0.34496089816093445,-1.8248823881149292
21.174999237060547,-0.33961382508277893,-1.809338927268982
21.18000030517578,1.0495247840881348,-1.7971868515014648
21.184999465942383,-0.7100462317466736,-1.786106824874878
21.190000534057617,0.004885552451014519,-1.7752034664154053
21.19499969482422,0.13022154569625854,-1.7655634880065918
21.200000762939453,-0.02037433162331581,-1.7514517307281494
21.204999923706055,0.5259884595870972,-1.7348426580429077
21.209999084472656,-0.6032581329345703,-1.7178616523742676
21.21500015258789,0.3860686719417572,-1.7048159837722778
21.219999313354492,0.08067072927951813,-1.6978479623794556
21.225000381469727,0.4050770103931427,-1.6903440952301025
21.229999542236328,-0.25167107582092285,-1.6805192232131958
21.235000610351562,0.18777671456336975,-1.6649795770645142
21.239999771118164,-0.0030790779273957014,-1.648900032043457
21.2450008392334,0.22851838171482086,-1.6326425075531006
21.25,0.1977793276309967,-1.6126315593719482
21.2549991607666,-0.4140859842300415,-1.5978020429611206
21.260000228881836,0.41893476247787476,-1.5883322954177856
21.264999389648438,-0.695163905620575,-1.5783270597457886
21.270000457763672,0.7701601386070251,-1.5672504901885986
21.274999618530273,-0.03771998733282089,-1.5527790784835815
21.280000686645508,-0.04424315318465233,-1.540808081626892
21.28499984741211,0.03375478833913803,-1.524728775024414
21.290000915527344,0.1137712150812149,-1.5061471462249756
21.295000076293945,-0.026343289762735367,-1.4961472749710083
21.299999237060547,-0.06667975336313248,-1.4918595552444458
21.30500030517578,0.6507357358932495,-1.4820250272750854
21.309999465942383,-0.2861626148223877,-1.462373971939087
21.315000534057617,0.2245730310678482,-1.444150686264038
21.31999969482422,0.10987557470798492,-1.4296787977218628
21.325000762939453,0.12618312239646912,-1.412708044052124
21.329999923706055,-0.11926546692848206,-1.393949270248413
21.334999084472656,0.4472678005695343,-1.3848435878753662
21.34000015258789,-0.6499297022819519,-1.3793094158172607
21.344999313354492,0.47044482827186584,-1.367148756980896
21.350000381469727,0.14012882113456726,-1.3530315160751343
21.354999542236328,0.0618545338511467,-1.3378509283065796
21.360000610351562,-0.018892019987106323,-1.3231979608535767
21.364999771118164,0.12407705187797546,-1.3090901374816895
21.3700008392334,0.4147086441516876,-1.299978256225586
21.375,-0.7523364424705505,-1.2914022207260132
21.3799991607666,0.4251190423965454,-1.274240255355835
21.385000228881836,0.06733696907758713,-1.2585139274597168
21.389999389648438,-0.2335125058889389,-1.2433477640151978
21.395000457763672,0.4106518030166626,-1.2310079336166382
21.399999618530273,-0.2949070334434509,-1.219581961631775
21.405000686645508,0.8155238628387451,-1.2065354585647583
21.40999984741211,-0.1735590547323227,-1.1942076683044434
21.415000915527344,-0.03028455376625061,-1.1813441514968872
21.420000076293945,0.2022906392812729,-1.1661531925201416
21.424999237060547,0.07227037101984024,-1.1518656015396118
21.43000030517578,0.23855485022068024,-1.1427533626556396
21.434999465942383,-0.5547991991043091,-1.127026081085205
21.440000534057617,0.42150673270225525,-1.111131191253662
21.44499969482422,-0.017040980979800224,-1.1032932996749878
21.450000762939453,-0.26721835136413574,-1.095586895942688
21.454999923706055,0.08291995525360107,-1.0800248384475708
21.459999084472656,0.5452404618263245,-1.0596576929092407
21.46500015258789,-0.314319372177124,-1.0437829494476318
21.469999313354492,0.05198844149708748,-1.0334138870239258
21.475000381469727,0.023483162745833397,-1.0221577882766724
21.479999542236328,0.04919680580496788,-1.0076866149902344
21.485000610351562,-0.3090375065803528,-0.9948229193687439
21.489999771118164,0.38383933901786804,-0.9832172989845276
21.4950008392334,-0.04729168117046356,-0.9703311324119568
21.5,0.2728506028652191,-0.9544614553451538
21.5049991607666,0.22063101828098297,-0.9476801156997681
21.510000228881836,-0.17511826753616333,-0.9408746957778931
21.514999389648438,0.009255177341401577,-0.9258428812026978
21.520000457763672,-0.03343721479177475,-0.9119324088096619
21.524999618530273,-0.238723024725914,-0.9004895687103271
21.530000686645508,0.4457126557826996,-0.8845714330673218
21.53499984741211,0.2716258764266968,-0.8686793446540833
21.540000915527344,-0.0991443321108818,-0.8567270040512085
21.545000076293945,-0.18423733115196228,-0.844211757183075
21.549999237060547,-0.038073647767305374,-0.8320721983909607
21.55500030517578,-0.38234785199165344,-0.8226127028465271
21.559999465942383,-0.1031404435634613,-0.8143844604492188
21.565000534057617,0.7966852188110352,-0.8018684387207031
21.56999969482422,-0.2976714074611664,-0.7872083783149719
21.575000762939453,0.7428762316703796,-0.7734617590904236
21.579999923706055,0.10958082973957062,-0.7625841498374939
21.584999084472656,0.2413225769996643,-0.7550802230834961
21.59000015258789,-0.159377783536911,-0.7452432513237
21.594999313354492,-0.5914255380630493,-0.7332621812820435
21.600000381469727,1.2706760168075562,-0.7166135907173157
21.604999542236328,-0.36819201707839966,-0.7003777027130127
21.610000610351562,-0.4136826694011688,-0.6890005469322205
21.614999771118164,0.5667930841445923,-0.6803903579711914
21.6200008392334,0.008586524054408073,-0.6723502278327942
21.625,0.05018524453043938,-0.660558819770813
21.6299991607666,0.15755289793014526,-0.6478497982025146
21.635000228881836,-0.12673474848270416,-0.6366307735443115
21.639999389648438,0.3575045168399811,-0.6280550956726074
21.645000457763672,-0.021225877106189728,-0.618943452835083
21.649999618530273,0.12143224477767944,-0.6089129447937012
21.655000686645508,-0.24826158583164215,-0.5989205241203308
21.65999984741211,0.3248327672481537,-0.5882405042648315
21.665000915527344,-0.10695364326238632,-0.5842965245246887
21.670000076293945,0.0964222401380539,-0.5758726000785828
21.674999237060547,-0.595725953578949,-0.5640811920166016
21.68000030517578,0.3082863688468933,-0.5533615350723267
21.684999465942383,0.4013226628303528,-0.5437137484550476
21.690000534057617,0.13733644783496857,-0.5364449620246887
21.69499969482422,0.40041884779930115,-0.5312355160713196
21.700000762939453,0.037280965596437454,-0.5269472002983093
21.704999923706055,0.1773766726255417,-0.5197862386703491
21.709999084472656,-0.04091203212738037,-0.5074146389961243
21.71500015258789,0.35210198163986206,-0.49206486344337463
21.719999313354492,-0.7090529799461365,-0.48426395654678345
21.725000381469727,0.659477174282074,-0.4781743288040161
21.729999542236328,-0.06438380479812622,-0.4728143811225891
21.735000610351562,0.35247620940208435,-0.46784311532974243
21.739999771118164,-0.39828187227249146,-0.4629719853401184
21.7450008392334,0.33002856373786926,-0.45493215322494507
21.75,-0.00788955669850111,-0.4456256628036499
21.7549991607666,0.1942373365163803,-0.43276247382164
21.760000228881836,-0.2910080552101135,-0.42257872223854065
21.764999389648438,0.2483292669057846,-0.41639184951782227
21.770000457763672,0.0410231351852417,-0.4119088053703308
21.774999618530273,-0.2914964258670807,-0.4070338308811188
21.780000686645508,0.5021476149559021,-0.3950464725494385
21.78499984741211,-0.2545458972454071,-0.381503164768219
21.790000915527344,0.11792004108428955,-0.3745351731777191
21.795000076293945,0.18881742656230927,-0.3695676326751709
21.799999237060547,0.408385306596756,-0.36406517028808594
21.80500030517578,-0.5105351209640503,-0.36240318417549133
21.809999465942383,0.12156728655099869,-0.3583119213581085
21.815000534057617,0.17686958611011505,-0.35075339674949646
21.81999969482422,0.42090797424316406,-0.34257179498672485
21.825000762939453,-0.3592076301574707,-0.3352656066417694
21.829999923706055,0.4357265830039978,-0.3298491835594177
21.834999084472656,-0.06324300169944763,-0.3213304281234741
21.84000015258789,-0.6017321348190308,-0.31543487310409546
21.844999313354492,0.7436991333961487,-0.31148484349250793
21.850000381469727,-0.033802278339862823,-0.30231475830078125
21.854999542236328,-0.07298725843429565,-0.2894512116909027
21.860000610351562,0.07918290793895721,-0.27879104018211365
21.864999771118164,0.14752784371376038,-0.27289512753486633
21.8700008392334,-0.08972537517547607,-0.2671981751918793
21.875,0.06274102628231049,-0.26344621181488037
21.8799991607666,0.14835914969444275,-0.26009273529052734
21.885000228881836,0.10008049756288528,-0.25935742259025574
21.889999389648438,-0.009703435003757477,-0.2568143308162689
21.895000457763672,-0.15610408782958984,-0.24750332534313202
21.899999618530273,0.2205372154712677,-0.23892758786678314
21.905000686645508,0.337207168340683,-0.2355751246213913
21.90999984741211,-0.5299986004829407,-0.23115187883377075
21.915000915527344,0.4049522578716278,-0.22626343369483948
21.920000076293945,-0.12473137676715851,-0.22378352284431458
21.924999237060547,0.21808961033821106,-0.21969641745090485
21.93000030517578,-0.22751851379871368,-0.21246162056922913
21.934999465942383,0.1600494086742401,-0.20301483571529388
21.940000534057617,0.270736426115036,-0.19665059447288513
21.94499969482422,-0.0802096426486969,-0.19631579518318176
21.950000762939453,0.044998649507761,-0.1961141973733902
21.954999923706055,0.08204961568117142,-0.19397027790546417
21.959999084472656,0.18656307458877563,-0.18981480598449707
21.96500015258789,0.006006850395351648,-0.1833830326795578
21.969999313354492,-0.20766344666481018,-0.17768941819667816
21.975000381469727,0.4196225702762604,-0.172865629196167
21.979999542236328,-0.17671172320842743,-0.16931629180908203
21.985000610351562,0.03448525816202164,-0.16951872408390045
21.989999771118164,0.11521560698747635,-0.16696923971176147
21.9950008392334,0.16371652483940125,-0.15959569811820984
22,-0.06853558123111725,-0.1522950530052185
22.0049991607666,0.04633927345275879,-0.14586327970027924
22.010000228881836,0.03313543274998665,-0.14285047352313995
22.014999389648438,0.04002917557954788,-0.13715870678424835
22.020000457763672,0.1606426239013672,-0.13481083512306213
22.024999618530273,-0.13168253004550934,-0.1343507021665573
22.030000686645508,0.15020540356636047,-0.13266639411449432
22.03499984741211,0.12501102685928345,-0.13146694004535675
22.040000915527344,0.05397379398345947,-0.12911872565746307
22.045000076293945,0.10714977979660034,-0.12804658710956573
22.049999237060547,-0.004884111694991589,-0.12717939913272858
22.05500030517578,0.13144293427467346,-0.1248306930065155
22.059999465942383,0.07808735966682434,-0.12215086817741394
22.065000534057617,-0.20361362397670746,-0.11980148404836655
22.06999969482422,0.2309022694826126,-0.11679104715585709
22.075000762939453,0.12206372618675232,-0.11229773610830307
22.079999923706055,0.08549335598945618,-0.108339823782444
22.084999084472656,0.06568796932697296,-0.10392798483371735
22.09000015258789,-0.03217276930809021,-0.10326844453811646
22.094999313354492,0.16603639721870422,-0.10413411259651184
22.100000381469727,-0.021691398695111275,-0.1024424210190773
22.104999542236328,-0.004681708756834269,-0.09642422944307327
22.110000610351562,-0.07768478989601135,-0.0940733402967453
22.114999771118164,0.1656632274389267,-0.09255047887563705
22.1200008392334,-0.031073924154043198,-0.09267210960388184
22.125,0.10229659825563431,-0.09383008629083633
22.1299991607666,0.09892351180315018,-0.09630261361598969
22.135000228881836,0.05528387799859047,-0.09728721529245377
22.139999389648438,0.1702742874622345,-0.09097571671009064
22.145000457763672,0.05736234039068222,-0.08046455681324005
22.149999618530273,-0.0003312120388727635,-0.07766477763652802
22.155000686645508,0.14461953938007355,-0.08064195513725281
22.15999984741211,0.16250872611999512,-0.08034426718950272
22.165000915527344,-0.00523885665461421,-0.07724681496620178
22.170000076293945,0.16533276438713074,-0.07829072326421738
22.174999237060547,0.025398971512913704,-0.07605624198913574
22.18000030517578,0.08591876178979874,-0.07167667150497437
22.184999465942383,0.10053977370262146,-0.07239634543657303
22.190000534057617,0.017287885770201683,-0.07603171467781067
22.19499969482422,0.05642062798142433,-0.07766342908143997
22.200000762939453,0.1262824684381485,-0.07777900993824005
22.204999923706055,-0.022021494805812836,-0.07325966656208038
22.209999084472656,0.032579388469457626,-0.07400622218847275
22.21500015258789,0.06665139645338058,-0.07819849252700806
22.219999313354492,-0.018409576267004013,-0.07894471287727356
22.225000381469727,0.05886083468794823,-0.0772227868437767
22.229999542236328,0.02338343858718872,-0.07798716425895691
22.235000610351562,0.003134612226858735,-0.07787292450666428
22.239999771118164,0.1175781711935997,-0.07754836231470108
22.2450008392334,0.04697370156645775,-0.07915639132261276
22.25,0.018601644784212112,-0.07991773635149002
22.2549991607666,0.05714374780654907,-0.0773368552327156
22.260000228881836,0.03817924112081528,-0.07358556240797043
22.264999389648438,0.0492795892059803,-0.07316121459007263
22.270000457763672,0.08592281490564346,-0.06854981184005737
22.274999618530273,0.0740901455283165,-0.06897449493408203
22.280000686645508,0.053221601992845535,-0.07390005141496658
22.28499984741211,0.02493860386312008,-0.07787308841943741
22.290000915527344,0.033312808722257614,-0.07840898633003235
22.295000076293945,0.08383551985025406,-0.07915806770324707
22.299999237060547,0.041963014751672745,-0.08312304317951202
22.30500030517578,0.12060092389583588,-0.08484026789665222
22.309999465942383,0.08218687772750854,-0.0859120637178421
22.315000534057617,0.12334803491830826,-0.08559002727270126
22.31999969482422,0.04917692020535469,-0.08730591088533401
22.325000762939453,-0.15617990493774414,-0.08644796162843704
22.329999923706055,0.2002294659614563,-0.08634078502655029
22.334999084472656,0.39553102850914,-0.09062863886356354
22.34000015258789,-0.13882099092006683,-0.09598829597234726
22.344999313354492,-0.25115296244621277,-0.0984535962343216
22.350000381469727,0.2452855259180069,-0.09984659403562546
22.354999542236328,0.3573102056980133,-0.10242058336734772
22.360000610351562,-0.12022557854652405,-0.10413410514593124
22.364999771118164,-0.2338356077671051,-0.10338267683982849
22.3700008392334,-0.1251828968524933,-0.10295765846967697
22.375,0.20139051973819733,-0.10885320603847504
22.3799991607666,0.39151766896247864,-0.11442889273166656
22.385000228881836,-0.2615029513835907,-0.11774878203868866
22.389999389648438,-0.11187342554330826,-0.11989270150661469
22.395000457763672,0.5308964848518372,-0.12354151904582977
22.399999618530273,-0.42462626099586487,-0.13158099353313446
22.405000686645508,0.24886325001716614,-0.13726000487804413
22.40999984741211,0.48242175579071045,-0.1384342759847641
22.415000915527344,-0.4045639932155609,-0.14154818654060364
22.420000076293945,0.23544302582740784,-0.14530014991760254
22.424999237060547,0.39252710342407227,-0.14926965534687042
22.43000030517578,-0.49934789538383484,-0.15601962804794312
22.434999465942383,0.46116533875465393,-0.16235093772411346
22.440000534057617,0.11319785565137863,-0.16727519035339355
22.44499969482422,0.22221454977989197,-0.17317073047161102
22.450000762939453,-0.2154492288827896,-0.17660517990589142
22.454999923706055,0.38889235258102417,-0.18615354597568512
22.459999084472656,-0.0763007402420044,-0.1958998441696167
22.46500015258789,-0.11973947286605835,-0.20113904774188995
22.469999313354492,0.4880742132663727,-0.20050537586212158
22.475000381469727,-0.3320753872394562,-0.20554837584495544
22.479999542236328,0.33794939517974854,-0.21487905085086823
22.485000610351562,0.022288277745246887,-0.2242102324962616
22.489999771118164,-0.278155654668808,-0.23644113540649414
22.4950008392334,0.2197331041097641,-0.24606195092201233
22.5,0.304282546043396,-0.25034981966018677
22.5049991607666,-0.7479774355888367,-0.25690606236457825
22.510000228881836,0.7226966023445129,-0.26535680890083313
22.514999389648438,-0.23490355908870697,-0.27276530861854553
22.520000457763672,-0.16049985587596893,-0.2794181704521179
22.524999618530273,0.23876900970935822,-0.2891601026058197
22.530000686645508,0.08422818034887314,-0.2982713580131531
22.53499984741211,0.03930164873600006,-0.3030954599380493
22.540000915527344,0.0009575632866472006,-0.31104186177253723
22.545000076293945,0.3006930947303772,-0.3251056969165802
22.549999237060547,-0.20073549449443817,-0.33891239762306213
22.55500030517578,0.2623872458934784,-0.3484303951263428
22.559999465942383,0.5528973937034607,-0.3515546917915344
22.565000534057617,-0.5833696126937866,-0.36088860034942627
22.56999969482422,0.3965625762939453,-0.3755819499492645
22.575000762939453,0.015078791417181492,-0.3876870572566986
22.579999923706055,0.1391713172197342,-0.3931381106376648
22.584999084472656,-0.17412762343883514,-0.39988282322883606
22.59000015258789,-0.07816796749830246,-0.4101092517375946
22.594999313354492,0.17728616297245026,-0.42382168769836426
22.600000381469727,0.016994958743453026,-0.4359259009361267
22.604999542236328,0.16115890443325043,-0.4442783296108246
22.610000610351562,0.11679433286190033,-0.4552214741706848
22.614999771118164,-0.1120530366897583,-0.4677727520465851
22.6200008392334,0.3142181634902954,-0.47773271799087524
22.625,0.07539212703704834,-0.48617181181907654
22.6299991607666,0.28827932476997375,-0.494348406791687
22.635000228881836,-0.44401395320892334,-0.5073495507240295
22.639999389648438,0.04028494283556938,-0.5224437117576599
22.645000457763672,0.17754080891609192,-0.533024787902832
22.649999618530273,0.2115057408809662,-0.5407535433769226
22.655000686645508,0.028987344354391098,-0.5487080216407776
22.65999984741211,0.14011742174625397,-0.561035692691803
22.665000915527344,0.24185030162334442,-0.5781864523887634
22.670000076293945,-0.0376015231013298,-0.5899782180786133
22.674999237060547,0.2760485112667084,-0.5994845628738403
22.68000030517578,0.5025811791419983,-0.6061424016952515
22.684999465942383,0.29189786314964294,-0.6157065629959106
22.690000534057617,0.3308962881565094,-0.6304042339324951
22.69499969482422,-0.8113477230072021,-0.6433507800102234
22.700000762939453,0.2033214122056961,-0.653534471988678
22.704999923706055,0.3889055848121643,-0.6668516397476196
22.709999084472656,0.05107947811484337,-0.6823950409889221
22.71500015258789,-0.5594098567962646,-0.6971752643585205
22.719999313354492,0.8860407471656799,-0.7076678276062012
22.725000381469727,-0.021679233759641647,-0.7173963189125061
22.729999542236328,-1.021008014678955,-0.726655125617981
22.735000610351562,0.32745516300201416,-0.7376829981803894
22.739999771118164,-0.31967857480049133,-0.7515384554862976
22.7450008392334,0.8355401158332825,-0.7657024264335632
22.75,-0.36153340339660645,-0.7836971282958984
22.7549991607666,0.5974515080451965,-0.7950319647789001
22.760000228881836,-0.3279975652694702,-0.8062874674797058
22.764999389648438,-0.2665887176990509,-0.8177719712257385
22.770000457763672,0.8145052194595337,-0.8280336856842041
22.774999618530273,-0.5591688752174377,-0.8428856134414673
22.780000686645508,0.7927384376525879,-0.8581998348236084
22.78499984741211,-0.6332027316093445,-0.868537425994873
22.790000915527344,0.7935424447059631,-0.8775725960731506
22.795000076293945,-0.5754230618476868,-0.8903598785400391
22.799999237060547,0.3307686448097229,-0.905367374420166
22.80500030517578,0.08262331038713455,-0.9177706837654114
22.809999465942383,-0.26357847452163696,-0.929026186466217
22.815000534057617,0.6483275294303894,-0.9431172609329224
22.81999969482422,-0.5812984704971313,-0.9563608765602112
22.825000762939453,0.3267405331134796,-0.9660826325416565
22.829999923706055,-0.476860910654068,-0.9748155474662781
22.834999084472656,1.4396635293960571,-0.9855355024337769
22.84000015258789,-1.0754501819610596,-0.9987034201622009
22.844999313354492,0.672373354434967,-1.0128703117370605
22.850000381469727,-0.5979240536689758,-1.0254297256469727
22.854999542236328,0.39202696084976196,-1.039365530014038
22.860000610351562,0.5536054372787476,-1.0538370609283447
22.864999771118164,-0.4419461786746979,-1.0683798789978027
22.8700008392334,0.1799633651971817,-1.0809396505355835
22.875,-0.20432423055171967,-1.0882821083068848
22.8799991607666,0.0546395368874073,-1.098091959953308
22.885000228881836,0.2022954374551773,-1.1133320331573486
22.889999389648438,0.18186776340007782,-1.1254963874816895
22.895000457763672,0.11760134994983673,-1.1327670812606812
22.899999618530273,-0.2674119174480438,-1.140971064567566
22.905000686645508,0.2717866897583008,-1.1543705463409424
22.90999984741211,-0.3912195861339569,-1.167838215827942
22.915000915527344,0.19956670701503754,-1.1776518821716309
22.920000076293945,-0.09337300062179565,-1.1897456645965576
22.924999237060547,0.39683860540390015,-1.2055230140686035
22.93000030517578,-0.1172197163105011,-1.219224452972412
22.934999465942383,-0.41206490993499756,-1.2297096252441406
22.940000534057617,0.03450588136911392,-1.2409652471542358
22.94499969482422,0.055902864784002304,-1.2509138584136963
22.950000762939453,0.6252641677856445,-1.258718490600586
22.954999923706055,-0.184483140707016,-1.2640786170959473
22.959999084472656,0.7515584826469421,-1.271817684173584
22.96500015258789,-0.4026905298233032,-1.2843159437179565
22.969999313354492,0.2423485517501831,-1.2983157634735107
22.975000381469727,-0.5270693302154541,-1.3084995746612549
22.979999542236328,-0.15961112082004547,-1.3149954080581665
22.985000610351562,1.077150821685791,-1.325115442276001
22.989999771118164,-0.4019843339920044,-1.338451862335205
22.9950008392334,0.26998791098594666,-1.3511414527893066
23,0.2557970881462097,-1.3609635829925537
23.0049991607666,-0.0874161347746849,-1.3746622800827026
23.010000228881836,-0.23109064996242523,-1.387587308883667
23.014999389648438,0.4955674409866333,-1.3961018323898315
23.020000457763672,-0.17172159254550934,-1.4105122089385986
23.024999618530273,0.29768505692481995,-1.426176905632019
23.030000686645508,-0.26951614022254944,-1.436062216758728
23.03499984741211,0.1669427901506424,-1.4441025257110596
23.040000915527344,0.33976438641548157,-1.4551197290420532
23.045000076293945,-0.36975231766700745,-1.4633979797363281
23.049999237060547,0.5824393033981323,-1.4746534824371338
23.05500030517578,-0.05117475986480713,-1.4863864183425903
23.059999465942383,-0.3983672857284546,-1.4985336065292358
23.065000534057617,0.2521553337574005,-1.5137213468551636
23.06999969482422,0.3079772889614105,-1.5260494947433472
23.075000762939453,-0.23612459003925323,-1.5368839502334595
23.079999923706055,0.28553444147109985,-1.5475462675094604
23.084999084472656,-0.1939936727285385,-1.5553467273712158
23.09000015258789,0.41480764746665955,-1.5615952014923096
23.094999313354492,-0.20987364649772644,-1.5679147243499756
23.100000381469727,0.04045679792761803,-1.5778025388717651
23.104999542236328,0.041281115263700485,-1.5930503606796265
23.110000610351562,-0.07388667017221451,-1.6085938215255737
23.114999771118164,0.9552217721939087,-1.6183512210845947
23.1200008392334,0.03223750740289688,-1.626631498336792
23.125,-0.2898356318473816,-1.6372971534729004
23.1299991607666,0.2550773024559021,-1.6480705738067627
23.135000228881836,0.17398150265216827,-1.654797077178955
23.139999389648438,-0.19651488959789276,-1.6625423431396484
23.145000457763672,0.11703721433877945,-1.673986792564392
23.149999618530273,0.09980745613574982,-1.687974452972412
23.155000686645508,-0.10649549961090088,-1.6989362239837646
23.15999984741211,0.1410396546125412,-1.7094652652740479
23.165000915527344,0.15959714353084564,-1.719010353088379
23.170000076293945,-0.15657587349414825,-1.7326526641845703
23.174999237060547,-0.342171847820282,-1.7531204223632812
23.18000030517578,-0.005553501192480326,-1.7537577152252197
23.184999465942383,-0.3545270562171936,-1.7518572807312012
23.190000534057617,0.0005030428874306381,-1.7597970962524414
23.19499969482422,-0.216334268450737,-1.7692506313323975
23.200000762939453,0.48246002197265625,-1.7758771181106567
23.204999923706055,0.06318852305412292,-1.7857686281204224
23.209999084472656,0.19828128814697266,-1.8020914793014526
23.21500015258789,-0.26700493693351746,-1.813639521598816
23.219999313354492,-0.14351150393486023,-1.8228464126586914
23.225000381469727,0.011789966374635696,-1.8321548700332642
23.229999542236328,-0.5319372415542603,-1.8412667512893677
23.235000610351562,0.4561373293399811,-1.849644422531128
23.239999771118164,-0.27205348014831543,-1.8573466539382935
23.2450008392334,0.28203514218330383,-1.867530345916748
23.25,0.20297180116176605,-1.8745895624160767
23.2549991607666,-0.23861555755138397,-1.8757065534591675
23.260000228881836,-0.19972164928913116,-1.8734734058380127
23.264999389648438,-0.1708630919456482,-1.882874846458435
23.270000457763672,0.3122023046016693,-1.896676778793335
23.274999618530273,-0.1633201688528061,-1.9029515981674194
23.280000686645508,0.6339243054389954,-1.9065009355545044
23.28499984741211,0.14160305261611938,-1.9121062755584717
23.290000915527344,-0.1330198347568512,-1.9168444871902466
23.295000076293945,0.24184657633304596,-1.9187427759170532
23.299999237060547,0.22683805227279663,-1.9329664707183838
23.30500030517578,0.26823440194129944,-1.9505270719528198
23.309999465942383,-0.18195310235023499,-1.9591460227966309
23.315000534057617,-0.230810284614563,-1.9710198640823364
23.31999969482422,0.4708573520183563,-1.9782757759094238
23.325000762939453,-0.033150192350149155,-1.98338782787323
23.329999923706055,0.046072106808423996,-1.9825242757797241
23.334999084472656,-0.30770498514175415,-1.995099425315857
23.34000015258789,0.03836951032280922,-2.0151381492614746
23.344999313354492,-0.1874701827764511,-2.022969961166382
23.350000381469727,0.3330671489238739,-2.028120756149292
23.354999542236328,-0.3055911958217621,-2.036447048187256
23.360000610351562,-0.21126985549926758,-2.0412702560424805
23.364999771118164,0.25836387276649475,-2.0356249809265137
23.3700008392334,-0.18011313676834106,-2.0423057079315186
23.375,-0.07808183878660202,-2.063345432281494
23.3799991607666,0.033940259367227554,-2.0781407356262207
23.385000228881836,0.4004417061805725,-2.0854685306549072
23.389999389648438,-0.011632855981588364,-2.087934732437134
23.395000457763672,0.08615797013044357,-2.0892560482025146
23.399999618530273,0.36160221695899963,-2.088149070739746
23.405000686645508,0.14702294766902924,-2.0971899032592773
23.40999984741211,0.3021341860294342,-2.1129839420318604
23.415000915527344,-0.44645562767982483,-2.123772621154785
23.420000076293945,0.2650044560432434,-2.1264870166778564
23.424999237060547,-0.01588546670973301,-2.1304898262023926
23.43000030517578,-0.05562135949730873,-2.1331698894500732
23.434999465942383,0.41939622163772583,-2.136167526245117
23.440000534057617,-0.2581077516078949,-2.1456503868103027
23.44499969482422,0.09616610407829285,-2.1628024578094482
23.450000762939453,0.20349477231502533,-2.1776223182678223
23.454999923706055,0.23564431071281433,-2.1811859607696533
23.459999084472656,-0.2178640365600586,-2.1827619075775146
23.46500015258789,-0.043336767703294754,-2.1824791431427
23.469999313354492,0.0342361256480217,-2.184401512145996
23.475000381469727,0.20735467970371246,-2.188850164413452
23.479999542236328,-0.06675370782613754,-2.204646348953247
23.485000610351562,0.323469340801239,-2.215961456298828
23.489999771118164,0.1770237684249878,-2.2176287174224854
23.4950008392334,-0.12456615269184113,-2.2183890342712402
23.5,0.30752095580101013,-2.2200257778167725
23.5049991607666,0.05421188846230507,-2.2218873500823975
23.510000228881836,-0.24613787233829498,-2.2232134342193604
23.514999389648438,0.05379200354218483,-2.2328052520751953
23.520000457763672,0.13471150398254395,-2.247276544570923
23.524999618530273,0.14748515188694,-2.2537901401519775
23.530000686645508,0.08820846676826477,-2.2508556842803955
23.53499984741211,0.04083254188299179,-2.2526919841766357
23.540000915527344,-0.1599644273519516,-2.26016902923584
23.545000076293945,0.36076685786247253,-2.2599663734436035
23.549999237060547,0.011890427209436893,-2.263666868209839
23.55500030517578,-0.13747042417526245,-2.272217273712158
23.559999465942383,0.061675671488046646,-2.277907371520996
23.565000534057617,-0.0124943433329463,-2.2786989212036133
23.56999969482422,0.42250731587409973,-2.2808427810668945
23.575000762939453,-0.25151580572128296,-2.2821948528289795
23.579999923706055,-0.01738542504608631,-2.2806103229522705
23.584999084472656,-0.024958865717053413,-2.2848055362701416
23.59000015258789,-0.11993155628442764,-2.297412395477295
23.594999313354492,0.14482048153877258,-2.301767587661743
23.600000381469727,0.11372595280408859,-2.298809051513672
23.604999542236328,-0.10029065608978271,-2.3041248321533203
23.610000610351562,-0.02370399236679077,-2.3076624870300293
23.614999771118164,0.19593895971775055,-2.3041892051696777
23.6200008392334,0.0905386358499527,-2.3041269779205322
23.625,-0.03684968128800392,-2.316175937652588
23.6299991607666,0.13118349015712738,-2.322648048400879
23.635000228881836,-0.06967784464359283,-2.319730281829834
23.639999389648438,0.11267566680908203,-2.3194332122802734
23.645000457763672,-0.022559136152267456,-2.3226490020751953
23.649999618530273,0.04833971709012985,-2.322408676147461
23.655000686645508,0.009084434248507023,-2.319692373275757
23.65999984741211,0.02365723066031933,-2.3269190788269043
23.665000915527344,0.08761707693338394,-2.3330912590026855
23.670000076293945,0.022525262087583542,-2.3336451053619385
23.674999237060547,0.040571242570877075,-2.3349764347076416
23.68000030517578,0.0060911220498383045,-2.335529088973999
23.684999465942383,-0.0054125552996993065,-2.330185890197754
23.690000534057617,0.055013760924339294,-2.32375431060791
23.69499969482422,0.010146480984985828,-2.3250389099121094
23.700000762939453,0.04234573617577553,-2.3341503143310547
23.704999923706055,0.04395536705851555,-2.339801073074341
23.709999084472656,0.10649769008159637,-2.339815616607666
23.71500015258789,0.027155067771673203,-2.3387293815612793
23.719999313354492,0.09276871383190155,-2.339815378189087
23.725000381469727,0.04359877482056618,-2.3344693183898926
23.729999542236328,0.023872509598731995,-2.332298755645752
23.735000610351562,0.08163928985595703,-2.3376452922821045
23.739999771118164,0.0676913633942604,-2.3398146629333496
23.7450008392334,0.06539872288703918,-2.337932586669922
23.75,0.093490369617939,-2.3398025035858154
23.7549991607666,0.007366240955889225,-2.338479995727539
23.760000228881836,0.029578715562820435,-2.332322120666504
23.764999389648438,-0.003265275154262781,-2.329620122909546
23.770000457763672,0.07321172952651978,-2.3363037109375
23.774999618530273,0.042071208357810974,-2.3406124114990234
23.780000686645508,0.07572554051876068,-2.3384783267974854
23.78499984741211,0.04716727137565613,-2.3357889652252197
23.790000915527344,-0.0031162360683083534,-2.331519603729248
23.795000076293945,0.10327842086553574,-2.324815273284912
23.799999237060547,0.03993239626288414,-2.323181629180908
23.80500030517578,0.032613612711429596,-2.331221103668213
23.809999465942383,0.06741020828485489,-2.333916664123535
23.815000534057617,0.07158038765192032,-2.3299012184143066
23.81999969482422,0.07981842756271362,-2.3274850845336914
23.825000762939453,0.05329226329922676,-2.3218681812286377
23.829999923706055,0.09288389980792999,-2.3148937225341797
23.834999084472656,0.02870398387312889,-2.3140742778778076
23.84000015258789,0.14636090397834778,-2.3245222568511963
23.844999313354492,0.017368478700518608,-2.3288216590881348
23.850000381469727,0.2587962746620178,-2.3226711750030518
23.854999542236328,-0.24589166045188904,-2.3140904903411865
23.860000610351562,0.3869570195674896,-2.3055195808410645
23.864999771118164,-0.19385315477848053,-2.297741174697876
23.8700008392334,0.2109651267528534,-2.2931835651397705
23.875,-0.1955588459968567,-2.2974636554718018
23.8799991607666,-0.009958095848560333,-2.300952434539795
23.885000228881836,0.13564547896385193,-2.297473192214966
23.889999389648438,0.33514630794525146,-2.2913079261779785
23.895000457763672,-0.13694822788238525,-2.286217451095581
23.899999618530273,0.07656089216470718,-2.279249906539917
23.905000686645508,-0.4342648983001709,-2.2725493907928467
23.90999984741211,0.6390421390533447,-2.2720117568969727
23.915000915527344,-0.052034810185432434,-2.272547721862793
23.920000076293945,-0.17866134643554688,-2.2669217586517334
23.924999237060547,0.04636319726705551,-2.2575418949127197
23.93000030517578,0.2968239188194275,-2.247894525527954
23.934999465942383,-0.12950396537780762,-2.2377102375030518
23.940000534057617,-0.40696483850479126,-2.224846601486206
23.94499969482422,0.14064882695674896,-2.216005802154541
23.950000762939453,0.7952684164047241,-2.2184195518493652
23.954999923706055,-0.7735747694969177,-2.2194879055023193
23.959999084472656,0.8084914088249207,-2.20983624458313
23.96500015258789,-0.32656824588775635,-2.197242021560669
23.969999313354492,0.2281886339187622,-2.18839955329895
23.975000381469727,-0.24544338881969452,-2.178215980529785
23.979999542236328,0.4769264757633209,-2.171517848968506
23.985000610351562,-0.1359877586364746,-2.1704533100128174
23.989999771118164,0.16396749019622803,-2.1658828258514404
23.9950008392334,0.18319475650787354,-2.1506054401397705
24,-0.40289363265037537,-2.138016939163208
24.0049991607666,-0.014201100915670395,-2.132927417755127
24.010000228881836,0.2964378893375397,-2.123539686203003
24.014999389648438,0.26550567150115967,-2.109875202178955
24.020000457763672,-0.2726588547229767,-2.1004984378814697
24.024999618530273,0.4625740349292755,-2.0889651775360107
24.030000686645508,-0.23667582869529724,-2.074765205383301
24.03499984741211,-0.3677319884300232,-2.0645956993103027
24.040000915527344,0.381592333316803,-2.0592284202575684
24.045000076293945,0.1209019348025322,-2.047421455383301
24.049999237060547,-0.4475526809692383,-2.030006170272827
24.05500030517578,0.4675026535987854,-2.021455764770508
24.059999465942383,0.19034866988658905,-2.0187668800354004
24.065000534057617,-0.18519264459609985,-2.009373426437378
24.06999969482422,0.05672165006399155,-1.996782660484314
24.075000762939453,0.2997804582118988,-1.9847183227539062
24.079999923706055,0.07813116163015366,-1.9699739217758179
24.084999084472656,-0.18243446946144104,-1.9528120756149292
24.09000015258789,-0.19839316606521606,-1.9405055046081543
24.094999313354492,0.07268953323364258,-1.929535150527954
24.100000381469727,-0.09932538866996765,-1.921472430229187
24.104999542236328,0.2627217471599579,-1.911562204360962
24.110000610351562,0.756746232509613,-1.8994966745376587
24.114999771118164,-0.09178761392831802,-1.8858354091644287
24.1200008392334,-0.7279732823371887,-1.8726978302001953
24.125,0.546677827835083,-1.867363691329956
24.1299991607666,0.12903478741645813,-1.8646833896636963
24.135000228881836,-0.35975155234336853,-1.8542115688323975
24.139999389648438,0.704924464225769,-1.8394511938095093
24.145000457763672,-0.2242705374956131,-1.8260657787322998
24.149999618530273,-0.5849899053573608,-1.812130331993103
24.155000686645508,0.6661927700042725,-1.7970924377441406
24.15999984741211,-0.25448113679885864,-1.7778282165527344
24.165000915527344,-0.17686405777931213,-1.7674003839492798
24.170000076293945,0.4868215322494507,-1.7577203512191772
24.174999237060547,0.253179132938385,-1.7402760982513428
24.18000030517578,-0.42116889357566833,-1.7242472171783447
24.184999465942383,0.28902968764305115,-1.712438702583313
24.190000534057617,-0.0016754616517573595,-1.6984678506851196
24.19499969482422,-0.2865898609161377,-1.6818878650665283
24.200000762939453,0.5568791627883911,-1.6690425872802734
24.204999923706055,-0.3761010468006134,-1.6572328805923462
24.209999084472656,0.25955915451049805,-1.6424648761749268
24.21500015258789,0.07935553044080734,-1.624796748161316
24.219999313354492,-0.16901275515556335,-1.6089754104614258
24.225000381469727,-0.006966616027057171,-1.593153715133667
24.229999542236328,0.43815723061561584,-1.569014549255371
24.235000610351562,-0.30505460500717163,-1.553810715675354
24.239999771118164,0.15577398240566254,-1.5454922914505005
24.2450008392334,0.1962893307209015,-1.532071590423584
24.25,0.1786893755197525,-1.5116833448410034
24.2549991607666,-1.1574538946151733,-1.495603322982788
24.260000228881836,1.325637936592102,-1.4787533283233643
24.264999389648438,-0.006250106263905764,-1.4629309177398682
24.270000457763672,-0.7747671604156494,-1.4508825540542603
24.274999618530273,0.36908474564552307,-1.4423531293869019
24.280000686645508,-0.09994729608297348,-1.4310508966445923
24.28499984741211,0.7603227496147156,-1.4195150136947632
24.290000915527344,-1.076860785484314,-1.4031555652618408
24.295000076293945,0.3741462230682373,-1.3859792947769165
24.299999237060547,0.3414972722530365,-1.3672698736190796
24.30500030517578,0.5174579620361328,-1.3538960218429565
24.309999465942383,-0.23385731875896454,-1.346366286277771
24.315000534057617,0.16955669224262238,-1.3299537897109985
24.31999969482422,0.15295550227165222,-1.3091031312942505
24.325000762939453,0.1315964162349701,-1.2927693128585815
24.329999923706055,0.0017623617313802242,-1.2771716117858887
24.334999084472656,-0.0009354642825201154,-1.2600747346878052
24.34000015258789,-0.3764587342739105,-1.24532151222229
24.344999313354492,0.5804624557495117,-1.234911561012268
24.350000381469727,-0.35297074913978577,-1.2217378616333008
24.354999542236328,0.3490968346595764,-1.2080556154251099
24.360000610351562,0.12845294177532196,-1.1906508207321167
24.364999771118164,-0.2498016208410263,-1.1772805452346802
24.3700008392334,0.2349720001220703,-1.164953351020813
24.375,0.3660376965999603,-1.1528486013412476
24.3799991607666,-0.7747877240180969,-1.1424723863601685
24.385000228881836,0.3449844419956207,-1.1325416564941406
24.389999389648438,-0.05904927849769592,-1.1176937818527222
24.395000457763672,-0.32800936698913574,-1.097893476486206
24.399999618530273,0.44805237650871277,-1.0786620378494263
24.405000686645508,0.4553947448730469,-1.0630226135253906
24.40999984741211,0.041751064360141754,-1.0437592267990112
24.415000915527344,-0.5813080668449402,-1.0291341543197632
24.420000076293945,0.5175624489784241,-1.0256335735321045
24.424999237060547,-0.07593236118555069,-1.0145626068115234
24.43000030517578,0.6344274282455444,-0.9966241717338562
24.434999465942383,-0.2926405370235443,-0.979438841342926
24.440000534057617,0.19151191413402557,-0.9652864336967468
24.44499969482422,-0.14325131475925446,-0.9494579434394836
24.450000762939453,-0.29239875078201294,-0.9360934495925903
24.454999923706055,0.30700796842575073,-0.92726731300354
24.459999084472656,-0.625985860824585,-0.9175838828086853
24.46500015258789,-0.3279784321784973,-0.901218831539154
24.469999313354492,1.0769157409667969,-0.8891770243644714
24.475000381469727,0.4165876507759094,-0.880388081073761
24.479999542236328,-0.16764749586582184,-0.8658059239387512
24.485000610351562,0.3150671720504761,-0.8484050035476685
24.489999771118164,-0.33820992708206177,-0.8377982378005981
24.4950008392334,-0.4074645936489105,-0.8291466236114502
24.5,0.3900993764400482,-0.8141008615493774
24.5049991607666,0.5843467116355896,-0.7983086705207825
24.510000228881836,-0.009008277207612991,-0.7846606373786926
24.514999389648438,0.164014995098114,-0.767182469367981
24.520000457763672,-0.20899340510368347,-0.7527901530265808
24.524999618530273,0.16997697949409485,-0.7448306679725647
24.530000686645508,-0.22115175426006317,-0.739101767539978
24.53499984741211,1.283097505569458,-0.7270214557647705
24.540000915527344,-1.2702418565750122,-0.7141988277435303
24.545000076293945,0.2239559143781662,-0.7002637982368469
24.549999237060547,0.2947443723678589,-0.6873586177825928
24.55500030517578,0.11473651975393295,-0.677505612373352
24.559999465942383,0.17304015159606934,-0.6724771857261658
24.565000534057617,-0.03502659127116203,-0.6621658802032471
24.56999969482422,-0.3486456871032715,-0.6468687057495117
24.575000762939453,0.4995602071285248,-0.6351636648178101
24.579999923706055,0.27021315693855286,-0.6255161762237549
24.584999084472656,-0.0416097491979599,-0.6128546595573425
24.59000015258789,-0.03858257457613945,-0.5989190340042114
24.594999313354492,0.4448717534542084,-0.5863905549049377
24.600000381469727,-0.27069225907325745,-0.5824379920959473
24.604999542236328,0.11387830227613449,-0.5756703615188599
24.610000610351562,0.25033414363861084,-0.5649049878120422
24.614999771118164,-0.8891535997390747,-0.5539402961730957
24.6200008392334,1.0616241693496704,-0.5418576002120972
24.625,-0.015337497927248478,-0.5289939641952515
24.6299991607666,0.18828493356704712,-0.5191488862037659
24.635000228881836,0.017881860956549644,-0.515444278717041
24.639999389648438,-0.1282273679971695,-0.5094529986381531
24.645000457763672,0.17504319548606873,-0.49712568521499634
24.649999618530273,0.3326045572757721,-0.4888906478881836
24.655000686645508,-0.04453830048441887,-0.48508965969085693
24.65999984741211,-0.06376998871564865,-0.4724206328392029
24.665000915527344,0.23069508373737335,-0.46072790026664734
24.670000076293945,-0.297336220741272,-0.45648980140686035
24.674999237060547,0.6767687201499939,-0.45156553387641907
24.68000030517578,-0.8650728464126587,-0.44036075472831726
24.684999465942383,0.036975182592868805,-0.4366084635257721
24.690000534057617,0.6969056725502014,-0.43047034740448
24.69499969482422,-0.45166873931884766,-0.41959646344184875
24.700000762939453,0.02301507070660591,-0.4073723554611206
24.704999923706055,0.182631716132164,-0.39831313490867615
24.709999084472656,0.6652091145515442,-0.3977765440940857
24.71500015258789,0.25704866647720337,-0.38748759031295776
24.719999313354492,-0.40156295895576477,-0.37355226278305054
24.725000381469727,-0.22859565913677216,-0.3675217628479004
24.729999542236328,-0.08608989417552948,-0.3637160658836365
24.735000610351562,0.500295877456665,-0.3534786105155945
24.739999771118164,-0.09817282110452652,-0.3471556305885315
24.7450008392334,0.3094809353351593,-0.3455476462841034
24.75,-0.31960684061050415,-0.3398372232913971
24.7549991607666,-0.0177758801728487,-0.3353644013404846
24.760000228881836,0.22679831087589264,-0.3332204818725586
24.764999389648438,0.13578644394874573,-0.32804444432258606
24.770000457763672,0.11421648412942886,-0.31810060143470764
24.774999618530273,-0.18057647347450256,-0.31041407585144043
24.780000686645508,0.25523993372917175,-0.30832722783088684
24.78499984741211,-0.12506256997585297,-0.3069007992744446
24.790000915527344,0.09785925596952438,-0.29642072319984436
24.795000076293945,-0.17931458353996277,-0.28784504532814026
24.799999237060547,0.24242286384105682,-0.28665095567703247
24.80500030517578,0.17338791489601135,-0.2824842035770416
24.809999465942383,-0.16826392710208893,-0.2749802768230438
24.815000534057617,0.14075259864330292,-0.2683699429035187
24.81999969482422,-0.06394882500171661,-0.26813170313835144
24.825000762939453,0.2934044599533081,-0.26485586166381836
24.829999923706055,-0.19085027277469635,-0.2583635747432709
24.834999084472656,0.12939611077308655,-0.24901460111141205
24.84000015258789,0.16766001284122467,-0.24526230990886688
24.844999313354492,-0.08761269599199295,-0.2418706715106964
24.850000381469727,0.0984252467751503,-0.23775820434093475
24.854999542236328,-0.3699572682380676,-0.23621200025081635
24.860000610351562,0.3473362922668457,-0.23025394976139069
24.864999771118164,0.06177466735243797,-0.2224508374929428
24.8700008392334,0.015314672142267227,-0.21638192236423492
24.875,0.18544542789459229,-0.21530978381633759
24.8799991607666,0.044326312839984894,-0.2093503773212433
24.885000228881836,0.18297579884529114,-0.20703460276126862
24.889999389648438,0.0073147183284163475,-0.20894268155097961
24.895000457763672,0.02104516699910164,-0.20476080477237701
24.899999618530273,-0.1324041783809662,-0.19594989717006683
24.905000686645508,0.2084306925535202,-0.1938711553812027
24.90999984741211,0.07275283336639404,-0.19035440683364868
24.915000915527344,0.03798272833228111,-0.1833205372095108
24.920000076293945,0.020894287154078484,-0.18053889274597168
24.924999237060547,0.0009519970044493675,-0.18130949139595032
24.93000030517578,-0.08113184571266174,-0.17963427305221558
24.934999465942383,0.2834427058696747,-0.17672009766101837
24.940000534057617,0.0021759760566055775,-0.17457614839076996
24.94499969482422,0.04017159342765808,-0.16991786658763885
24.950000762939453,0.1883651614189148,-0.16164453327655792
24.954999923706055,-0.12577982246875763,-0.15635377168655396
24.959999084472656,0.12929637730121613,-0.15749476850032806
24.96500015258789,-0.06784999370574951,-0.15742522478103638
24.969999313354492,0.06787499785423279,-0.1539064347743988
24.975000381469727,0.18825989961624146,-0.14961858093738556
24.979999542236328,0.005384562537074089,-0.14724181592464447
24.985000610351562,0.09927826374769211,-0.14509789645671844
24.989999771118164,-0.1473965048789978,-0.141346275806427
24.9950008392334,0.10624377429485321,-0.13920234143733978
25,0.22122608125209808,-0.13705840706825256
25.0049991607666,0.030910877510905266,-0.13269831240177155
25.010000228881836,0.18772447109222412,-0.12901893258094788
25.014999389648438,0.08837148547172546,-0.1274109035730362
25.020000457763672,-0.03637458756566048,-0.12549813091754913
25.024999618530273,0.24934974312782288,-0.11990748345851898
25.030000686645508,-0.06776388734579086,-0.11638668924570084
25.03499984741211,0.1516781449317932,-0.11646060645580292
25.040000915527344,-0.13653939962387085,-0.11401160806417465
25.045000076293945,0.05995931848883629,-0.11102619767189026
25.049999237060547,0.08898788690567017,-0.1094934269785881
25.05500030517578,0.07762220501899719,-0.10865161567926407
25.059999465942383,0.10956018418073654,-0.1045939102768898
25.065000534057617,-0.04068387299776077,-0.10061230510473251
25.06999969482422,0.08098941296339035,-0.09984659403562546
25.075000762939453,-0.06370410323143005,-0.09984659403562546
25.079999923706055,0.14290061593055725,-0.10176104307174683
25.084999084472656,-0.007499115541577339,-0.10061163455247879
25.09000015258789,0.17663700878620148,-0.09846770018339157
25.094999313354492,-0.03829960152506828,-0.09854599088430405
25.100000381469727,0.14715909957885742,-0.10068991780281067
25.104999542236328,0.03332826495170593,-0.10061096400022507
25.110000610351562,0.027212847024202347,-0.09371282160282135
25.114999771118164,0.17403966188430786,-0.08529637008905411
25.1200008392334,-0.012032140046358109,-0.08354050666093826
25.125,0.12979282438755035,-0.08506789803504944
25.1299991607666,0.03071105107665062,-0.08216061443090439
25.135000228881836,0.09377629309892654,-0.08246921747922897
25.139999389648438,0.010207937099039555,-0.08836443722248077
25.145000457763672,0.05311194062232971,-0.08667509257793427
25.149999618530273,0.07205215841531754,-0.08269668370485306
25.155000686645508,0.08651823550462723,-0.08484026789665222
25.15999984741211,0.057483043521642685,-0.08422137796878815
25.165000915527344,0.10089746862649918,-0.07863544672727585
25.170000076293945,0.09874171763658524,-0.07956444472074509
25.174999237060547,0.06714672595262527,-0.08653179556131363
25.18000030517578,0.07383475452661514,-0.08667392283678055
25.184999465942383,0.06527875363826752,-0.08238639682531357
25.190000534057617,0.07646742463111877,-0.08131425827741623
25.19499969482422,0.03836103528738022,-0.07993150502443314
25.200000762939453,0.09720715880393982,-0.07572932541370392
25.204999923706055,0.044576920568943024,-0.0768011286854744
25.209999084472656,0.09795530140399933,-0.08094988763332367
25.21500015258789,0.06793276965618134,-0.0849267914891243
25.219999313354492,-0.022752709686756134,-0.08421752601861954
25.225000381469727,0.05016278848052025,-0.08292078226804733
25.229999542236328,0.05704586207866669,-0.08140044659376144
25.235000610351562,0.039378922432661057,-0.08131274580955505
25.239999771118164,0.07742422074079514,-0.0800168514251709
25.2450008392334,0.0330691933631897,-0.08247274905443192
25.25,0.0674256682395935,-0.084080770611763
25.2549991607666,0.048113029450178146,-0.08345584571361542
25.260000228881836,0.06594336032867432,-0.08207090944051743
25.264999389648438,0.06772006303071976,-0.07840897887945175
25.270000457763672,0.1357051134109497,-0.07957116514444351
25.274999618530273,-0.07784193009138107,-0.08770103007555008
25.280000686645508,0.09421127289533615,-0.0940420925617218
25.28499984741211,0.02695818617939949,-0.09502317756414413
25.290000915527344,0.1932617723941803,-0.09694467484951019
25.295000076293945,0.05497218295931816,-0.09855270385742188
25.299999237060547,-0.027930838987231255,-0.10016074031591415
25.30500030517578,0.0021881149150431156,-0.1064630001783371
25.309999465942383,-0.04450297728180885,-0.11472423374652863
25.315000534057617,0.28425195813179016,-0.11860436201095581
25.31999969482422,0.030342312529683113,-0.11529523879289627
25.325000762939453,-0.14257605373859406,-0.1127091497182846
25.329999923706055,0.3039940595626831,-0.11548305302858353
25.334999084472656,-0.11775961518287659,-0.12115802615880966
25.34000015258789,0.22977066040039062,-0.12790530920028687
25.344999313354492,0.13637669384479523,-0.13477790355682373
25.350000381469727,0.02110367827117443,-0.1362905204296112
25.354999542236328,-0.36616063117980957,-0.14045388996601105
25.360000610351562,0.49718552827835083,-0.14773772656917572
25.364999771118164,-0.3337457478046417,-0.151516392827034
25.3700008392334,0.2978208363056183,-0.15054136514663696
25.375,-0.11397472769021988,-0.1566314548254013
25.3799991607666,0.4728710651397705,-0.16927564144134521
25.385000228881836,-0.460447758436203,-0.17680290341377258
25.389999389648438,0.3579413592815399,-0.1789468228816986
25.395000457763672,-0.03175066411495209,-0.18247990310192108
25.399999618530273,0.3284667432308197,-0.1865493506193161
25.405000686645508,-0.7141482830047607,-0.19298112392425537
25.40999984741211,1.0128473043441772,-0.20272810757160187
25.415000915527344,-0.27067604660987854,-0.21312972903251648
25.420000076293945,-0.3971834182739258,-0.2197795808315277
25.424999237060547,0.9039177894592285,-0.22182339429855347
25.43000030517578,-0.7564609050750732,-0.22835561633110046
25.434999465942383,0.3303542733192444,-0.23788705468177795
25.440000534057617,0.3209953010082245,-0.24765047430992126
25.44499969482422,-0.2643718421459198,-0.25579211115837097
25.450000762939453,0.24180757999420166,-0.2637297809123993
25.454999923706055,-0.1462898999452591,-0.2729438841342926
25.459999084472656,0.060484081506729126,-0.2828080952167511
25.46500015258789,0.09047165513038635,-0.2899923324584961
25.469999313354492,0.24301573634147644,-0.29727989435195923
25.475000381469727,-0.5778842568397522,-0.3086392283439636
25.479999542236328,0.32990825176239014,-0.32032647728919983
25.485000610351562,0.4360169470310211,-0.33147096633911133
25.489999771118164,-0.4433261752128601,-0.3409091830253601
25.4950008392334,0.06392009556293488,-0.3522695004940033
25.5,0.3572675585746765,-0.36116644740104675
25.5049991607666,-0.09114181250333786,-0.37285205721855164
25.510000228881836,-0.1989356130361557,-0.3811066150665283
25.514999389648438,0.12296899408102036,-0.38871699571609497
25.520000457763672,0.35806721448898315,-0.3989007771015167
25.524999618530273,0.04476533457636833,-0.4101562798023224
25.530000686645508,0.2621811330318451,-0.4194822311401367
25.53499984741211,0.11239119619131088,-0.43084561824798584
25.540000915527344,-0.029924646019935608,-0.4417792856693268
25.545000076293945,0.03419933468103409,-0.45164066553115845
25.549999237060547,-0.14120562374591827,-0.46075230836868286
25.55500030517578,0.4402647912502289,-0.47297564148902893
25.559999465942383,-0.08412111550569534,-0.484657883644104
25.565000534057617,-0.6137961745262146,-0.49698522686958313
25.56999969482422,0.8940796256065369,-0.5094230771064758
25.575000762939453,-0.3409820795059204,-0.5211042761802673
25.579999923706055,0.13727426528930664,-0.531823992729187
25.584999084472656,-0.035560205578804016,-0.5444750785827637
25.59000015258789,-0.1337212324142456,-0.5581984519958496
25.594999313354492,0.12704460322856903,-0.5732059478759766
25.600000381469727,-0.0505499504506588,-0.5859572887420654
25.604999542236328,0.46419215202331543,-0.5963525772094727
25.610000610351562,-0.17265966534614563,-0.6041810512542725
25.614999771118164,0.20704005658626556,-0.6154365539550781
25.6200008392334,-0.03346773609519005,-0.6310932040214539
25.625,-0.3777066171169281,-0.6444929838180542
25.6299991607666,0.7655071020126343,-0.654773473739624
25.635000228881836,0.03469906747341156,-0.6661435961723328
25.639999389648438,0.06464985013008118,-0.6800788640975952
25.645000457763672,-0.1232166737318039,-0.6969249844551086
25.649999618530273,0.047659654170274734,-0.7125635147094727
25.655000686645508,0.4593242108821869,-0.7262666821479797
25.65999984741211,-0.0528499074280262,-0.7366828918457031
25.665000915527344,-0.14995664358139038,-0.7462145686149597
25.670000076293945,-0.14569449424743652,-0.7587511539459229
25.674999237060547,0.001598977716639638,-0.7732477784156799
25.68000030517578,0.5021855235099792,-0.7892098426818848
25.684999465942383,0.08306713402271271,-0.8008835911750793
25.690000534057617,-0.19740033149719238,-0.812883734703064
25.69499969482422,0.10564945638179779,-0.8261929750442505
25.700000762939453,0.46613332629203796,-0.8374491333961487
25.704999923706055,-0.31003403663635254,-0.850193440914154
25.709999084472656,0.4705165922641754,-0.8635925650596619
25.71500015258789,0.023358426988124847,-0.876904308795929
25.719999313354492,-0.14392992854118347,-0.8898555636405945
25.725000381469727,-0.04746612161397934,-0.9005751609802246
25.729999542236328,0.09642039984464645,-0.9143029451370239
25.735000610351562,0.24987968802452087,-0.928688645362854
25.739999771118164,-0.03573537617921829,-0.9430389404296875
25.7450008392334,0.2334112972021103,-0.9587891101837158
25.75,-0.35462164878845215,-0.9737963080406189
25.7549991607666,0.5788314938545227,-0.9885969758033752
25.760000228881836,-0.009615111164748669,-1.0003889799118042
25.764999389648438,-0.11052363365888596,-1.015273094177246
25.770000457763672,-0.32062727212905884,-1.0284662246704102
25.774999618530273,0.23707915842533112,-1.0411241054534912
25.780000686645508,0.9417813420295715,-1.0547294616699219
25.78499984741211,0.2840418517589569,-1.0653244256973267
25.790000915527344,-0.5198686718940735,-1.0764997005462646
25.795000076293945,-0.45609498023986816,-1.0920430421829224
25.799999237060547,0.6267586350440979,-1.1049858331680298
25.80500030517578,0.7360789179801941,-1.114633321762085
25.809999465942383,-0.5044428706169128,-1.1245341300964355
25.815000534057617,0.05024338886141777,-1.1402822732925415
25.81999969482422,-0.3533840477466583,-1.1611077785491943
25.825000762939453,0.4160960018634796,-1.182674765586853
25.829999923706055,-0.3002150356769562,-1.2055943012237549
25.834999084472656,-0.2848087549209595,-1.2263693809509277
25.84000015258789,0.1776125729084015,-1.2355035543441772
25.844999313354492,-0.16787679493427277,-1.2338957786560059
25.850000381469727,0.19935400784015656,-1.2354295253753662
25.854999542236328,0.07774106413125992,-1.2454094886779785
25.860000610351562,0.15711496770381927,-1.2567949295043945
25.864999771118164,-0.27856045961380005,-1.27032470703125
25.8700008392334,0.3504183888435364,-1.2885479927062988
25.875,-0.5388611555099487,-1.3048299551010132
25.8799991607666,0.5538291931152344,-1.31722891330719
25.885000228881836,0.4338972866535187,-1.3273420333862305
25.889999389648438,-0.5799829363822937,-1.340741753578186
25.895000457763672,0.3567030727863312,-1.3574262857437134
25.899999618530273,0.412860631942749,-1.3686126470565796
25.905000686645508,0.007973821833729744,-1.380940556526184
25.90999984741211,-0.1450471580028534,-1.395948052406311
25.915000915527344,0.06360987573862076,-1.4108219146728516
25.920000076293945,0.21264249086380005,-1.4238191843032837
25.924999237060547,-0.1963275969028473,-1.4347401857376099
25.93000030517578,0.2460068166255951,-1.4458613395690918
25.934999465942383,-0.027570907026529312,-1.4569162130355835
25.940000534057617,-0.3751402199268341,-1.4685074090957642
25.94499969482422,0.4070082902908325,-1.4824426174163818
25.950000762939453,0.18669405579566956,-1.4945704936981201
25.954999923706055,0.06040718033909798,-1.5095778703689575
25.959999084472656,-0.05194098874926567,-1.5259934663772583
25.96500015258789,0.24043089151382446,-1.5397924184799194
25.969999313354492,0.13901011645793915,-1.5547999143600464
25.975000381469727,-0.03064189851284027,-1.5643103122711182
25.979999542236328,-0.011502937413752079,-1.5742946863174438
25.985000610351562,-0.015292204916477203,-1.5870976448059082
25.989999771118164,1.2438443899154663,-1.6010935306549072
25.9950008392334,-0.12295061349868774,-1.6173112392425537
26,0.19151635468006134,-1.6319223642349243
26.0049991607666,-0.2555560767650604,-1.6471867561340332
26.010000228881836,-0.32924216985702515,-1.6589783430099487
26.014999389648438,-0.21865485608577728,-1.6680902242660522
26.020000457763672,-0.10498778522014618,-1.6788098812103271
26.024999618530273,0.22501537203788757,-1.6918140649795532
26.030000686645508,-0.018032368272542953,-1.7056083679199219
26.03499984741211,-0.21285519003868103,-1.716863989830017
26.040000915527344,0.6627255082130432,-1.7286005020141602
26.045000076293945,0.5444117188453674,-1.7405556440353394
26.049999237060547,-0.23969966173171997,-1.7446812391281128
26.05500030517578,-0.1675720512866974,-1.7575455904006958
26.059999465942383,0.029124632477760315,-1.785075306892395
26.065000534057617,0.16141211986541748,-1.7964752912521362
26.06999969482422,0.06251212954521179,-1.8069080114364624
26.075000762939453,0.01659531332552433,-1.8180190324783325
26.079999923706055,-0.3512161672115326,-1.824501633644104
26.084999084472656,0.3019818067550659,-1.8290287256240845
26.09000015258789,-0.471047580242157,-1.8433053493499756
26.094999313354492,-0.26394352316856384,-1.862990379333496
26.100000381469727,0.16177935898303986,-1.8710795640945435
26.104999542236328,0.1726195365190506,-1.879460334777832
26.110000610351562,0.03732217848300934,-1.8866229057312012
26.114999771118164,0.1197596937417984,-1.8904223442077637
26.1200008392334,0.0564681738615036,-1.89164137840271
26.125,0.48616504669189453,-1.9006601572036743
26.1299991607666,0.7298943400382996,-1.9151779413223267
26.135000228881836,-0.5010517239570618,-1.9237991571426392
26.139999389648438,0.3790619671344757,-1.9303793907165527
26.145000457763672,-0.360029399394989,-1.9357396364212036
26.149999618530273,0.0910324901342392,-1.9422155618667603
26.155000686645508,-0.38348719477653503,-1.9530404806137085
26.15999984741211,0.10440561175346375,-1.9653254747390747
26.165000915527344,0.05043401941657066,-1.9782743453979492
26.170000076293945,-0.03205906227231026,-1.9889934062957764
26.174999237060547,0.11937620490789413,-1.9973353147506714
26.18000030517578,0.08700104802846909,-2.0070245265960693
26.184999465942383,0.06878542900085449,-2.012273073196411
26.190000534057617,0.4812220335006714,-2.0141847133636475
26.19499969482422,-0.05432231351733208,-2.0253615379333496
26.200000762939453,-0.17607949674129486,-2.0438151359558105
26.204999923706055,0.24540403485298157,-2.0523910522460938
26.209999084472656,-0.05582301318645477,-2.059741735458374
26.21500015258789,-0.017344584688544273,-2.067972183227539
26.219999313354492,0.2134760171175003,-2.0717241764068604
26.225000381469727,0.01621701568365097,-2.0731420516967773
26.229999542236328,-0.014278393238782883,-2.0840158462524414
26.235000610351562,0.29986104369163513,-2.102548360824585
26.239999771118164,0.0003797659883275628,-2.110849380493164
26.2450008392334,0.23790936172008514,-2.112301826477051
26.25,-0.27356192469596863,-2.1174373626708984
26.2549991607666,0.1416497826576233,-2.1239025592803955
26.260000228881836,-0.146736279129982,-2.1224846839904785
26.264999389648438,-0.0536455474793911,-2.129387140274048
26.270000457763672,0.24733419716358185,-2.146695375442505
26.274999618530273,-0.2032301425933838,-2.157825231552124
26.280000686645508,0.12916134297847748,-2.161766290664673
26.28499984741211,0.24956612288951874,-2.1648237705230713
26.290000915527344,0.18301847577095032,-2.1648237705230713
26.295000076293945,-0.08452296257019043,-2.1674742698669434
26.299999237060547,-0.12428905814886093,-2.1781647205352783
26.30500030517578,0.2664996385574341,-2.192983865737915
26.309999465942383,-0.1410793960094452,-2.2023117542266846
26.315000534057617,0.0531623549759388,-2.203599214553833
26.31999969482422,0.02869551070034504,-2.2067878246307373
26.325000762939453,0.021612253040075302,-2.2103524208068848
26.329999923706055,0.20028798282146454,-2.214130163192749
26.334999084472656,0.059031955897808075,-2.2144792079925537
26.34000015258789,0.04719118773937225,-2.223540782928467
26.344999313354492,-0.023657625541090965,-2.237313985824585
26.350000381469727,-0.05929914861917496,-2.241999387741089
26.354999542236328,-0.16734060645103455,-2.2423489093780518
26.360000610351562,0.15664725005626678,-2.246450424194336
26.364999771118164,0.028565606102347374,-2.249152421951294
26.3700008392334,0.21691091358661652,-2.2452149391174316
26.375,-0.10990428924560547,-2.251253604888916
26.3799991607666,-0.044382646679878235,-2.2626945972442627
26.385000228881836,0.07591357827186584,-2.263807535171509
26.389999389648438,0.2478107511997223,-2.2636022567749023
26.395000457763672,0.13827964663505554,-2.269312858581543
26.399999618530273,-0.16773657500743866,-2.272547721862793
26.405000686645508,-0.05454752594232559,-2.270052909851074
26.40999984741211,-0.08166397362947464,-2.2734174728393555
26.415000915527344,0.05181768536567688,-2.283064842224121
26.420000076293945,0.12826967239379883,-2.2880897521972656
26.424999237060547,0.0022528828121721745,-2.286130428314209
26.43000030517578,0.08889183402061462,-2.28718638420105
26.434999465942383,-0.00529295252636075,-2.2918264865875244
26.440000534057617,0.13937664031982422,-2.2923922538757324
26.44499969482422,-0.27273061871528625,-2.2872016429901123
26.450000762939453,0.20650091767311096,-2.2891483306884766
26.454999923706055,-0.12829840183258057,-2.299501419067383
26.459999084472656,0.10245300084352493,-2.3079071044921875
26.46500015258789,-0.05076081305742264,-2.311671495437622
26.469999313354492,0.10123050957918167,-2.310246229171753
26.475000381469727,0.019355306401848793,-2.304715394973755
26.479999542236328,0.1359730064868927,-2.2997093200683594
26.485000610351562,0.0489090159535408,-2.302722215652466
26.489999771118164,0.024478238075971603,-2.312197685241699
26.4950008392334,0.08587755262851715,-2.3168492317199707
26.5,-0.08992704004049301,-2.316494941711426
26.5049991607666,0.14338526129722595,-2.318993330001831
26.510000228881836,-0.026005089282989502,-2.3179290294647217
26.514999389648438,0.1179962158203125,-2.3120336532592773
26.520000457763672,0.03564593195915222,-2.314699649810791
26.524999618530273,0.05861722305417061,-2.324882984161377
26.530000686645508,0.0741085410118103,-2.3295323848724365
26.53499984741211,0.01435824017971754,-2.3306097984313965
26.540000915527344,0.11753290891647339,-2.330965518951416
26.545000076293945,0.04987722262740135,-2.3290016651153564
26.549999237060547,0.05934438854455948,-2.325429677963257
26.55500030517578,0.021154094487428665,-2.327030897140503
26.559999465942383,0.038443464785814285,-2.3357861042022705
26.565000534057617,0.011725935153663158,-2.3377552032470703
26.56999969482422,0.0681476816534996,-2.3336448669433594
26.575000762939453,0.03921479359269142,-2.334537982940674
26.579999923706055,0.04972560331225395,-2.335967540740967
26.584999084472656,0.03854355961084366,-2.329000473022461
26.59000015258789,0.0717923566699028,-2.326856851577759
26.594999313354492,0.011959248222410679,-2.334003448486328
26.600000381469727,0.04707159474492073,-2.3395402431488037
26.604999542236328,0.051543526351451874,-2.337932586669922
26.610000610351562,0.03371540457010269,-2.3365025520324707
26.614999771118164,0.02483556605875492,-2.3357887268066406
26.6200008392334,0.04117917641997337,-2.3339998722076416
26.625,0.024278780445456505,-2.331860065460205
26.6299991607666,0.08522544801235199,-2.3348987102508545
26.635000228881836,0.05558710917830467,-2.340435266494751
26.639999389648438,0.07494758069515228,-2.3381094932556152
26.645000457763672,0.02949591726064682,-2.338468551635742
26.649999618530273,0.03320388123393059,-2.339899778366089
26.655000686645508,0.03662922605872154,-2.337925672531128
26.65999984741211,0.0360485203564167,-2.3336448669433594
26.665000915527344,0.06800710409879684,-2.337404489517212
26.670000076293945,0.017969422042369843,-2.3420443534851074
26.674999237060547,0.056770969182252884,-2.3404276371002197
26.68000030517578,0.023540573194622993,-2.337932586669922
26.684999465942383,0.05354912579059601,-2.336139440536499
26.690000534057617,0.05521174892783165,-2.3309547901153564
26.69499969482422,0.08996859937906265,-2.328110694885254
26.700000762939453,-0.004769291263073683,-2.3345537185668945
26.704999923706055,0.0596255362033844,-2.3399016857147217
26.709999084472656,0.030086923390626907,-2.336848020553589
26.71500015258789,0.04784880578517914,-2.3336451053619385
26.719999313354492,0.08072224259376526,-2.334542751312256
26.725000381469727,0.04885860159993172,-2.3377585411071777
26.729999542236328,0.005606097634881735,-2.336498498916626
26.735000610351562,0.04244178533554077,-2.3372228145599365
26.739999771118164,0.016148926690220833,-2.338468313217163
26.7450008392334,0.10810437053442001,-2.337033987045288
26.75,0.055807169526815414,-2.3357887268066406
26.7549991607666,0.060237154364585876,-2.338658332824707
26.760000228881836,0.030882539227604866,-2.341684341430664
26.764999389648438,0.0310757365077734,-2.33791446685791
26.770000457763672,0.06827905774116516,-2.333109140396118
26.774999618530273,0.036647625267505646,-2.3388512134552
26.780000686645508,0.047895174473524094,-2.343827724456787
26.78499984741211,0.0317966528236866,-2.342927932739258
26.790000915527344,0.006743953563272953,-2.340076446533203
26.795000076293945,0.04330400750041008,-2.341512680053711
26.799999237060547,0.031009867787361145,-2.341855764389038
26.80500030517578,0.04077364131808281,-2.338275194168091
26.809999465942383,0.012472976930439472,-2.3357887268066406
26.815000534057617,0.06760598719120026,-2.337761640548706
26.81999969482422,0.023047085851430893,-2.337932586669922
26.825000762939453,0.08200434595346451,-2.337932586669922
26.829999923706055,0.03171936795115471,-2.3399059772491455
26.834999084472656,0.05974514037370682,-2.338273286819458
26.84000015258789,0.03640953078866005,-2.332913637161255
26.844999313354492,0.06034829095005989,-2.3324034214019775
26.850000381469727,0.027830347418785095,-2.3365211486816406
26.854999542236328,0.06321500986814499,-2.337932586669922
26.860000610351562,0.06562246382236481,-2.3388350009918213
26.864999771118164,0.03061610646545887,-2.340076446533203
26.8700008392334,0.05083843320608139,-2.3379039764404297
26.875,0.06529568135738373,-2.3316702842712402
26.8799991607666,0.04670211672782898,-2.3361856937408447
26.885000228881836,0.060007523745298386,-2.3434906005859375
26.889999389648438,0.04763904586434364,-2.3420209884643555
26.895000457763672,0.055421505123376846,-2.3381009101867676
26.899999618530273,0.03998023271560669,-2.337932586669922
26.905000686645508,0.07838175445795059,-2.337564468383789
26.90999984741211,0.06305161863565445,-2.3314685821533203
26.915000915527344,0.03916216641664505,-2.329357624053955
26.920000076293945,0.05600994452834129,-2.333678722381592
26.924999237060547,0.032921258360147476,-2.3357887268066406
26.93000030517578,0.043781671673059464,-2.3354198932647705
26.934999465942383,0.009082960896193981,-2.3356218338012695
26.940000534057617,0.028504524379968643,-2.333073139190674
26.94499969482422,0.03712970390915871,-2.32664155960083
26.950000762939453,0.07330630719661713,-2.3242013454437256
26.954999923706055,-0.00999636109918356,-2.330096960067749
26.959999084472656,0.05893443152308464,-2.333108901977539
26.96500015258789,0.04991954192519188,-2.328617572784424
26.969999313354492,0.06917330622673035,-2.3264732360839844
26.975000381469727,0.051446009427309036,-2.3254401683807373
26.979999542236328,-0.014026321470737457,-2.3221852779388428
26.985000610351562,0.05267254635691643,-2.3184332847595215
26.989999771118164,0.17575746774673462,-2.317401885986328
26.9950008392334,-0.1673579066991806,-2.318803548812866
27,0.1885642409324646,-2.314680576324463
27.0049991607666,-0.11103146523237228,-2.3107643127441406
27.010000228881836,0.11033592373132706,-2.3125789165496826
27.014999389648438,-0.10464593768119812,-2.310391902923584
27.020000457763672,0.013696943409740925,-2.304124593734741
27.024999618530273,0.011547454632818699,-2.306192398071289
27.030000686645508,0.3922124207019806,-2.312579393386841
27.03499984741211,0.012686057947576046,-2.309109926223755
27.040000915527344,-0.16326427459716797,-2.298017978668213
27.045000076293945,0.12180796265602112,-2.2929136753082275
27.049999237060547,-0.23768378794193268,-2.29270339012146
27.05500030517578,0.24210233986377716,-2.284454107284546
27.059999465942383,0.3737167716026306,-2.2786061763763428
27.065000534057617,-0.30394914746284485,-2.2804243564605713
27.06999969482422,-0.02261250466108322,-2.2767865657806396
27.075000762939453,0.31466346979141235,-2.268909215927124
27.079999923706055,0.11177774518728256,-2.2632250785827637
27.084999084472656,0.2665632665157318,-2.260383129119873
27.09000015258789,-0.4268074035644531,-2.257167339324951
27.094999313354492,0.015777617692947388,-2.2546489238739014
27.100000381469727,-0.2900913953781128,-2.2532541751861572
27.104999542236328,0.7789895534515381,-2.2480037212371826
27.110000610351562,0.11008279025554657,-2.237981081008911
27.114999771118164,-0.597027599811554,-2.2301549911499023
27.1200008392334,0.597957193851471,-2.2257065773010254
27.125,-0.15113720297813416,-2.216916084289551
27.1299991607666,0.07196126878261566,-2.2132186889648438
27.135000228881836,0.050988949835300446,-2.2106990814208984
27.139999389648438,-0.25523701310157776,-2.2020680904388428
27.145000457763672,0.14495441317558289,-2.192636489868164
27.149999618530273,0.22063139081001282,-2.1887247562408447
27.155000686645508,-0.21610023081302643,-2.183900833129883
27.15999984741211,0.05626535788178444,-2.1767160892486572
27.165000915527344,0.17781643569469452,-2.171414375305176
27.170000076293945,-0.011252342723309994,-2.168734550476074
27.174999237060547,-0.05506972596049309,-2.162184238433838
27.18000030517578,-0.10704897344112396,-2.1484670639038086
27.184999465942383,0.05517679825425148,-2.1404876708984375
27.190000534057617,0.11562371253967285,-2.136735677719116
27.19499969482422,0.13082432746887207,-2.1311562061309814
27.200000762939453,0.2204359769821167,-2.121886730194092
27.204999923706055,-0.32476910948753357,-2.117440938949585
27.209999084472656,0.2717123329639435,-2.114760637283325
27.21500015258789,0.12627951800823212,-2.102149486541748
27.219999313354492,-0.2456425428390503,-2.090421676635742
27.225000381469727,0.8396532535552979,-2.0843684673309326
27.229999542236328,-0.40088990330696106,-2.0744991302490234
27.235000610351562,0.30375558137893677,-2.0641584396362305
27.239999771118164,-0.128349170088768,-2.062302589416504
27.2450008392334,0.05484559014439583,-2.0600926876068115
27.25,0.20891538262367249,-2.0517630577087402
27.2549991607666,0.14728643000125885,-2.037135362625122
27.260000228881836,-0.08218948543071747,-2.0264832973480225
27.264999389648438,-0.08704856038093567,-2.021815061569214
27.270000457763672,0.2182529866695404,-2.0107154846191406
27.274999618530273,0.067330002784729,-2.0003764629364014
27.280000686645508,-0.03937599062919617,-1.9968492984771729
27.28499984741211,0.1387263834476471,-1.9871317148208618
27.290000915527344,0.1057712510228157,-1.9749592542648315
27.295000076293945,-0.048238903284072876,-1.9640846252441406
27.299999237060547,-0.14087846875190735,-1.9519118070602417
27.30500030517578,0.11133725196123123,-1.9405015707015991
27.309999465942383,0.1758056879043579,-1.9323803186416626
27.315000534057617,0.19763174653053284,-1.9309263229370117
27.31999969482422,-0.26471227407455444,-1.9260283708572388
27.325000762939453,0.3439544141292572,-1.9086494445800781
27.329999923706055,0.12754911184310913,-1.8960143327713013
27.334999084472656,-0.49639949202537537,-1.8927197456359863
27.34000015258789,0.4772944152355194,-1.8882026672363281
27.344999313354492,0.21650980412960052,-1.881234884262085
27.350000381469727,-0.1485181301832199,-1.8751862049102783
27.354999542236328,0.2680724561214447,-1.8719700574874878
27.360000610351562,-0.14672377705574036,-1.8642359972000122
27.364999771118164,0.12207808345556259,-1.8542048931121826
27.3700008392334,0.4428790807723999,-1.8449406623840332
27.375,-0.708983838558197,-1.8319981098175049
27.3799991607666,0.15009206533432007,-1.8204381465911865
27.385000228881836,0.48761865496635437,-1.8130147457122803
27.389999389648438,-0.31013378500938416,-1.8074222803115845
27.395000457763672,0.0661531314253807,-1.7997668981552124
27.399999618530273,0.2658527195453644,-1.7889658212661743
27.405000686645508,-0.21136662364006042,-1.7786306142807007
27.40999984741211,0.07985229790210724,-1.7644613981246948
27.415000915527344,0.010086526162922382,-1.7494539022445679
27.420000076293945,0.16032613813877106,-1.7381315231323242
27.424999237060547,-0.229012593626976,-1.729321002960205
27.43000030517578,0.27993205189704895,-1.719287395477295
27.434999465942383,-0.0007985291304066777,-1.7077314853668213
27.440000534057617,-0.23356513679027557,-1.6971620321273804
27.44499969482422,0.19713236391544342,-1.6875141859054565
27.450000762939453,-0.1776917278766632,-1.6753363609313965
27.454999923706055,0.0843014121055603,-1.6643178462982178
27.459999084472656,-0.12546220421791077,-1.6557420492172241
27.46500015258789,0.7335849404335022,-1.646392583847046
27.469999313354492,-0.7492669224739075,-1.6319212913513184
27.475000381469727,-0.14507512748241425,-1.619980812072754
27.479999542236328,-0.3816107213497162,-1.6127156019210815
27.485000610351562,0.6118770837783813,-1.607207179069519
27.489999771118164,0.9640654921531677,-1.5985405445098877
27.4950008392334,-0.5724489092826843,-1.5874329805374146
27.5,0.2733282446861267,-1.5751054286956787
27.5049991607666,-0.0899604931473732,-1.5593217611312866
27.510000228881836,0.27212855219841003,-1.5429469347000122
27.514999389648438,-0.23031605780124664,-1.5331515073776245
27.520000457763672,0.15604335069656372,-1.5178087949752808
27.524999618530273,-0.39771002531051636,-1.497925043106079
27.530000686645508,-0.2532465159893036,-1.4936798810958862
27.53499984741211,0.8886896371841431,-1.4942668676376343
27.540000915527344,-0.17238441109657288,-1.4776067733764648
27.545000076293945,-0.3949948847293854,-1.4580183029174805
27.549999237060547,-0.3167875409126282,-1.444179892539978
27.55500030517578,0.46635448932647705,-1.4359936714172363
27.559999465942383,-0.25853684544563293,-1.4258103370666504
27.565000534057617,0.41738399863243103,-1.4166985750198364
27.56999969482422,0.11361698806285858,-1.4124101400375366
27.575000762939453,-0.13810116052627563,-1.3987661600112915
27.579999923706055,-0.3314777612686157,-1.382441520690918
27.584999084472656,0.627482533454895,-1.370750069618225
27.59000015258789,0.5097770094871521,-1.3591034412384033
27.594999313354492,-0.030039476230740547,-1.3475582599639893
27.600000381469727,-0.2290324717760086,-1.3355202674865723
27.604999542236328,0.1282387524843216,-1.326119303703308
27.610000610351562,0.4790935814380646,-1.3170077800750732
27.614999771118164,-0.43951812386512756,-1.3065763711929321
27.6200008392334,0.014656323939561844,-1.2931768894195557
27.625,0.22060157358646393,-1.2788491249084473
27.6299991607666,0.30257871747016907,-1.2647700309753418
27.635000228881836,0.039466530084609985,-1.254442572593689
27.639999389648438,-0.057329971343278885,-1.245187520980835
27.645000457763672,-0.32583484053611755,-1.2336822748184204
27.649999618530273,0.3820439279079437,-1.2197469472885132
27.655000686645508,0.4216807782649994,-1.2048823833465576
27.65999984741211,0.2534223794937134,-1.1964141130447388
27.665000915527344,0.41144484281539917,-1.187444806098938
27.670000076293945,0.14020612835884094,-1.1712566614151
27.674999237060547,0.23522663116455078,-1.156359076499939
27.68000030517578,-0.3145298957824707,-1.146852970123291
27.684999465942383,-0.0733368769288063,-1.1334534883499146
27.690000534057617,0.10392648726701736,-1.1184463500976562
27.69499969482422,-0.10368432104587555,-1.1082621812820435
27.700000762939453,-0.10790015757083893,-1.0981907844543457
27.704999923706055,0.18816718459129333,-1.0878946781158447
27.709999084472656,0.9386065602302551,-1.0763572454452515
27.71500015258789,-0.05067061632871628,-1.0660597085952759
27.719999313354492,-0.6363284587860107,-1.050911784172058
27.725000381469727,0.2998003661632538,-1.0371167659759521
27.729999542236328,-0.0659923255443573,-1.026116132736206
27.735000610351562,0.3375887870788574,-1.0089895725250244
27.739999771118164,-0.2759443521499634,-0.9924901723861694
27.7450008392334,0.26854202151298523,-0.9810947179794312
27.75,-0.0004798408190254122,-0.9765269756317139
27.7549991607666,0.2486913949251175,-0.9624746441841125
27.760000228881836,-0.3160773515701294,-0.9526873230934143
27.764999389648438,0.46457815170288086,-0.9443692564964294
27.770000457763672,-0.5666436553001404,-0.928726851940155
27.774999618530273,0.06595148146152496,-0.9086180925369263
27.780000686645508,0.6025233268737793,-0.8968077898025513
27.78499984741211,-0.0346427820622921,-0.889839768409729
27.790000915527344,0.08294863998889923,-0.8783247470855713
27.795000076293945,0.1865634322166443,-0.8649252653121948
27.799999237060547,0.11503896117210388,-0.8535315990447998
27.80500030517578,-0.33601224422454834,-0.8382641673088074
27.809999465942383,0.21416011452674866,-0.8239299654960632
27.815000534057617,0.23349004983901978,-0.8126603960990906
27.81999969482422,-0.42557278275489807,-0.801405131816864
27.825000762939453,0.591103196144104,-0.7890898585319519
27.829999923706055,-0.23911935091018677,-0.7719385623931885
27.834999084472656,0.33568763732910156,-0.7575927376747131
27.84000015258789,-0.01604738086462021,-0.7532941699028015
27.844999313354492,-0.5200427770614624,-0.7463362216949463
27.850000381469727,0.6552672386169434,-0.734144926071167
27.854999542236328,-0.06704442203044891,-0.7227531671524048
27.860000610351562,-0.005547240376472473,-0.7136411070823669
27.864999771118164,-0.1700049191713333,-0.7013137340545654
27.8700008392334,0.7230086922645569,-0.6884505748748779
27.875,-0.33998697996139526,-0.6794738173484802
27.8799991607666,-0.07546427100896835,-0.6636650562286377
27.885000228881836,0.6361371874809265,-0.6463786959648132
27.889999389648438,-0.11548057943582535,-0.6361912488937378
27.895000457763672,0.04624617472290993,-0.6273491382598877
27.899999618530273,-0.14305296540260315,-0.6132814288139343
27.905000686645508,-0.09716854244470596,-0.5986752510070801
27.90999984741211,0.40385669469833374,-0.5867487788200378
27.915000915527344,-0.8294751048088074,-0.5811209678649902
27.920000076293945,0.03445030003786087,-0.5762965083122253
27.924999237060547,-0.01329143438488245,-0.5650413036346436
27.93000030517578,-0.05361832305788994,-0.5544553995132446
27.934999465942383,-0.047897402197122574,-0.5468178987503052
27.940000534057617,0.7755501866340637,-0.5375732183456421
27.94499969482422,0.4920659363269806,-0.5287277102470398
27.950000762939453,0.09703715145587921,-0.5206875205039978
27.954999923706055,-0.2037196159362793,-0.504874050617218
27.959999084472656,0.37261536717414856,-0.48678353428840637
27.96500015258789,0.03713412582874298,-0.4786171615123749
27.969999313354492,0.21876634657382965,-0.4741969704627991
27.975000381469727,0.09886205196380615,-0.46333804726600647
27.979999542236328,0.14966151118278503,-0.45369017124176025
27.985000610351562,0.3889821767807007,-0.4484707713127136
27.989999771118164,-0.9066166877746582,-0.4386821687221527
27.9950008392334,-0.24675093591213226,-0.4275578558444977
28,0.4877437353134155,-0.42194655537605286
28.0049991607666,-0.1779206097126007,-0.41805195808410645
28.010000228881836,0.1259707659482956,-0.4082610011100769
28.014999389648438,0.4585709273815155,-0.3984822928905487
28.020000457763672,0.7900203466415405,-0.38951513171195984
28.024999618530273,-0.13597559928894043,-0.3793172538280487
28.030000686645508,-0.46467310190200806,-0.372364342212677
28.03499984741211,-0.29118913412094116,-0.3670046925544739
28.040000915527344,0.1234908178448677,-0.3604264259338379
28.045000076293945,0.26870763301849365,-0.34917089343070984
28.049999237060547,-0.11752740293741226,-0.3393937349319458
28.05500030517578,0.5385167002677917,-0.33578941226005554
28.059999465942383,-0.1885429322719574,-0.3321668207645416
28.065000534057617,0.3459460139274597,-0.3242565393447876
28.06999969482422,0.3438403606414795,-0.3183606266975403
28.075000762939453,-0.19571927189826965,-0.3146083354949951
28.079999923706055,0.3080718517303467,-0.30266672372817993
28.084999084472656,-0.18295300006866455,-0.29115450382232666
28.09000015258789,0.006020835135132074,-0.2870178520679474
28.094999313354492,0.28048139810562134,-0.2864816188812256
28.100000381469727,-0.08882267028093338,-0.28030580282211304
28.104999542236328,0.12974277138710022,-0.2723938226699829
28.110000610351562,0.11620479077100754,-0.2667788565158844
28.114999771118164,-0.27811887860298157,-0.26101046800613403
28.1200008392334,0.07546941190958023,-0.2591477632522583
28.125,0.3579008877277374,-0.2563410997390747
28.1299991607666,0.011518032290041447,-0.25445085763931274
28.135000228881836,-0.13253222405910492,-0.2492177039384842
28.139999389648438,-0.010281931608915329,-0.24130454659461975
28.145000457763672,0.08422743529081345,-0.23515598475933075
28.149999618530273,0.0595015287399292,-0.2308681309223175
28.155000686645508,0.03303828462958336,-0.22361654043197632
28.15999984741211,0.17123697698116302,-0.2174690067768097
28.165000915527344,0.03344418853521347,-0.21762774884700775
28.170000076293945,0.12697945535182953,-0.21734283864498138
28.174999237060547,0.12294138967990875,-0.21412710845470428
28.18000030517578,0.06767958402633667,-0.21346589922904968
28.184999465942383,-0.04854656010866165,-0.21223264932632446
28.190000534057617,0.14706526696681976,-0.20217421650886536
28.19499969482422,0.06307517737150192,-0.19590455293655396
28.200000762939453,0.05758240818977356,-0.19792349636554718
28.204999923706055,0.06491001695394516,-0.19590403139591217
28.209999084472656,0.0037388671189546585,-0.1917405128479004
28.21500015258789,0.025244781747460365,-0.19000834226608276
28.219999313354492,0.1638011634349823,-0.18436039984226227
28.225000381469727,-0.22293178737163544,-0.18102054297924042
28.229999542236328,0.30364149808883667,-0.1766093671321869
28.235000610351562,-0.07911226153373718,-0.1729808896780014
28.239999771118164,0.15698763728141785,-0.1721983700990677
28.2450008392334,0.10908987373113632,-0.17059068381786346
28.25,-0.03897341340780258,-0.1721983700990677
28.2549991607666,0.1790628433227539,-0.17368361353874207
28.260000228881836,-0.00896375346928835,-0.16786465048789978
28.264999389648438,0.11305323243141174,-0.15982483327388763
28.270000457763672,-0.0037197559140622616,-0.15855582058429718
28.274999618530273,-0.03954087197780609,-0.16040778160095215
28.280000686645508,0.13608193397521973,-0.15755726397037506
28.28499984741211,-0.032404981553554535,-0.15344059467315674
28.290000915527344,0.09597767889499664,-0.154097780585289
28.295000076293945,0.013980671763420105,-0.15046729147434235
28.299999237060547,-0.008699898608028889,-0.14254911243915558
28.30500030517578,0.13292597234249115,-0.1424800604581833
28.309999465942383,0.0766138881444931,-0.14688852429389954
28.315000534057617,0.06868312507867813,-0.14712975919246674
28.31999969482422,0.06092936545610428,-0.14135484397411346
28.325000762939453,0.09782356023788452,-0.1420656144618988
28.329999923706055,0.06504801660776138,-0.14272180199623108
28.334999084472656,0.07463699579238892,-0.14040164649486542
28.34000015258789,0.03092890791594982,-0.1348024308681488
28.344999313354492,0.07880716025829315,-0.1371232569217682
28.350000381469727,0.0852324441075325,-0.14099448919296265
28.354999542236328,0.11104028671979904,-0.13718406856060028
28.360000610351562,0.08536786586046219,-0.13414674997329712
28.364999771118164,0.0769844651222229,-0.13563568890094757
28.3700008392334,0.05740244686603546,-0.1343841254711151
28.375,0.07281244546175003,-0.13009628653526306
28.3799991607666,0.03067645989358425,-0.12866900861263275
28.385000228881836,0.07522284239530563,-0.13134883344173431
28.389999389648438,0.06434403359889984,-0.13009527325630188
28.395000457763672,0.06286099553108215,-0.12580740451812744
28.399999618530273,0.046093448996543884,-0.12503564357757568
28.405000686645508,0.06544656306505203,-0.125336691737175
28.40999984741211,0.07672134786844254,-0.1271795779466629
28.415000915527344,0.03963872790336609,-0.13069668412208557
28.420000076293945,0.04979405552148819,-0.1315840184688568
28.424999237060547,0.06388109177350998,-0.12794914841651917
28.43000030517578,0.037283528596162796,-0.12503580749034882
28.434999465942383,0.08613110333681107,-0.12813478708267212
28.440000534057617,0.07496523857116699,-0.12878726422786713
28.44499969482422,0.07233920693397522,-0.13027890026569366
28.450000762939453,0.07724317163228989,-0.1328427940607071
28.454999923706055,0.04855021461844444,-0.13330644369125366
28.459999084472656,0.05645705759525299,-0.1290186047554016
28.46500015258789,0.03632820397615433,-0.12503580749034882
28.469999313354492,0.039263371378183365,-0.12897728383541107
28.475000381469727,0.059565190225839615,-0.1349882334470749
28.479999542236328,0.06479520350694656,-0.13927608728408813
28.485000610351562,0.06344906240701675,-0.14260689914226532
28.489999771118164,0.11318498104810715,-0.14230048656463623
28.4950008392334,0.07227075099945068,-0.13908474147319794
28.5,0.07665583491325378,-0.1384342759847641
28.5049991607666,0.06349910795688629,-0.14046381413936615
28.510000228881836,0.09782245755195618,-0.13908423483371735
28.514999389648438,0.003668945049867034,-0.13897016644477844
28.520000457763672,0.06339606642723083,-0.14035074412822723
28.524999618530273,0.03228609263896942,-0.14475201070308685
28.530000686645508,0.13718445599079132,-0.14743182063102722
28.53499984741211,-0.00008722789789317176,-0.14593753218650818
28.540000915527344,0.1587783247232437,-0.14957590401172638
28.545000076293945,-0.08579514175653458,-0.15363797545433044
28.549999237060547,0.09101703763008118,-0.15558435022830963
28.55500030517578,-0.06889548152685165,-0.1576155573129654
28.559999465942383,0.1583348959684372,-0.15975947678089142
28.565000534057617,0.08954688906669617,-0.16083161532878876
28.56999969482422,0.21314479410648346,-0.1644713580608368
28.575000762939453,-0.09713321179151535,-0.16929513216018677
28.579999923706055,0.2336655706167221,-0.171550914645195
28.584999084472656,-0.1628970056772232,-0.17369486391544342
28.59000015258789,0.29102572798728943,-0.17787116765975952
28.594999313354492,-0.17538729310035706,-0.18012648820877075
28.600000381469727,0.05841408669948578,-0.18280631303787231
28.604999542236328,0.27216941118240356,-0.18302807211875916
28.610000610351562,-0.041803695261478424,-0.1823812872171402
28.614999771118164,0.009247091598808765,-0.1862269639968872
28.6200008392334,0.2832031548023224,-0.192343607544899
28.625,0.18673381209373474,-0.19716736674308777
28.6299991607666,-0.201429545879364,-0.2018812596797943
28.635000228881836,0.45072701573371887,-0.20938482880592346
28.639999389648438,0.041438255459070206,-0.21485435962677002
28.645000457763672,-0.1843278557062149,-0.2165720909833908
28.649999618530273,0.5200107097625732,-0.2222488969564438
28.655000686645508,-0.19814476370811462,-0.2281447947025299
28.65999984741211,-0.09169124811887741,-0.23265071213245392
28.665000915527344,0.43569090962409973,-0.2387557327747345
28.670000076293945,-0.6139729022979736,-0.24476051330566406
28.674999237060547,0.4676211476325989,-0.2492653876543045
28.68000030517578,-0.13653165102005005,-0.2518370449542999
28.684999465942383,0.16674993932247162,-0.26105180382728577
28.690000534057617,0.11636560410261154,-0.27113136649131775
28.69499969482422,0.09940890222787857,-0.2729550898075104
28.700000762939453,0.0984918549656868,-0.2723116874694824
28.704999923706055,0.05717245489358902,-0.2785281538963318
28.709999084472656,-0.025011492893099785,-0.28538864850997925
28.71500015258789,0.4126165807247162,-0.29289257526397705
28.719999313354492,-0.295663982629776,-0.3016819655895233
28.725000381469727,-0.5766356587409973,-0.30543389916419983
28.729999542236328,0.8056897521018982,-0.3075781762599945
28.735000610351562,-0.5488325357437134,-0.31336739659309387
28.739999771118164,0.10581064224243164,-0.3223724961280823
28.7450008392334,0.06706503033638,-0.3314841091632843
28.75,0.5841894745826721,-0.3385579288005829
28.7549991607666,-0.7234939932823181,-0.34134411811828613
28.760000228881836,0.42781275510787964,-0.3483114540576935
28.764999389648438,-0.11169277131557465,-0.35410165786743164
28.770000457763672,0.22479088604450226,-0.35838985443115234
28.774999618530273,-0.01701444387435913,-0.36621934175491333
28.780000686645508,0.4355400502681732,-0.3790826201438904
28.78499984741211,-0.3970012068748474,-0.38829922676086426
28.790000915527344,-0.01849859021604061,-0.3963390290737152
28.795000076293945,0.5689208507537842,-0.4065224230289459
28.799999237060547,-0.6578561067581177,-0.4115551710128784
28.80500030517578,0.31119027733802795,-0.4143393039703369
28.809999465942383,-0.09483654052019119,-0.42045894265174866
28.815000534057617,0.5240808129310608,-0.4298991858959198
28.81999969482422,0.41118210554122925,-0.4435056149959564
28.825000762939453,-0.5425308346748352,-0.45348235964775085
28.829999923706055,0.3297783136367798,-0.45872005820274353
28.834999084472656,0.15934248268604279,-0.4641827344894409
28.84000015258789,-0.6047599911689758,-0.4711715877056122
28.844999313354492,0.9411152005195618,-0.48306599259376526
28.850000381469727,-0.7541888952255249,-0.49399060010910034
28.854999542236328,0.3806222975254059,-0.4988146722316742
28.860000610351562,-0.1367693990468979,-0.5077216625213623
28.864999771118164,0.20842741429805756,-0.5204829573631287
28.8700008392334,0.19495050609111786,-0.5313047170639038
28.875,-0.16333308815956116,-0.536970317363739
28.8799991607666,0.20152191817760468,-0.5434017777442932
28.885000228881836,-0.24605433642864227,-0.5459806323051453
28.889999389648438,0.28209033608436584,-0.5539189577102661
28.895000457763672,0.3203291893005371,-0.5691584944725037
28.899999618530273,-0.18376369774341583,-0.5795445442199707
28.905000686645508,0.5718203186988831,-0.586178183555603
28.90999984741211,-0.23461316525936127,-0.5952895283699036
28.915000915527344,0.3526778519153595,-0.6036643385887146
28.920000076293945,0.060161344707012177,-0.6158915162086487
28.924999237060547,-0.16177457571029663,-0.6292908787727356
28.93000030517578,-0.25142085552215576,-0.6380669474601746
28.934999465942383,0.4370414614677429,-0.6463059782981873
28.940000534057617,-0.07181408256292343,-0.6515660881996155
28.94499969482422,0.2259121984243393,-0.657263457775116
28.950000762939453,-0.09686274826526642,-0.6702257990837097
28.954999923706055,0.17903898656368256,-0.6817200183868408
28.959999084472656,0.19714824855327606,-0.6936109662055969
28.96500015258789,0.5038725137710571,-0.7065731883049011
28.969999313354492,-0.3219399154186249,-0.715346097946167
28.975000381469727,-0.2137141078710556,-0.7227513790130615
28.979999542236328,0.10814669728279114,-0.7302553057670593
28.985000610351562,0.07176477462053299,-0.7378572225570679
28.989999771118164,0.5351723432540894,-0.7504264712333679
28.9950008392334,-0.022078536450862885,-0.7641665935516357
29,-0.21441957354545593,-0.7738641500473022
29.0049991607666,0.3534797132015228,-0.7826833128929138
29.010000228881836,-0.12855009734630585,-0.7922340631484985
29.014999389648438,-0.32822832465171814,-0.8052914142608643
29.020000457763672,0.5339307188987732,-0.8143063187599182
29.024999618530273,0.3033161759376526,-0.8234182596206665
29.030000686645508,0.3756921887397766,-0.8371604084968567
29.03499984741211,-0.41391193866729736,-0.8501205444335938
29.040000915527344,0.34398314356803894,-0.8580094575881958
29.045000076293945,0.08831481635570526,-0.8674644827842712
29.049999237060547,0.07768109440803528,-0.8769205212593079
29.05500030517578,0.2262168973684311,-0.8867599964141846
29.059999465942383,0.010107471607625484,-0.897479236125946
29.065000534057617,-0.06285734474658966,-0.9049832224845886
29.06999969482422,-0.011247559450566769,-0.9150714874267578
29.075000762939453,0.520039439201355,-0.9267680048942566
29.079999923706055,-0.23304802179336548,-0.9371415972709656
29.084999084472656,0.22207064926624298,-0.9482076168060303
29.09000015258789,-0.14948485791683197,-0.9610711932182312
29.094999313354492,0.5729891657829285,-0.9739347100257874
29.100000381469727,-0.33419981598854065,-0.9852846264839172
29.104999542236328,0.06831956654787064,-0.9945843815803528
29.110000610351562,-0.014126437716186047,-1.0003864765167236
29.114999771118164,0.0674363225698471,-1.014925241470337
29.1200008392334,-0.11631851643323898,-1.032893180847168
29.125,0.06800563633441925,-1.04487144947052
29.1299991607666,0.3634771704673767,-1.0526319742202759
29.135000228881836,0.18661384284496307,-1.0632809400558472
29.139999389648438,-0.08310431241989136,-1.0741645097732544
29.145000457763672,0.008771639317274094,-1.083369255065918
29.149999618530273,-0.09133832901716232,-1.0967684984207153
29.155000686645508,0.7908667325973511,-1.106508493423462
29.15999984741211,-0.19660064578056335,-1.109817385673523
29.165000915527344,0.14751900732517242,-1.1177648305892944
29.170000076293945,0.04039793089032173,-1.136064052581787
29.174999237060547,-0.07864085584878922,-1.1501834392547607
29.18000030517578,0.4876050353050232,-1.1622498035430908
29.184999465942383,-0.005047119688242674,-1.1712701320648193
29.190000534057617,-0.11121950298547745,-1.1824346780776978
29.19499969482422,0.17643095552921295,-1.1938722133636475
29.200000762939453,-0.2696092128753662,-1.2034289836883545
29.204999923706055,0.2674008905887604,-1.2116502523422241
29.209999084472656,-0.21244817972183228,-1.2212071418762207
29.21500015258789,0.6917993426322937,-1.2296024560928345
29.219999313354492,-0.04099369794130325,-1.2461273670196533
29.225000381469727,-0.04343760758638382,-1.257473349571228
29.229999542236328,0.2795500159263611,-1.2658727169036865
29.235000610351562,-0.3642212748527527,-1.274179220199585
29.239999771118164,0.22283057868480682,-1.2863279581069946
29.2450008392334,0.22270067036151886,-1.3035681247711182
29.25,0.24569401144981384,-1.31339430809021
29.2549991607666,-0.062348708510398865,-1.3177717924118042
29.260000228881836,-0.1620752513408661,-1.3297436237335205
29.264999389648438,-0.005813315510749817,-1.3438564538955688
29.270000457763672,0.05366582050919533,-1.353680968284607
29.274999618530273,0.5643091201782227,-1.3584169149398804
29.280000686645508,0.061469607055187225,-1.3674403429031372
29.28499984741211,-0.02207006700336933,-1.379767656326294
29.290000915527344,0.00924598053097725,-1.389951467514038
29.295000076293945,0.053238533437252045,-1.4016553163528442
29.299999237060547,0.2910827696323395,-1.41353440284729
29.30500030517578,-0.23983769118785858,-1.4223721027374268
29.309999465942383,-0.06309837847948074,-1.431670904159546
29.315000534057617,0.09722664207220078,-1.4413188695907593
29.31999969482422,0.22389592230319977,-1.4517631530761719
29.325000762939453,-0.39351513981819153,-1.4623090028762817
29.329999923706055,0.3340015113353729,-1.4754490852355957
29.334999084472656,-0.014665533788502216,-1.4907153844833374
29.34000015258789,0.06228470057249069,-1.4999133348464966
29.344999313354492,0.0779331624507904,-1.5048236846923828
29.350000381469727,0.6755179166793823,-1.5127774477005005
29.354999542236328,-0.344015508890152,-1.5260052680969238
29.360000610351562,0.2502336800098419,-1.5409271717071533
29.364999771118164,0.00001582149343448691,-1.550745964050293
29.3700008392334,-0.07490676641464233,-1.5594072341918945
29.375,0.28947606682777405,-1.5711983442306519
29.3799991607666,0.002631190000101924,-1.5786174535751343
29.385000228881836,-0.32767927646636963,-1.584767460823059
29.389999389648438,0.5487669110298157,-1.5952333211898804
29.395000457763672,0.43911847472190857,-1.6043453216552734
29.399999618530273,0.4307626485824585,-1.6156848669052124
29.405000686645508,0.260675311088562,-1.6272244453430176
29.40999984741211,0.15672120451927185,-1.6376599073410034
29.415000915527344,-0.024326268583536148,-1.6456995010375977
29.420000076293945,-0.24507024884223938,-1.6532868146896362
29.424999237060547,-0.29759007692337036,-1.661326289176941
29.43000030517578,-0.2254069447517395,-1.6686638593673706
29.434999465942383,0.09987516701221466,-1.6793835163116455
29.440000534057617,0.0226857028901577,-1.6942249536514282
29.44499969482422,-0.10259394347667694,-1.7082432508468628
29.450000762939453,-0.18959137797355652,-1.7159947156906128
29.454999923706055,0.17033575475215912,-1.7223443984985352
29.459999084472656,0.004954386968165636,-1.7361150979995728
29.46500015258789,0.3948090374469757,-1.7479885816574097
29.469999313354492,0.20974339544773102,-1.7529767751693726
29.475000381469727,-0.12208876013755798,-1.7593269348144531
29.479999542236328,0.21271899342536926,-1.77425217628479
29.485000610351562,-0.2968139946460724,-1.7839000225067139
29.489999771118164,0.3691715896129608,-1.7884318828582764
29.4950008392334,-0.19804613292217255,-1.7953184843063354
29.5,0.4143049716949463,-1.805795431137085
29.5049991607666,0.05572032183408737,-1.8151490688323975
29.510000228881836,-0.3035638630390167,-1.8257073163986206
29.514999389648438,0.45397940278053284,-1.8351950645446777
29.520000457763672,-0.2686738073825836,-1.8463150262832642
29.524999618530273,0.16565516591072083,-1.8557226657867432
29.530000686645508,-0.47631773352622986,-1.863762617111206
29.53499984741211,0.21042823791503906,-1.8718823194503784
29.540000915527344,0.123881995677948,-1.8785525560379028
29.545000076293945,0.017084043473005295,-1.8843684196472168
29.549999237060547,0.03648938611149788,-1.889034390449524
29.55500030517578,0.13641132414340973,-1.8987607955932617
29.559999465942383,0.10851100832223892,-1.9024344682693481
29.565000534057617,0.15897078812122345,-1.909101963043213
29.56999969482422,0.16639260947704315,-1.9198864698410034
29.575000762939453,0.13830354809761047,-1.9266319274902344
29.579999923706055,0.13013102114200592,-1.9347493648529053
29.584999084472656,-0.16246351599693298,-1.9419416189193726
29.59000015258789,-0.19126537442207336,-1.954269289970398
29.594999313354492,0.12772391736507416,-1.9668291807174683
29.600000381469727,0.10624230653047562,-1.9741781949996948
29.604999542236328,0.10065348446369171,-1.9807648658752441
29.610000610351562,-0.027383990585803986,-1.9898761510849
29.614999771118164,0.01945650763809681,-1.9936283826828003
29.6200008392334,0.062368232756853104,-2.005725383758545
29.625,0.4922488033771515,-2.018512487411499
29.6299991607666,0.033172592520713806,-2.027010679244995
29.635000228881836,0.03062346577644348,-2.0327539443969727
29.639999389648438,-0.3184112012386322,-2.0370421409606934
29.645000457763672,0.3415749669075012,-2.049065589904785
29.649999618530273,-0.03188315033912659,-2.057408571243286
29.655000686645508,-0.06529460847377777,-2.065063238143921
29.65999984741211,-0.07600191980600357,-2.0731863975524902
29.665000915527344,0.09283974766731262,-2.0845930576324463
29.670000076293945,-0.12875507771968842,-2.092782974243164
29.674999237060547,-0.07784709334373474,-2.0992894172668457
29.68000030517578,0.2704331576824188,-2.10457444190979
29.684999465942383,0.29643791913986206,-2.111006259918213
29.690000534057617,-0.44156381487846375,-2.119358777999878
29.69499969482422,0.31523460149765015,-2.1328322887420654
29.700000762939453,0.06916556507349014,-2.1461575031280518
29.704999923706055,-0.031594641506671906,-2.1543455123901367
29.709999084472656,0.22849369049072266,-2.162994861602783
29.71500015258789,0.14210352301597595,-2.167819023132324
29.719999313354492,-0.20099897682666779,-2.1722538471221924
29.725000381469727,-0.07366438955068588,-2.1805360317230225
29.729999542236328,0.2498958259820938,-2.185579538345337
29.735000610351562,0.11282213777303696,-2.1950809955596924
29.739999771118164,0.02172229439020157,-2.201049566268921
29.7450008392334,-0.08093275129795074,-2.2044107913970947
29.75,-0.005363232456147671,-2.2110888957977295
29.7549991607666,0.008916275575757027,-2.223416328430176
29.760000228881836,0.44855472445487976,-2.2310643196105957
29.764999389648438,-0.13686248660087585,-2.238032102584839
29.770000457763672,0.08925504237413406,-2.2465360164642334
29.774999618530273,-0.07875382900238037,-2.247358798980713
29.780000686645508,-0.03974878787994385,-2.2509677410125732
29.78499984741211,0.5193663239479065,-2.2593295574188232
29.790000915527344,-0.44150418043136597,-2.268047332763672
29.795000076293945,0.16812147200107574,-2.273477792739868
29.799999237060547,0.05760447680950165,-2.2776951789855957
29.80500030517578,0.17094257473945618,-2.2856645584106445
29.809999465942383,0.17146144807338715,-2.2912352085113525
29.815000534057617,-0.30196821689605713,-2.2928433418273926
29.81999969482422,0.17028163373470306,-2.2959892749786377
29.825000762939453,0.007086927071213722,-2.3007431030273438
29.829999923706055,0.3280181884765625,-2.306708574295044
29.834999084472656,-0.23889856040477753,-2.312534809112549
29.84000015258789,0.1763216108083725,-2.31789493560791
29.844999313354492,-0.15335403382778168,-2.325934410095215
29.850000381469727,0.09602771699428558,-2.3256747722625732
29.854999542236328,-0.13561421632766724,-2.3245341777801514
29.860000610351562,0.21014007925987244,-2.328148365020752
29.864999771118164,0.17149825394153595,-2.3324363231658936
29.8700008392334,-0.08383849263191223,-2.334648609161377
29.875,0.0003635690954979509,-2.337864398956299
29.8799991607666,-0.0020843634847551584,-2.3410122394561768
29.885000228881836,0.02375217340886593,-2.3422203063964844
29.889999389648438,0.03629802539944649,-2.3463046550750732
29.895000457763672,0.032228317111730576,-2.353740930557251
29.899999618530273,0.08253390341997147,-2.3588340282440186
29.905000686645508,0.02221613936126232,-2.3556857109069824
29.90999984741211,0.04291833937168121,-2.357159376144409
29.915000915527344,0.09485048800706863,-2.3617827892303467
29.920000076293945,0.003964083269238472,-2.3652656078338623
29.924999237060547,0.05802106112241745,-2.366873264312744
29.93000030517578,-0.00280564371496439,-2.3678786754608154
29.934999465942383,0.08630700409412384,-2.3690168857574463
29.940000534057617,0.027943691238760948,-2.365933418273926
29.94499969482422,0.003420914290472865,-2.364729404449463
29.950000762939453,0.06118512153625488,-2.366271734237671
29.954999923706055,0.02604334056377411,-2.366873264312744
29.959999084472656,0.07042854279279709,-2.3673441410064697
29.96500015258789,0.02728865295648575,-2.371030330657959
29.969999313354492,0.035862311720848083,-2.3753182888031006
29.975000381469727,0.03586231544613838,-2.3765201568603516
29.979999542236328,0.037745002657175064,-2.3775274753570557
29.985000610351562,0.041805144399404526,-2.3807432651519775
29.989999771118164,0.06293349713087082,-2.380335807800293
29.9950008392334,0.026331117376685143,-2.3781280517578125
30,0.03474064916372299,-2.379671812057495
30.0049991607666,0.051048193126916885,-2.3834235668182373
30.010000228881836,0.029296457767486572,-2.382478952407837
30.014999389648438,0.07947397977113724,-2.380871057510376
30.020000457763672,0.07543481886386871,-2.380744218826294
30.024999618530273,0.07145600765943527,-2.379262924194336
30.030000686645508,0.050917189568281174,-2.3771190643310547
30.03499984741211,0.06550544500350952,-2.3765201568603516
30.040000915527344,0.07566224038600922,-2.3765201568603516
30.045000076293945,0.042074885219335556,-2.3775296211242676
30.049999237060547,0.04213818535208702,-2.3817551136016846
30.05500030517578,0.046670470386743546,-2.385033130645752
30.059999465942383,0.057739175856113434,-2.38307523727417
30.065000534057617,0.022319918498396873,-2.3814051151275635
30.06999969482422,0.020484331995248795,-2.379674196243286
30.075000762939453,0.03519255295395851,-2.3839006423950195
30.079999923706055,0.05025994032621384,-2.3877134323120117
30.084999084472656,0.040917158126831055,-2.3873000144958496
30.09000015258789,0.054907042533159256,-2.38771390914917
30.094999313354492,0.046136874705553055,-2.3872995376586914
30.100000381469727,0.0505705326795578,-2.382061243057251
30.104999542236328,0.0687166079878807,-2.378664016723633
30.110000610351562,0.018759150058031082,-2.381223201751709
30.114999771118164,0.0585244856774807,-2.386582851409912
30.1200008392334,0.04677939787507057,-2.3842029571533203
30.125,0.04715991020202637,-2.3808674812316895
30.1299991607666,0.0505705289542675,-2.381760358810425
30.135000228881836,0.04729386419057846,-2.381938934326172
30.139999389648438,0.03771997615695,-2.3813436031341553
30.145000457763672,0.04740647226572037,-2.380330801010132
30.149999618530273,0.06281831115484238,-2.377114772796631
30.155000686645508,0.05956592038273811,-2.377533197402954
30.15999984741211,0.02748810686171055,-2.3817625045776367
30.165000915527344,0.036258284002542496,-2.382473945617676
30.170000076293945,0.04908602312207222,-2.3787803649902344
30.174999237060547,0.034671466797590256,-2.3775339126586914
30.18000030517578,0.05613395571708679,-2.378664016723633
30.184999465942383,0.05263722315430641,-2.378185510635376
30.190000534057617,0.04678160697221756,-2.3765201568603516
30.19499969482422,0.04946579784154892,-2.3765201568603516
30.200000762939453,0.052555523812770844,-2.3765201568603516
30.204999923706055,0.0025016507133841515,-2.3765201568603516
30.209999084472656,0.019954415038228035,-2.374969244003296
30.21500015258789,0.0011621310841292143,-2.373897075653076
30.219999313354492,-0.02193501405417919,-2.3732481002807617
30.225000381469727,-0.017429960891604424,-2.3759841918945312
30.229999542236328,0.013616720214486122,-2.3749125003814697
30.235000610351562,0.05415632575750351,-2.372344732284546
30.239999771118164,0.08044550567865372,-2.3711607456207275
30.2450008392334,0.07686265558004379,-2.3664488792419434
30.25,0.0713573768734932,-2.366873264312744
30.2549991607666,0.036573659628629684,-2.3704586029052734
30.260000228881836,0.002549858530983329,-2.3727686405181885
30.264999389648438,0.0010031553683802485,-2.3712708950042725
30.270000457763672,0.08558424562215805,-2.3663923740386963
30.274999618530273,0.1520240604877472,-2.36735463142395
30.280000686645508,0.13292339444160461,-2.36799955368042
30.28499984741211,0.015089822933077812,-2.3616771697998047
30.290000915527344,-0.07692266255617142,-2.361405611038208
30.295000076293945,0.12019464373588562,-2.36622953414917
30.299999237060547,0.11804994195699692,-2.366927146911621
30.30500030517578,-0.27255693078041077,-2.3621575832366943
30.309999465942383,0.11564469337463379,-2.360548973083496
30.315000534057617,0.2157193273305893,-2.356207847595215
30.31999969482422,-0.11128613352775574,-2.3530452251434326
30.325000762939453,0.004366674460470676,-2.3513312339782715
30.329999923706055,0.38327115774154663,-2.3503122329711914
30.334999084472656,0.12054609507322311,-2.3466129302978516
30.34000015258789,-0.16883505880832672,-2.341305732727051
30.344999313354492,-0.08658412843942642,-2.3363771438598633
30.350000381469727,0.02874629944562912,-2.3327295780181885
30.354999542236328,0.017980094999074936,-2.3262460231781006
30.360000610351562,-0.016977690160274506,-2.323513984680176
30.364999771118164,0.26954227685928345,-2.324533700942993
30.3700008392334,0.12786522507667542,-2.322390556335449
30.375,-0.03512044996023178,-2.322390556335449
30.3799991607666,-0.11475416272878647,-2.320884943008423
30.385000228881836,0.06499024480581284,-2.315091133117676
30.389999389648438,0.1625087410211563,-2.3059287071228027
30.395000457763672,-0.17611445486545563,-2.2979395389556885
30.399999618530273,-0.02339008077979088,-2.294571876525879
30.405000686645508,0.5076959729194641,-2.2887768745422363
30.40999984741211,-0.005785341374576092,-2.286532402038574
30.415000915527344,-0.5672699809074402,-2.2864322662353516
30.420000076293945,0.1684979498386383,-2.284438133239746
30.424999237060547,0.5973896980285645,-2.2801504135131836
30.43000030517578,-0.12488225102424622,-2.2748401165008545
30.434999465942383,-0.24835799634456635,-2.2663140296936035
30.440000534057617,0.0580880381166935,-2.2613914012908936
30.44499969482422,0.03617621585726738,-2.2518911361694336
30.450000762939453,0.12500108778476715,-2.2442896366119385
30.454999923706055,0.2685902416706085,-2.2409274578094482
30.459999084472656,-0.062306441366672516,-2.235762119293213
30.46500015258789,-0.2653283178806305,-2.228745698928833
30.469999313354492,0.18270568549633026,-2.2248973846435547
30.475000381469727,-0.031475406140089035,-2.223824977874756
30.479999542236328,0.08183249086141586,-2.21651291847229
30.485000610351562,0.4436790943145752,-2.2057933807373047
30.489999771118164,0.01880478486418724,-2.199171543121338
30.4950008392334,-0.015873288735747337,-2.192929267883301
30.5,-0.12012696266174316,-2.1858201026916504
30.5049991607666,0.420711487531662,-2.1794352531433105
30.510000228881836,-0.28168410062789917,-2.1761720180511475
30.514999389648438,0.32008299231529236,-2.1666648387908936
30.520000457763672,-0.35761529207229614,-2.1600935459136963
30.524999618530273,0.3000498414039612,-2.1558055877685547
30.530000686645508,-0.1836463063955307,-2.148930311203003
30.53499984741211,0.31168633699417114,-2.142941951751709
30.540000915527344,0.1407393366098404,-2.1396803855895996
30.545000076293945,0.09138872474431992,-2.1328954696655273
30.549999237060547,0.013239515013992786,-2.1237382888793945
30.55500030517578,-0.023970067501068115,-2.117215871810913
30.559999465942383,-0.02989852800965309,-2.1108744144439697
30.565000534057617,-0.09596665948629379,-2.1038615703582764
30.56999969482422,0.012580065056681633,-2.0937676429748535
30.575000762939453,0.24348381161689758,-2.0872018337249756
30.579999923706055,0.06380344927310944,-2.082913875579834
30.584999084472656,0.11638179421424866,-2.0792059898376465
30.59000015258789,-0.36064910888671875,-2.068531036376953
30.594999313354492,0.12066752463579178,-2.058927297592163
30.600000381469727,0.08839908242225647,-2.048743724822998
30.604999542236328,-0.12235888093709946,-2.0411524772644043
30.610000610351562,0.2587962746620178,-2.0320847034454346
30.614999771118164,0.09805101156234741,-2.0266377925872803
30.6200008392334,0.1622367948293686,-2.0223500728607178
30.625,0.09576534479856491,-2.0154683589935303
30.6299991607666,-0.20334500074386597,-2.0074286460876465
30.635000228881836,0.028722750023007393,-1.9978235960006714
30.639999389648438,0.017364798113703728,-1.9896987676620483
30.645000457763672,0.41565003991127014,-1.9827733039855957
30.649999618530273,-0.1653732806444168,-1.972631812095642
30.655000686645508,0.17150302231311798,-1.963436245918274
30.65999984741211,0.026316029950976372,-1.9585705995559692
30.665000915527344,-0.18840013444423676,-1.9527164697647095
30.670000076293945,0.40123507380485535,-1.9463261365890503
30.674999237060547,-0.10670452564954758,-1.9340814352035522
30.68000030517578,-0.011318949982523918,-1.9227434396743774
30.684999465942383,0.21678797900676727,-1.916765570640564
30.690000534057617,0.004175315145403147,-1.911487102508545
30.69499969482422,0.2859112620353699,-1.9023756980895996
30.700000762939453,-0.10706553608179092,-1.8974703550338745
30.704999923706055,0.0036501744762063026,-1.894214391708374
30.709999084472656,0.16163916885852814,-1.890502691268921
30.71500015258789,-0.020074060186743736,-1.8851828575134277
30.719999313354492,0.21286915242671967,-1.8782546520233154
30.725000381469727,-0.1334003508090973,-1.8712077140808105
30.729999542236328,-0.11121509969234467,-1.8684884309768677
30.735000610351562,0.5550656914710999,-1.8616386651992798
30.739999771118164,-0.34193116426467896,-1.8525660037994385
30.7450008392334,-0.13134543597698212,-1.844448208808899
30.75,0.6044719219207764,-1.831701636314392
30.7549991607666,-0.6330949068069458,-1.8204456567764282
30.760000228881836,0.45513013005256653,-1.8117544651031494
30.764999389648438,-0.10209827870130539,-1.8027194738388062
30.770000457763672,0.043924082070589066,-1.7924598455429077
30.774999618530273,0.2444004863500595,-1.7860658168792725
30.780000686645508,0.13467250764369965,-1.778599500656128
30.78499984741211,-0.048467062413692474,-1.7625958919525146
30.790000915527344,0.07748978585004807,-1.7475882768630981
30.795000076293945,0.23449838161468506,-1.7393989562988281
30.799999237060547,-0.14847250282764435,-1.7303247451782227
30.80500030517578,0.6282796263694763,-1.7191798686981201
30.809999465942383,-0.5318745970726013,-1.7088490724563599
30.815000534057617,0.16621267795562744,-1.7023807764053345
30.81999969482422,-0.20288975536823273,-1.6944504976272583
30.825000762939453,0.6442081332206726,-1.6848026514053345
30.829999923706055,-0.498182088136673,-1.6740829944610596
30.834999084472656,-0.031617823988199234,-1.6602195501327515
30.84000015258789,0.36181604862213135,-1.648856520652771
30.844999313354492,-0.40369075536727905,-1.641352653503418
30.850000381469727,0.8079489469528198,-1.6296321153640747
30.854999542236328,-0.9604624509811401,-1.6130874156951904
30.860000610351562,0.49527302384376526,-1.5985454320907593
30.864999771118164,0.644345760345459,-1.587790846824646
30.8700008392334,-0.652714729309082,-1.5807876586914062
30.875,0.4054435193538666,-1.5716073513031006
30.8799991607666,-0.4145272374153137,-1.5615615844726562
30.885000228881836,0.5368566513061523,-1.5540229082107544
30.889999389648438,-0.14419560134410858,-1.5405898094177246
30.895000457763672,-0.07986040413379669,-1.5268239974975586
30.899999618530273,0.270500510931015,-1.5101072788238525
30.905000686645508,-0.21647006273269653,-1.4956693649291992
30.90999984741211,0.6827355027198792,-1.4870262145996094
30.915000915527344,0.12064911425113678,-1.47255539894104
30.920000076293945,-0.4552537500858307,-1.4655210971832275
30.924999237060547,0.26731550693511963,-1.458083152770996
30.93000030517578,-0.14774128794670105,-1.4389846324920654
30.934999465942383,0.6617135405540466,-1.4195588827133179
30.940000534057617,-0.7047069668769836,-1.4050551652908325
30.94499969482422,0.2120058238506317,-1.3974862098693848
30.950000762939453,0.24157094955444336,-1.3894145488739014
30.954999923706055,-0.25768494606018066,-1.3777507543563843
30.959999084472656,0.13181351125240326,-1.363783597946167
30.96500015258789,0.046212706714868546,-1.3514244556427002
30.969999313354492,0.5254707336425781,-1.3402001857757568
30.975000381469727,-0.5386620163917542,-1.3273365497589111
30.979999542236328,0.29105183482170105,-1.314473032951355
30.985000610351562,-0.26665642857551575,-1.3058043718338013
30.989999771118164,0.18725308775901794,-1.295682430267334
30.9950008392334,-0.740566611289978,-1.281333088874817
31,0.6113097667694092,-1.264090657234192
31.0049991607666,-0.11197463423013687,-1.2517327070236206
31.010000228881836,-0.07134967297315598,-1.2431867122650146
31.014999389648438,0.13641129434108734,-1.2308590412139893
31.020000457763672,0.34635597467422485,-1.2163581848144531
31.024999618530273,0.046267155557870865,-1.2045667171478271
31.030000686645508,0.6607607007026672,-1.1944414377212524
31.03499984741211,-0.16263239085674286,-1.1788980960845947
31.040000915527344,0.10931660234928131,-1.160168170928955
31.045000076293945,-0.3117562532424927,-1.1472465991973877
31.049999237060547,0.4183047413825989,-1.1359620094299316
31.05500030517578,-0.5355918407440186,-1.1236631870269775
31.059999465942383,0.157278373837471,-1.115002155303955
31.065000534057617,0.28238657116889954,-1.1032954454421997
31.06999969482422,0.8184394836425781,-1.088880181312561
31.075000762939453,-0.479533314704895,-1.0733085870742798
31.079999923706055,-0.3841263949871063,-1.0582735538482666
31.084999084472656,0.7105430364608765,-1.045918583869934
31.09000015258789,-0.5389652848243713,-1.0389502048492432
31.094999313354492,0.09572228789329529,-1.0308558940887451
31.100000381469727,0.552674412727356,-1.0196279287338257
31.104999542236328,-0.2474946528673172,-1.0074076652526855
31.110000610351562,-0.3843361735343933,-0.9902827739715576
31.114999771118164,0.6414546966552734,-0.9740973711013794
31.1200008392334,-0.09977652877569199,-0.9596788883209229
31.125,0.4122390151023865,-0.9478606581687927
31.1299991607666,-0.5333595275878906,-0.9412984848022461
31.135000228881836,0.13070914149284363,-0.9338984489440918
31.139999389648438,0.15192359685897827,-0.9205759763717651
31.145000457763672,0.05594075471162796,-0.9028633236885071
31.149999618530273,0.09878771752119064,-0.8904848694801331
31.155000686645508,0.10879587382078171,-0.8797651529312134
31.15999984741211,0.17524489760398865,-0.8685344457626343
31.165000915527344,0.1056380346417427,-0.8583009243011475
31.170000076293945,-0.040557265281677246,-0.8476062417030334
31.174999237060547,-0.02042952924966812,-0.8363750576972961
31.18000030517578,0.3971193730831146,-0.8219279646873474
31.184999465942383,-0.09572339802980423,-0.8063846230506897
31.190000534057617,-0.17174482345581055,-0.79349684715271
31.19499969482422,0.06197153404355049,-0.7827295064926147
31.200000762939453,0.10687121748924255,-0.7725695967674255
31.204999923706055,-0.3805015981197357,-0.7655546069145203
31.209999084472656,0.8525446057319641,-0.7580510377883911
31.21500015258789,-0.3045099973678589,-0.7474241256713867
31.219999313354492,-0.02083433046936989,-0.7302958965301514
31.225000381469727,-0.3217414915561676,-0.7168503403663635
31.229999542236328,0.6250927448272705,-0.7055493593215942
31.235000610351562,-0.1564444750547409,-0.6953883171081543
31.239999771118164,-0.03460267558693886,-0.6894252300262451
31.2450008392334,0.6161389350891113,-0.6825019121170044
31.25,0.28614455461502075,-0.6707763075828552
31.2549991607666,-0.45604828000068665,-0.6541611552238464
31.260000228881836,0.3798642158508301,-0.6423260569572449
31.264999389648438,-0.31781575083732605,-0.6321423053741455
31.270000457763672,0.008976243436336517,-0.6224732995033264
31.274999618530273,0.16703329980373383,-0.6144124865531921
31.280000686645508,0.5397303700447083,-0.6090524792671204
31.28499984741211,-0.07059454172849655,-0.6021054983139038
31.290000915527344,0.13669097423553467,-0.5898194909095764
31.295000076293945,-0.2020948827266693,-0.5785229206085205
31.299999237060547,-0.28107941150665283,-0.5704830288887024
31.30500030517578,0.3886031210422516,-0.5645668506622314
31.309999465942383,0.3384285271167755,-0.5538875460624695
31.315000534057617,0.09861736744642258,-0.5447559356689453
31.31999969482422,0.1457846313714981,-0.5404089093208313
31.325000762939453,-0.0692947655916214,-0.5361600518226624
31.329999923706055,0.2500305473804474,-0.5265511274337769
31.334999084472656,-0.05620243027806282,-0.5131900310516357
31.34000015258789,0.22411930561065674,-0.499771386384964
31.344999313354492,-0.31775978207588196,-0.4900672733783722
31.350000381469727,0.35591328144073486,-0.4862779974937439
31.354999542236328,0.10557327419519424,-0.48256298899650574
31.360000610351562,-0.03935392200946808,-0.474005788564682
31.364999771118164,0.22538521885871887,-0.4638403654098511
31.3700008392334,0.011895954608917236,-0.45471057295799255
31.375,-0.16317115724086761,-0.4455989599227905
31.3799991607666,-0.008248371072113514,-0.4370407164096832
31.385000228881836,-0.06666172295808792,-0.4278941750526428
31.389999389648438,0.5002495050430298,-0.42253419756889343
31.395000457763672,-0.16572655737400055,-0.41451168060302734
31.399999618530273,0.21739961206912994,-0.40645506978034973
31.405000686645508,0.18920162320137024,-0.40320542454719543
31.40999984741211,0.10482145100831985,-0.397879034280777
31.415000915527344,-0.0720289871096611,-0.3935745656490326
31.420000076293945,-0.2651214897632599,-0.39087826013565063
31.424999237060547,0.32457369565963745,-0.38608673214912415
31.43000030517578,-0.07926793396472931,-0.3791348338127136
31.434999465942383,0.26144516468048096,-0.36735934019088745
31.440000534057617,-0.01861676201224327,-0.3587678372859955
31.44499969482422,0.049667101353406906,-0.3512486219406128
31.450000762939453,-0.11186202615499496,-0.34481683373451233
31.454999923706055,-0.17305198311805725,-0.3378491997718811
31.459999084472656,0.28677788376808167,-0.33567503094673157
31.46500015258789,0.25051409006118774,-0.33299520611763
31.469999313354492,0.05898411199450493,-0.32660743594169617
31.475000381469727,-0.052594929933547974,-0.31910350918769836
31.479999542236328,-0.011038171127438545,-0.3126290738582611
31.485000610351562,-0.041107453405857086,-0.3051818907260895
31.489999771118164,0.3465134799480438,-0.30031585693359375
31.4950008392334,-0.26537027955055237,-0.29813075065612793
31.5,0.4001252055168152,-0.29975223541259766
31.5049991607666,-0.15883980691432953,-0.2965766489505768
31.510000228881836,0.16978998482227325,-0.28907305002212524
31.514999389648438,0.13726358115673065,-0.2831771671772003
31.520000457763672,-0.10213210433721542,-0.27941209077835083
31.524999618530273,0.10201800614595413,-0.27351653575897217
31.530000686645508,0.13431811332702637,-0.26550227403640747
31.53499984741211,0.09008710831403732,-0.2627846598625183
31.540000915527344,-0.008543499745428562,-0.2590451240539551
31.545000076293945,0.037986040115356445,-0.2510417699813843
31.549999237060547,-0.0757119432091713,-0.24402637779712677
31.55500030517578,0.04853954166173935,-0.24188244342803955
31.559999465942383,0.05762840062379837,-0.23921403288841248
31.565000534057617,0.19667533040046692,-0.23385436832904816
31.56999969482422,0.03898295387625694,-0.2322349101305008
31.575000762939453,-0.032143332064151764,-0.22849421203136444
31.579999923706055,-0.003338506678119302,-0.2220735400915146
31.584999084472656,-0.11784719675779343,-0.21830007433891296
31.59000015258789,0.30476903915405273,-0.21722793579101562
31.594999313354492,-0.12367042154073715,-0.21135321259498596
31.600000381469727,0.24522517621517181,-0.20705494284629822
31.604999542236328,0.24727825820446014,-0.20542675256729126
31.610000610351562,-0.061178527772426605,-0.2049005925655365
31.614999771118164,0.18531185388565063,-0.1990245133638382
31.6200008392334,0.015319456346333027,-0.19311922788619995
31.625,0.06646077334880829,-0.1899031698703766
31.6299991607666,-0.10486379265785217,-0.18667803704738617
31.635000228881836,0.11715717613697052,-0.1839982122182846
31.639999389648438,0.23283132910728455,-0.183461993932724
31.645000457763672,-0.11265140771865845,-0.18184538185596466
31.649999618530273,0.14429201185703278,-0.18131789565086365
31.655000686645508,0.0650266781449318,-0.1775662750005722
31.65999984741211,0.127817764878273,-0.17382270097732544
31.665000915527344,-0.011477194726467133,-0.1727423369884491
31.670000076293945,-0.023640327155590057,-0.169526606798172
31.674999237060547,0.10443983227014542,-0.16738270223140717
31.68000030517578,0.05647177994251251,-0.16683904826641083
31.684999465942383,0.01932734064757824,-0.16737496852874756
31.690000534057617,0.013636590912938118,-0.16683904826641083
31.69499969482422,0.05183461308479309,-0.16417333483695984
31.700000762939453,0.05673931539058685,-0.1598854809999466
31.704999923706055,0.08973602950572968,-0.1561269611120224
31.709999084472656,0.12467246502637863,-0.15664976835250854
31.71500015258789,0.06550765037536621,-0.1609310656785965
31.719999313354492,0.06474736332893372,-0.16148577630519867
31.725000381469727,0.030276810750365257,-0.15934185683727264
31.729999542236328,0.07404892891645432,-0.15772812068462372
31.735000610351562,0.0454457625746727,-0.1571977734565735
31.739999771118164,0.07074061036109924,-0.1539820432662964
31.7450008392334,0.04527207091450691,-0.15024083852767944
31.75,0.062101442366838455,-0.14808109402656555
31.7549991607666,0.06781869381666183,-0.14647342264652252
31.760000228881836,0.07343583554029465,-0.14808110892772675
31.764999389648438,0.05760374665260315,-0.1459420621395111
31.770000457763672,0.06221184507012367,-0.14593735337257385
31.774999618530273,0.05764349550008774,-0.14700494706630707
31.780000686645508,0.03779946267604828,-0.1470133513212204
31.78499984741211,0.0291293878108263,-0.14700141549110413
31.790000915527344,0.03873123973608017,-0.15075336396694183
31.795000076293945,0.057742852717638016,-0.1561165601015091
31.799999237060547,0.05672717094421387,-0.15291158854961395
31.80500030517578,0.08708568662405014,-0.1496955156326294
31.809999465942383,0.06456556916236877,-0.14647342264652252
31.815000534057617,0.029284683987498283,-0.14593751728534698
31.81999969482422,0.04378240555524826,-0.1512911170721054
31.825000762939453,0.04063158854842186,-0.15450717508792877
31.829999923706055,0.06600518524646759,-0.15237602591514587
31.834999084472656,0.04185040667653084,-0.15129448473453522
31.84000015258789,0.0857645720243454,-0.1507609337568283
31.844999313354492,0.016879405826330185,-0.15129868686199188
31.850000381469727,0.0724959671497345,-0.14808295667171478
31.854999542236328,0.04837799072265625,-0.15022167563438416
31.860000610351562,0.08111084252595901,-0.1545095294713974
31.864999771118164,0.08825445920228958,-0.15237250924110413
31.8700008392334,0.01329729612916708,-0.14701148867607117
31.875,0.042110953480005264,-0.1464715600013733
31.8799991607666,0.02996106818318367,-0.15183189511299133
31.885000228881836,0.05807993933558464,-0.1545112133026123
31.889999389648438,0.06246502697467804,-0.15558435022830963
31.895000457763672,0.04053959622979164,-0.15772777795791626
31.899999618530273,0.058322083204984665,-0.15772812068462372
