Time (s),Ay (m/s²),Fᵧ (N)
0.004999999888241291,-4.443347930908203,1.2200398445129395
0.009999999776482582,-4.135004043579102,1.2534126043319702
0.014999999664723873,-4.577726364135742,1.3019641637802124
0.019999999552965164,-3.6536061763763428,1.3559104204177856
0.02500000037252903,-3.3078126907348633,1.4112051725387573
0.029999999329447746,-2.637739658355713,1.4669495820999146
0.03500000014901161,-3.6583049297332764,1.5195471048355103
0.03999999910593033,-2.9649930000305176,1.56944739818573
0.04500000178813934,-2.73520565032959,1.615751028060913
0.05000000074505806,-2.5527002811431885,1.6611558198928833
0.054999999701976776,-2.084024667739868,1.706560492515564
0.05999999865889549,-1.5796222686767578,1.7488183975219727
0.06499999761581421,-2.226595163345337,1.7865808010101318
0.07000000029802322,-1.3947091102600098,1.8243430852890015
0.07500000298023224,-1.4482008218765259,1.8666009902954102
0.07999999821186066,-1.1373728513717651,1.9034641981124878
0.08500000089406967,-1.2510740756988525,1.936281442642212
0.09000000357627869,-0.6810081005096436,1.967300534248352
0.0949999988079071,-0.2952738106250763,1.9911266565322876
0.10000000149011612,-0.899998128414154,2.0140535831451416
0.10499999672174454,-0.1702922284603119,2.0365312099456787
0.10999999940395355,-0.3594454228878021,2.0594584941864014
0.11500000208616257,-0.312384694814682,2.0837342739105225
0.11999999731779099,0.07426570355892181,2.1044135093688965
0.125,-0.5318220257759094,2.1161017417907715
0.12999999523162842,-0.12274309992790222,2.1259920597076416
0.13500000536441803,-0.21491730213165283,2.136331796646118
0.14000000059604645,-0.12584629654884338,2.1430749893188477
0.14499999582767487,-0.14116649329662323,2.149818181991577
0.15000000596046448,-0.12064656615257263,2.1565616130828857
0.1550000011920929,-0.11210484057664871,2.1597084999084473
0.1599999964237213,-0.22357991337776184,2.157910108566284
0.16500000655651093,-0.31973230838775635,2.1511669158935547
0.17000000178813934,-0.49827373027801514,2.143524408340454
0.17499999701976776,-0.38094067573547363,2.134533405303955
0.18000000715255737,-0.8112608790397644,2.124643325805664
0.1850000023841858,-0.5376809239387512,2.114753246307373
0.1899999976158142,-0.9306834936141968,2.1017162799835205
0.19499999284744263,-0.6653791069984436,2.084183692932129
0.20000000298023224,-0.8359679579734802,2.063504457473755
0.20499999821186066,-1.3245688676834106,2.0401275157928467
0.20999999344348907,-0.9330785870552063,2.014503240585327
0.2150000035762787,-1.288788080215454,1.99202561378479
0.2199999988079071,-1.6247979402542114,1.9686490297317505
0.22499999403953552,-1.4552910327911377,1.938529133796692
0.23000000417232513,-1.7532942295074463,1.9057118892669678
0.23499999940395355,-1.968064785003662,1.8751424551010132
0.23999999463558197,-2.182706117630005,1.840527057647705
0.24500000476837158,-2.5579888820648193,1.802764654159546
0.25,-2.693471908569336,1.7645527124404907
0.2549999952316284,-2.95798659324646,1.724542498588562
0.25999999046325684,-2.7922537326812744,1.6804864406585693
0.26499998569488525,-2.9792468547821045,1.6323844194412231
0.27000001072883606,-3.306030750274658,1.582484245300293
0.2750000059604645,-4.2616353034973145,1.5370795726776123
0.2800000011920929,-4.038409233093262,1.4867297410964966
0.2849999964237213,-4.690101146697998,1.4359304904937744
0.28999999165534973,-5.1380743980407715,1.3878284692764282
0.29499998688697815,-5.276270866394043,1.339276909828186
0.30000001192092896,-5.07508659362793,1.2844315767288208
0.3050000071525574,-6.658791542053223,1.2282378673553467
0.3100000023841858,-4.655815601348877,1.174291729927063
0.3149999976158142,-6.798479080200195,1.1176482439041138
0.3199999928474426,-6.49774169921875,1.061004877090454
0.32499998807907104,-6.158401966094971,1.0075081586837769
0.33000001311302185,-6.921817779541016,0.9508647918701172
0.33500000834465027,-6.820163249969482,0.8928726315498352
0.3400000035762787,-6.65285062789917,0.8330823183059692
0.3449999988079071,-7.825284004211426,0.7714937329292297
0.3499999940395355,-7.492049694061279,0.710354745388031
0.35499998927116394,-8.392327308654785,0.650114893913269
0.36000001430511475,-8.443741798400879,0.5916731953620911
0.36500000953674316,-9.691461563110352,0.5390756726264954
0.3700000047683716,-8.975723266601562,0.48243218660354614
0.375,-9.417637825012207,0.4221923351287842
0.3799999952316284,-9.281007766723633,0.364200234413147
0.38499999046325684,-11.074302673339844,0.30620813369750977
0.38999998569488525,-10.875286102294922,0.24596825242042542
0.39500001072883606,-11.799233436584473,0.19067341089248657
0.4000000059604645,-11.375268936157227,0.13942457735538483
0.4050000011920929,-12.334843635559082,0.092671237885952
0.4099999964237213,-11.292447090148926,0.04771609976887703
0.41499999165534973,-12.188539505004883,-0.005780510138720274
0.41999998688697815,-12.304689407348633,-0.061075322329998016
0.42500001192092896,-11.936728477478027,-0.10737910866737366
0.4300000071525574,-12.515993118286133,-0.15548110008239746
0.4350000023841858,-13.367514610290527,-0.20583085715770721
0.4399999976158142,-13.063511848449707,-0.24898779392242432
0.4449999928474426,-14.063161849975586,-0.294392466545105
0.44999998807907104,-13.961945533752441,-0.3420449495315552
0.45500001311302185,-13.802929878234863,-0.3802568316459656
0.46000000834465027,-14.863092422485352,-0.4189182221889496
0.4650000035762787,-14.526228904724121,-0.4616255760192871
0.4699999988079071,-14.680739402770996,-0.4957914650440216
0.4749999940395355,-15.035455703735352,-0.5272600054740906
0.47999998927116394,-14.781360626220703,-0.5623250007629395
0.48500001430511475,-15.344758033752441,-0.5906467437744141
0.49000000953674316,-15.172857284545898,-0.6189684867858887
0.4950000047683716,-15.60207748413086,-0.6481893062591553
0.5,-15.721617698669434,-0.6720156073570251
0.5049999952316284,-15.759809494018555,-0.6931444406509399
0.5099999904632568,-15.7112398147583,-0.7147229909896851
0.5149999856948853,-16.300039291381836,-0.7322554588317871
0.5199999809265137,-16.379728317260742,-0.7479897737503052
0.5249999761581421,-16.14764976501465,-0.7614762783050537
0.5299999713897705,-15.982398986816406,-0.7713663578033447
0.5350000262260437,-16.3144588470459,-0.7848529815673828
0.5400000214576721,-15.979785919189453,-0.7933943867683411
0.5450000166893005,-15.823925971984863,-0.7947430610656738
0.550000011920929,-16.285993576049805,-0.7947431206703186
0.5550000071525574,-15.8358154296875,-0.7969908714294434
0.5600000023841858,-15.964645385742188,-0.7969908714294434
0.5649999976158142,-16.00067710876465,-0.7911466956138611
0.5699999928474426,-15.501219749450684,-0.7839539051055908
0.574999988079071,-15.89205265045166,-0.7758619785308838
0.5799999833106995,-15.38987922668457,-0.7614763379096985
0.5849999785423279,-15.544746398925781,-0.7475402355194092
0.5899999737739563,-15.531972885131836,-0.7358518838882446
0.5950000286102295,-15.230073928833008,-0.716970682144165
0.6000000238418579,-15.427206993103027,-0.6967408657073975
0.6050000190734863,-14.853292465209961,-0.6760615110397339
0.6100000143051147,-15.198945045471191,-0.6526848077774048
0.6150000095367432,-14.835848808288574,-0.6284090876579285
0.6200000047683716,-14.643394470214844,-0.6005368828773499
0.625,-14.632500648498535,-0.568169116973877
0.6299999952316284,-14.021385192871094,-0.5349023342132568
0.6349999904632568,-14.075338363647461,-0.5016356110572815
0.6399999856948853,-14.281256675720215,-0.4674697518348694
0.6449999809265137,-13.326568603515625,-0.42970743775367737
0.6499999761581421,-13.56230640411377,-0.3892478346824646
0.6549999713897705,-14.0647611618042,-0.3505864143371582
0.6600000262260437,-12.798352241516113,-0.31012678146362305
0.6650000214576721,-12.990422248840332,-0.26652029156684875
0.6700000166893005,-13.316112518310547,-0.2211156040430069
0.675000011920929,-12.241256713867188,-0.17391270399093628
0.6800000071525574,-12.069913864135742,-0.12805844843387604
0.6850000023841858,-12.27499771118164,-0.07995647937059402
0.6899999976158142,-11.262578964233398,-0.026909423992037773
0.6949999928474426,-11.193790435791016,0.019843915477395058
0.699999988079071,-10.265674591064453,0.06524860113859177
0.7049999833106995,-10.716575622558594,0.11155238002538681
0.7099999785423279,-10.722375869750977,0.15605796873569489
0.7149999737739563,-9.801814079284668,0.20775637030601501
0.7200000286102295,-10.624763488769531,0.2612529695034027
0.7250000238418579,-9.794231414794922,0.31699734926223755
0.7300000190734863,-8.54502010345459,0.37588855624198914
0.7350000143051147,-9.297158241271973,0.43208247423171997
0.7400000095367432,-8.433631896972656,0.48647820949554443
0.7450000047683716,-9.044157981872559,0.5422225594520569
0.75,-7.903614044189453,0.5979669094085693
0.7549999952316284,-7.977310657501221,0.6514635682106018
0.7599999904632568,-7.682290077209473,0.707657516002655
0.7649999856948853,-7.319276332855225,0.7643009424209595
0.7699999809265137,-6.416387557983398,0.8177975416183472
0.7749999761581421,-7.461730003356934,0.8721932768821716
0.7799999713897705,-6.00209379196167,0.9297358989715576
0.7850000262260437,-6.6574015617370605,0.9854802489280701
0.7900000214576721,-5.832098960876465,1.041224479675293
0.7950000166893005,-5.741517066955566,1.0924733877182007
0.800000011920929,-5.102358341217041,1.1428232192993164
0.8050000071525574,-4.623098850250244,1.1958701610565186
0.8100000023841858,-4.87937593460083,1.2457702159881592
0.8149999976158142,-4.802156925201416,1.2916244268417358
0.8199999928474426,-3.896655797958374,1.339276909828186
0.824999988079071,-4.001378536224365,1.3891770839691162
0.8299999833106995,-3.509716749191284,1.439077377319336
0.8349999785423279,-3.3383302688598633,1.484032392501831
0.8399999737739563,-3.6942737102508545,1.5222444534301758
0.8450000286102295,-2.710136890411377,1.5649516582489014
0.8500000238418579,-3.049290657043457,1.6099069118499756
0.8550000190734863,-2.2408690452575684,1.6449719667434692
0.8600000143051147,-2.426039457321167,1.6809359788894653
0.8650000095367432,-1.9088516235351562,1.72139573097229
0.8700000047683716,-1.7634133100509644,1.7596075534820557
0.875,-2.3653483390808105,1.7883789539337158
0.8799999952316284,-1.9611775875091553,1.818049430847168
0.8849999904632568,-1.669631004333496,1.848618984222412
0.8899999856948853,-1.4159444570541382,1.8760414123535156
0.8949999809265137,-1.087868094444275,1.9007668495178223
0.8999999761581421,-1.7057284116744995,1.9236938953399658
0.9049999713897705,-0.8284636735916138,1.9443732500076294
0.9100000262260437,-0.6492176055908203,1.964153528213501
0.9150000214576721,-0.9771173596382141,1.977640151977539
0.9200000166893005,-0.5463117361068726,1.9893282651901245
0.925000011920929,-1.2085121870040894,1.999668002128601
0.9300000071525574,-0.5727463364601135,2.0086588859558105
0.9350000023841858,-0.8939601182937622,2.017200469970703
0.9399999976158142,-0.9492096900939941,2.023494005203247
0.9449999928474426,-0.6089065074920654,2.0275399684906006
0.949999988079071,-0.9910995364189148,2.0275399684906006
0.9549999833106995,-1.1266568899154663,2.0293383598327637
0.9599999785423279,-0.9844650030136108,2.0284392833709717
0.9649999737739563,-1.2224152088165283,2.02079701423645
0.9700000286102295,-1.2105035781860352,2.0122554302215576
0.9750000238418579,-1.3308614492416382,2.001915693283081
0.9800000190734863,-0.9858832359313965,1.99202561378479
0.9850000143051147,-1.45004141330719,1.978988528251648
0.9900000095367432,-1.4139727354049683,1.964153528213501
0.9950000047683716,-1.473130464553833,1.9497679471969604
1,-1.8237602710723877,1.9281893968582153
1.0049999952316284,-1.6254767179489136,1.9043632745742798
1.0099999904632568,-1.863714337348938,1.8818856477737427
1.0149999856948853,-2.176095485687256,1.8576098680496216
1.0199999809265137,-1.9687519073486328,1.828838586807251
1.024999976158142,-2.680021286010742,1.7973699569702148
1.0299999713897705,-2.29162859916687,1.7685985565185547
1.034999966621399,-2.5820958614349365,1.737130045890808
1.0399999618530273,-2.8498871326446533,1.697119951248169
1.0449999570846558,-3.5429818630218506,1.6611557006835938
1.0499999523162842,-3.0209450721740723,1.6256412267684937
1.0549999475479126,-3.8864214420318604,1.587429404258728
1.059999942779541,-3.526745080947876,1.5483182668685913
1.065000057220459,-4.077813625335693,1.5047118663787842
1.0700000524520874,-4.227513313293457,1.4620044231414795
1.0750000476837158,-4.10688591003418,1.4201960563659668
1.0800000429153442,-4.422861099243164,1.3756906986236572
1.0850000381469727,-4.710336208343506,1.329836368560791
1.090000033378601,-4.452767372131348,1.2821838855743408
1.0950000286102295,-5.289343357086182,1.2322837114334106
1.100000023841858,-5.743983745574951,1.1855305433273315
1.1050000190734863,-5.521152496337891,1.1369789838790894
1.1100000143051147,-6.989749908447266,1.0830328464508057
1.1150000095367432,-7.290210247039795,1.0335822105407715
1.1200000047683716,-7.717885494232178,0.9814342260360718
1.125,-7.334871292114258,0.9261394143104553
1.1299999952316284,-7.3441548347473145,0.8739914894104004
1.1349999904632568,-7.144128322601318,0.8195957541465759
1.1399999856948853,-7.620883464813232,0.7660991549491882
1.1449999809265137,-7.922789573669434,0.7103548049926758
1.149999976158142,-8.745521545410156,0.6564086079597473
1.1549999713897705,-8.756450653076172,0.6060588359832764
1.159999966621399,-8.708639144897461,0.5561586022377014
1.1649999618530273,-9.765905380249023,0.501313328742981
1.1699999570846558,-8.67062759399414,0.4451194107532501
1.1749999523162842,-9.578164100646973,0.3925219476222992
1.1799999475479126,-10.463225364685059,0.3399244248867035
1.184999942779541,-10.648293495178223,0.29227203130722046
1.190000057220459,-10.852856636047363,0.24012409150600433
1.1950000524520874,-11.201009750366211,0.18842564523220062
1.2000000476837158,-11.611186981201172,0.1412227749824524
1.2050000429153442,-11.429909706115723,0.0976162999868393
1.2100000381469727,-10.869210243225098,0.060753095895051956
1.215000033378601,-13.804072380065918,0.016697054728865623
1.2200000286102295,-13.201167106628418,-0.029157176613807678
1.225000023841858,-11.521777153015137,-0.06781858950853348
1.2300000190734863,-13.242457389831543,-0.11232417821884155
1.2350000143051147,-13.392843246459961,-0.1581784039735794
1.2400000095367432,-12.931167602539062,-0.19773893058300018
1.2450000047683716,-13.615669250488281,-0.23684991896152496
1.25,-13.314725875854492,-0.27730950713157654
1.2549999952316284,-13.69742488861084,-0.3123745322227478
1.2599999904632568,-13.947938919067383,-0.3496873080730438
1.2649999856948853,-13.903817176818848,-0.3843027651309967
1.2699999809265137,-14.019865036010742,-0.4139731526374817
1.274999976158142,-14.19831657409668,-0.44454261660575867
1.2799999713897705,-15.177434921264648,-0.47466254234313965
1.284999966621399,-14.332802772521973,-0.4966905415058136
1.2899999618530273,-15.164020538330078,-0.5223149061203003
1.2949999570846558,-15.063355445861816,-0.5452420115470886
1.2999999523162842,-14.852290153503418,-0.5645727515220642
1.3049999475479126,-15.207879066467285,-0.5816556811332703
1.309999942779541,-15.28232479095459,-0.5991882085800171
1.315000057220459,-15.154945373535156,-0.6135738492012024
1.3200000524520874,-15.204605102539062,-0.6279594898223877
1.3250000476837158,-15.332440376281738,-0.6396478414535522
1.3300000429153442,-15.362371444702148,-0.6459415555000305
1.3350000381469727,-15.451892852783203,-0.6526848077774048
1.340000033378601,-15.525126457214355,-0.6562812328338623
1.3450000286102295,-15.406423568725586,-0.659428060054779
1.350000023841858,-15.348540306091309,-0.6621254086494446
1.3550000190734863,-14.987809181213379,-0.6607767343521118
1.3600000143051147,-15.130793571472168,-0.6576299071311951
1.3650000095367432,-15.01215934753418,-0.6517857313156128
1.3700000047683716,-14.930180549621582,-0.6432442665100098
1.375,-15.078892707824707,-0.6320054531097412
1.3799999952316284,-14.884256362915039,-0.6239135265350342
1.3849999904632568,-14.529378890991211,-0.6140233874320984
1.3899999856948853,-14.527874946594238,-0.5964908599853516
1.3949999809265137,-14.530766487121582,-0.574462890625
1.399999976158142,-14.80754280090332,-0.5542330145835876
1.4049999713897705,-14.08634090423584,-0.5295077562332153
1.409999966621399,-13.897747993469238,-0.5029842853546143
1.4149999618530273,-13.917922973632812,-0.48320406675338745
1.4199999570846558,-13.830320358276367,-0.46072646975517273
1.4249999523162842,-13.689851760864258,-0.43420296907424927
1.4299999475479126,-13.1697359085083,-0.4022848308086395
1.434999942779541,-13.729857444763184,-0.36811891198158264
1.440000057220459,-13.324150085449219,-0.331705242395401
1.4450000524520874,-12.991846084594727,-0.29574114084243774
1.4500000476837158,-13.019874572753906,-0.25797879695892334
1.4550000429153442,-12.7706937789917,-0.21931739151477814
1.4600000381469727,-12.464751243591309,-0.1820046305656433
1.465000033378601,-12.148672103881836,-0.1437927484512329
1.4700000286102295,-11.78270149230957,-0.10153494030237198
1.475000023841858,-11.489619255065918,-0.05792846530675888
1.4800000190734863,-12.025247573852539,-0.01836794801056385
1.4850000143051147,-11.124789237976074,0.029734045267105103
1.4900000095367432,-10.867997169494629,0.07738648355007172
1.4950000047683716,-11.233142852783203,0.1169469878077507
1.5,-10.572566032409668,0.1556084156036377
1.5049999952316284,-9.971441268920898,0.19696712493896484
1.5099999904632568,-11.177430152893066,0.2419222593307495
1.5149999856948853,-9.41336441040039,0.28867560625076294
1.5199999809265137,-9.745721817016602,0.3394748866558075
1.524999976158142,-8.701883316040039,0.3889255225658417
1.5299999713897705,-9.044154167175293,0.440174400806427
1.534999966621399,-8.996298789978027,0.49097371101379395
1.5399999618530273,-7.908600807189941,0.5408738851547241
1.5449999570846558,-7.940650939941406,0.5934714078903198
1.5499999523162842,-6.788236618041992,0.6442707180976868
1.5549999475479126,-7.570793628692627,0.6955195665359497
1.559999942779541,-6.879440784454346,0.7476675510406494
1.565000057220459,-7.151552200317383,0.7984668016433716
1.5700000524520874,-7.025289058685303,0.8501652479171753
1.5750000476837158,-5.3003458976745605,0.8987168073654175
1.5800000429153442,-6.482616901397705,0.9450206160545349
1.5850000381469727,-6.055026054382324,0.9958198666572571
1.590000033378601,-5.462705135345459,1.047518253326416
1.5950000286102295,-6.10130500793457,1.0897760391235352
1.600000023841858,-4.663188457489014,1.1365294456481934
1.6050000190734863,-5.464691162109375,1.1873286962509155
1.6100000143051147,-4.818497180938721,1.2304855585098267
1.6150000095367432,-4.755472660064697,1.2713946104049683
1.6200000047683716,-4.41599178314209,1.316349744796753
1.625,-4.045306205749512,1.356359839439392
1.6299999952316284,-4.345428466796875,1.3945717811584473
1.6349999904632568,-3.1644787788391113,1.4368295669555664
1.6399999856948853,-3.7770755290985107,1.472344160079956
1.6449999809265137,-2.449991226196289,1.5110056400299072
1.649999976158142,-2.7931087017059326,1.5474191904067993
1.6549999713897705,-3.061450958251953,1.580686092376709
1.659999966621399,-2.8468878269195557,1.613503336906433
1.6649999618530273,-2.7498862743377686,1.6494674682617188
1.6699999570846558,-2.4208807945251465,1.6750919818878174
1.6749999523162842,-2.5880861282348633,1.698918104171753
1.6799999475479126,-2.069343090057373,1.7272398471832275
1.684999942779541,-1.8068692684173584,1.7546625137329102
1.690000057220459,-2.1202871799468994,1.7735437154769897
1.6950000524520874,-1.9812850952148438,1.7955718040466309
1.7000000476837158,-1.8782850503921509,1.8180493116378784
1.7050000429153442,-2.117638111114502,1.8351322412490845
1.7100000381469727,-1.1689720153808594,1.847270131111145
1.715000033378601,-1.8279445171356201,1.8567107915878296
1.7200000286102295,-1.513961911201477,1.864802598953247
1.725000023841858,-1.3418878316879272,1.8737937211990356
1.7300000190734863,-1.5569764375686646,1.8814361095428467
1.7350000143051147,-1.396255612373352,1.8886289596557617
1.7400000095367432,-1.5923912525177002,1.8922253847122192
1.7450000047683716,-1.5169118642807007,1.8949227333068848
1.75,-1.7630658149719238,1.8926749229431152
1.7549999952316284,-1.7074368000030518,1.8904271125793457
1.7599999904632568,-1.7837692499160767,1.8845828771591187
1.7649999856948853,-1.8891072273254395,1.8769406080245972
1.7699999809265137,-1.7983019351959229,1.8670504093170166
1.774999976158142,-2.1710004806518555,1.8571603298187256
1.7799999713897705,-1.773038387298584,1.845022439956665
1.784999966621399,-2.206050157546997,1.831086277961731
1.7899999618530273,-2.3728935718536377,1.8158015012741089
1.7949999570846558,-2.0620830059051514,1.7960212230682373
1.7999999523162842,-2.961876153945923,1.7771401405334473
1.8049999475479126,-1.6511287689208984,1.7578094005584717
1.809999942779541,-2.39170241355896,1.7353317737579346
1.815000057220459,-3.112740993499756,1.7061108350753784
1.8200000524520874,-2.8498499393463135,1.6813856363296509
1.8250000476837158,-2.943664073944092,1.6562106609344482
1.8300000429153442,-3.2329494953155518,1.6269898414611816
1.8350000381469727,-3.4163670539855957,1.597769021987915
1.840000033378601,-3.5539491176605225,1.566749930381775
1.8450000286102295,-3.9563043117523193,1.5312353372573853
1.850000023841858,-4.103762149810791,1.4934730529785156
1.8550000190734863,-3.787623882293701,1.4588576555252075
1.8600000143051147,-4.669217586517334,1.4228936433792114
1.8650000095367432,-4.73819637298584,1.3828834295272827
1.8700000047683716,-4.671860218048096,1.340625524520874
1.875,-4.92374324798584,1.2983677387237549
1.8799999952316284,-5.456807613372803,1.2588071823120117
1.8849999904632568,-5.99747371673584,1.2156503200531006
1.8899999856948853,-6.022305965423584,1.174291729927063
1.8949999809265137,-6.186926364898682,1.1297861337661743
1.899999976158142,-6.47384786605835,1.0839319229125977
1.9049999713897705,-5.866918563842773,1.0367289781570435
1.909999966621399,-6.485889911651611,0.9931225776672363
1.9149999618530273,-6.9003448486328125,0.9450206160545349
1.9199999570846558,-7.522012233734131,0.9005150198936462
1.9249999523162842,-6.867918491363525,0.8497156500816345
1.9299999475479126,-8.013964653015137,0.7998154759407043
1.934999942779541,-7.184884548187256,0.7539612650871277
1.940000057220459,-8.209542274475098,0.7058592438697815
1.9450000524520874,-8.820841789245605,0.6568581461906433
1.9500000476837158,-8.481307029724121,0.6092056632041931
1.9550000429153442,-8.714491844177246,0.5620027780532837
1.9600000381469727,-9.520593643188477,0.5107539296150208
1.965000033378601,-9.680366516113281,0.4640006124973297
1.9700000286102295,-9.90987491607666,0.4167977273464203
1.975000023841858,-9.451376914978027,0.3691452443599701
1.9800000190734863,-9.967926979064941,0.3259883522987366
1.9850000143051147,-10.66023063659668,0.27923503518104553
1.9900000095367432,-10.58471393585205,0.2329312413930893
1.9950000047683716,-11.54935359954834,0.1893247663974762
2,-11.384413719177246,0.1461678296327591
2.005000114440918,-12.462213516235352,0.10885509103536606
2.009999990463257,-11.399979591369629,0.08008380979299545
2.015000104904175,-11.62546443939209,0.04142238199710846
2.0199999809265137,-11.787541389465332,-0.0017345473170280457
2.0250000953674316,-11.92087173461914,-0.03859775513410568
2.0299999713897705,-12.420892715454102,-0.07591051608324051
2.0350000858306885,-13.123035430908203,-0.11232417821884155
2.0399999618530273,-12.429118156433105,-0.14604051411151886
2.0450000762939453,-12.432761192321777,-0.17481181025505066
2.049999952316284,-13.250412940979004,-0.20897772908210754
2.055000066757202,-13.606759071350098,-0.2444922775030136
2.059999942779541,-13.355171203613281,-0.2737131118774414
2.065000057220459,-13.592665672302246,-0.3033835291862488
2.069999933242798,-13.941595077514648,-0.3281088173389435
2.075000047683716,-13.686634063720703,-0.35283419489860535
2.0799999237060547,-14.645034790039062,-0.3784586191177368
2.0850000381469727,-13.747217178344727,-0.40048661828041077
2.0899999141693115,-14.196325302124023,-0.4184686839580536
2.0950000286102295,-14.786681175231934,-0.44004714488983154
2.0999999046325684,-14.07317066192627,-0.45533183217048645
2.1050000190734863,-14.756404876708984,-0.4679192900657654
2.109999895095825,-14.76030158996582,-0.4809562861919403
2.115000009536743,-14.288579940795898,-0.49309414625167847
2.119999885559082,-14.848774909973145,-0.504332959651947
2.125,-14.695693016052246,-0.5101770758628845
2.130000114440918,-14.732232093811035,-0.5142229795455933
2.134999990463257,-14.817294120788574,-0.5173698663711548
2.140000104904175,-14.45472240447998,-0.5209662318229675
2.1449999809265137,-14.522120475769043,-0.5223149061203003
2.1500000953674316,-14.338066101074219,-0.5200671553611755
2.1549999713897705,-14.302789688110352,-0.5191680788993835
2.1600000858306885,-14.36190128326416,-0.517819344997406
2.1649999618530273,-14.218770980834961,-0.5092779994010925
2.1700000762939453,-14.350443840026855,-0.49444282054901123
2.174999952316284,-14.111184120178223,-0.48320403695106506
2.180000066757202,-14.041780471801758,-0.46926796436309814
2.184999942779541,-14.204205513000488,-0.4566805064678192
2.190000057220459,-13.650322914123535,-0.4418453276157379
2.194999933242798,-13.921282768249512,-0.427459716796875
2.200000047683716,-13.569880485534668,-0.4072299003601074
2.2049999237060547,-13.544785499572754,-0.38160544633865356
2.2100000381469727,-13.541950225830078,-0.35867834091186523
2.2149999141693115,-13.065276145935059,-0.33350345492362976
2.2200000286102295,-13.522762298583984,-0.3078790307044983
2.2249999046325684,-13.057022094726562,-0.28225457668304443
2.2300000190734863,-12.664592742919922,-0.2557310461997986
2.234999895095825,-12.8231201171875,-0.22426244616508484
2.240000009536743,-12.500493049621582,-0.19459207355976105
2.244999885559082,-12.348699569702148,-0.1631234735250473
2.25,-12.575955390930176,-0.130306214094162
2.255000114440918,-11.759150505065918,-0.09479167312383652
2.259999990463257,-11.619941711425781,-0.05613025650382042
2.265000104904175,-11.641328811645508,-0.01881749927997589
2.2699999809265137,-11.328405380249023,0.0202934667468071
2.2750000953674316,-10.78553581237793,0.06255128979682922
2.2799999713897705,-11.073568344116211,0.0976162999868393
2.2850000858306885,-11.018250465393066,0.12503892183303833
2.2899999618530273,-10.060614585876465,0.15920482575893402
2.2950000762939453,-10.475140571594238,0.1992148905992508
2.299999952316284,-11.114884376525879,0.23922495543956757
2.305000066757202,-10.002551078796387,0.2855287492275238
2.309999942779541,-9.389715194702148,0.3282361328601837
2.315000057220459,-9.88602352142334,0.3713930547237396
2.319999933242798,-8.94119644165039,0.41859593987464905
2.325000047683716,-8.400726318359375,0.46714749932289124
2.3299999237060547,-8.818116188049316,0.5116530656814575
2.3350000381469727,-8.166769027709961,0.5570577383041382
2.3399999141693115,-7.86787223815918,0.6020128726959229
2.3450000286102295,-8.614928245544434,0.649665355682373
2.3499999046325684,-7.804907321929932,0.6977673172950745
2.3550000190734863,-6.801346778869629,0.7431720495223999
2.359999895095825,-7.365148544311523,0.7872280478477478
2.365000009536743,-6.600069046020508,0.827687680721283
2.369999885559082,-7.09580135345459,0.8712942004203796
2.375,-5.97940731048584,0.9140015244483948
2.380000114440918,-6.621706485748291,0.9576081037521362
2.384999990463257,-5.884464263916016,1.0025631189346313
2.390000104904175,-5.99808931350708,1.0448209047317505
2.3949999809265137,-5.531929969787598,1.0843814611434937
2.4000000953674316,-5.880276679992676,1.1252906322479248
2.4049999713897705,-5.039616107940674,1.164851188659668
2.4100000858306885,-5.006022930145264,1.2017143964767456
2.4149999618530273,-5.380058765411377,1.2403756380081177
2.4200000762939453,-4.317163467407227,1.2799361944198608
2.424999952316284,-4.330816268920898,1.3167994022369385
2.430000066757202,-4.019626140594482,1.3487175703048706
2.434999942779541,-3.7889750003814697,1.3851312398910522
2.440000057220459,-3.758697748184204,1.4197466373443604
2.444999933242798,-3.880448818206787,1.4458205699920654
2.450000047683716,-4.321664810180664,1.473692774772644
2.4549999237060547,-2.553156852722168,1.5051614046096802
2.4600000381469727,-3.7318499088287354,1.5370795726776123
2.4649999141693115,-2.7713747024536133,1.5613553524017334
2.4700000286102295,-2.9259772300720215,1.5842825174331665
2.4749999046325684,-3.1568570137023926,1.605411410331726
2.4800000190734863,-2.649674892425537,1.6283385753631592
2.484999895095825,-2.630678653717041,1.6512656211853027
2.490000009536743,-2.743239164352417,1.6683485507965088
2.494999885559082,-2.5025064945220947,1.6818351745605469
2.5,-2.0806350708007812,1.697119951248169
2.505000114440918,-2.448451519012451,1.714202880859375
2.509999990463257,-2.209913492202759,1.72589111328125
2.515000104904175,-2.2193350791931152,1.7353317737579346
2.5199999809265137,-2.040695905685425,1.7461209297180176
2.5250000953674316,-2.231049060821533,1.7515156269073486
2.5299999713897705,-2.3358330726623535,1.7537634372711182
2.5350000858306885,-2.225156784057617,1.7546625137329102
2.5399999618530273,-2.3455722332000732,1.7555615901947021
2.5450000762939453,-2.0771491527557373,1.7564606666564941
2.549999952316284,-2.576164484024048,1.7542129755020142
2.555000066757202,-2.4612960815429688,1.748368740081787
2.559999942779541,-2.4480934143066406,1.7438732385635376
2.565000057220459,-2.708047389984131,1.7380291223526
2.569999933242798,-3.1410720348358154,1.730836272239685
2.575000047683716,-2.545252799987793,1.720496654510498
2.5799999237060547,-2.721220016479492,1.7065606117248535
2.5850000381469727,-3.010733127593994,1.69037663936615
2.5899999141693115,-2.952047824859619,1.6723946332931519
2.5950000286102295,-2.8779923915863037,1.6580089330673218
2.5999999046325684,-3.2837629318237305,1.6454215049743652
2.6050000190734863,-3.1062893867492676,1.6256412267684937
2.609999895095825,-3.359666585922241,1.6018149852752686
2.615000009536743,-4.401278495788574,1.5779887437820435
2.619999885559082,-3.4787495136260986,1.5523643493652344
2.625,-3.9558467864990234,1.5222443342208862
2.630000114440918,-4.239063739776611,1.4921244382858276
2.634999990463257,-3.6212403774261475,1.466499924659729
2.640000104904175,-4.203420639038086,1.436829686164856
2.6449999809265137,-4.268062591552734,1.4035626649856567
2.6500000953674316,-4.493072986602783,1.3702958822250366
2.6549999713897705,-4.400767803192139,1.338377833366394
2.6600000858306885,-5.649729251861572,1.3028632402420044
2.6649999618530273,-5.331481456756592,1.2660000324249268
2.6700000762939453,-5.1385931968688965,1.2322837114334106
2.674999952316284,-5.772233486175537,1.19901704788208
2.680000066757202,-5.42814302444458,1.1599061489105225
2.684999942779541,-6.184683322906494,1.1203455924987793
2.690000057220459,-6.209200859069824,1.0803354978561401
2.694999933242798,-5.951244831085205,1.0376280546188354
2.700000047683716,-6.662694454193115,0.9931225776672363
2.7049999237060547,-7.005561351776123,0.9508647918701172
2.7100000381469727,-6.9675493240356445,0.9144511222839355
2.7149999141693115,-7.066882610321045,0.8726428151130676
2.7200000286102295,-8.434338569641113,0.826788604259491
2.7249999046325684,-7.137337684631348,0.785879373550415
2.7300000190734863,-7.550710678100586,0.7440711259841919
2.734999895095825,-8.444489479064941,0.6982169151306152
2.740000009536743,-8.33702564239502,0.6582068204879761
2.744999885559082,-7.895453929901123,0.6195454001426697
2.75,-9.395947456359863,0.5718929171562195
2.755000114440918,-9.006773948669434,0.5309838056564331
2.759999990463257,-9.186531066894531,0.49546921253204346
2.765000104904175,-10.309456825256348,0.4505141079425812
2.7699999809265137,-9.882207870483398,0.402861624956131
2.7750000953674316,-9.18676471710205,0.36195245385169983
2.7799999713897705,-10.702618598937988,0.3241901397705078
2.7850000858306885,-10.727356910705566,0.2850792109966278
2.7899999618530273,-10.800621032714844,0.24776646494865417
2.7950000762939453,-10.337388038635254,0.208205908536911
2.799999952316284,-11.369109153747559,0.169994056224823
2.805000066757202,-11.220002174377441,0.1367272585630417
2.809999942779541,-11.881660461425781,0.10480912774801254
2.815000057220459,-11.275235176086426,0.07468917965888977
2.819999933242798,-11.973074913024902,0.04322058707475662
2.825000047683716,-12.263836860656738,0.005458274390548468
2.8299999237060547,-11.896207809448242,-0.02466166391968727
2.8350000381469727,-12.517333030700684,-0.053432952612638474
2.8399999141693115,-12.65167236328125,-0.0862501934170723
2.8450000286102295,-12.580204010009766,-0.11367282271385193
2.8499999046325684,-13.303152084350586,-0.14514140784740448
2.8550000190734863,-13.026111602783203,-0.17076584696769714
2.859999895095825,-12.384170532226562,-0.19279387593269348
2.865000009536743,-13.47130298614502,-0.21931740641593933
2.869999885559082,-13.299870491027832,-0.24314360320568085
2.875,-12.797880172729492,-0.2638229727745056
2.880000114440918,-13.794605255126953,-0.2822546064853668
2.884999990463257,-13.255146026611328,-0.2993375360965729
2.890000104904175,-13.678966522216797,-0.31462228298187256
2.8949999809265137,-14.221908569335938,-0.32990702986717224
2.9000000953674316,-13.610747337341309,-0.34294405579566956
2.9049999713897705,-14.03267765045166,-0.35283416509628296
2.9100000858306885,-14.082045555114746,-0.3600269854068756
2.9149999618530273,-13.794151306152344,-0.36811891198158264
2.9200000762939453,-14.024768829345703,-0.3798072636127472
2.924999952316284,-13.937215805053711,-0.3883487582206726
2.930000066757202,-14.025837898254395,-0.39104604721069336
2.934999942779541,-14.022025108337402,-0.3883487284183502
2.940000057220459,-13.927481651306152,-0.3883487284183502
2.944999933242798,-13.73263931274414,-0.3883487582206726
2.950000047683716,-13.608083724975586,-0.3874496519565582
2.9549999237060547,-13.659197807312012,-0.3838531970977783
2.9600000381469727,-13.651766777038574,-0.3762108385562897
2.9649999141693115,-13.550479888916016,-0.3663206994533539
2.9700000286102295,-13.50034236907959,-0.35238462686538696
2.9749999046325684,-13.382976531982422,-0.3303565979003906
2.9800000190734863,-12.90294075012207,-0.3164204955101013
2.984999895095825,-13.336731910705566,-0.31417274475097656
2.990000009536743,-12.904041290283203,-0.3065303564071655
2.994999885559082,-13.264924049377441,-0.29124563932418823
3,-13.032051086425781,-0.2696671485900879
3.005000114440918,-12.512777328491211,-0.2453913688659668
3.009999990463257,-13.176557540893555,-0.2256111055612564
3.015000104904175,-12.429884910583496,-0.20538130402565002
3.0199999809265137,-12.625275611877441,-0.18110553920269012
3.0250000953674316,-12.445110321044922,-0.15548110008239746
3.0299999713897705,-12.107504844665527,-0.12850801646709442
3.0350000858306885,-11.595978736877441,-0.09973672777414322
3.0399999618530273,-12.245101928710938,-0.06916724890470505
3.0450000762939453,-11.988235473632812,-0.03679955378174782
3.049999952316284,-10.724987030029297,-0.003532752860337496
3.055000066757202,-11.969287872314453,0.026137635111808777
3.059999942779541,-11.171664237976074,0.056707121431827545
3.065000057220459,-10.741175651550293,0.09087302535772324
3.069999933242798,-11.471692085266113,0.1169469952583313
3.075000047683716,-10.38708782196045,0.1407732218503952
3.0799999237060547,-9.935125350952148,0.17269136011600494
3.0850000381469727,-10.555304527282715,0.2077563852071762
3.0899999141693115,-10.438658714294434,0.2464177906513214
3.0950000286102295,-8.959123611450195,0.2864278554916382
3.0999999046325684,-9.650262832641602,0.32194241881370544
3.1050000190734863,-9.743351936340332,0.3592551648616791
3.109999895095825,-8.656028747558594,0.40016430616378784
3.115000009536743,-9.313287734985352,0.4388257563114166
3.119999885559082,-8.985681533813477,0.477936714887619
3.125,-8.142160415649414,0.517047643661499
3.130000114440918,-8.280956268310547,0.5552595257759094
3.134999990463257,-7.965171813964844,0.5961687564849854
3.140000104904175,-7.790106296539307,0.6361787915229797
3.1449999809265137,-8.07194709777832,0.6788862347602844
3.1500000953674316,-7.787304878234863,0.7211440205574036
3.1549999713897705,-7.230190753936768,0.7634018063545227
3.1600000858306885,-6.966643333435059,0.8029623627662659
3.1649999618530273,-7.463246822357178,0.836229145526886
3.1700000762939453,-7.083259105682373,0.8748906254768372
3.174999952316284,-6.004685878753662,0.919396162033081
3.180000066757202,-6.636009693145752,0.9580575823783875
3.184999942779541,-6.034258842468262,0.9962694644927979
3.190000057220459,-5.555039882659912,1.030884861946106
3.194999933242798,-5.7052812576293945,1.065500259399414
3.200000047683716,-5.898296356201172,1.0996662378311157
3.2049999237060547,-4.8015217781066895,1.1342816352844238
3.2100000381469727,-5.184006690979004,1.1675485372543335
3.2149999141693115,-5.409649848937988,1.201714277267456
3.2200000286102295,-4.114770412445068,1.2358801364898682
3.2249999046325684,-5.035629749298096,1.2673486471176147
3.2300000190734863,-4.421933174133301,1.2979182004928589
3.234999895095825,-4.145400524139404,1.3271390199661255
3.240000009536743,-4.443850040435791,1.3532130718231201
3.244999885559082,-4.070011615753174,1.3797365427017212
3.25,-3.9460134506225586,1.4067096710205078
3.255000114440918,-3.5818850994110107,1.4278385639190674
3.259999990463257,-4.026703834533691,1.4498666524887085
3.265000104904175,-3.573371410369873,1.47414231300354
3.2699999809265137,-3.674070119857788,1.4925739765167236
3.2750000953674316,-3.421755313873291,1.5101064443588257
3.2799999713897705,-3.040109157562256,1.5298868417739868
3.2850000858306885,-3.2471137046813965,1.5474191904067993
3.2899999618530273,-3.030113458633423,1.565401315689087
3.2950000762939453,-3.12113094329834,1.5775392055511475
3.299999952316284,-3.0349130630493164,1.5842825174331665
3.305000066757202,-3.0029408931732178,1.5941725969314575
3.309999942779541,-2.7098686695098877,1.603163719177246
3.315000057220459,-3.115774631500244,1.6094573736190796
3.319999933242798,-2.9620578289031982,1.6157511472702026
3.325000047683716,-2.5860133171081543,1.6202466487884521
3.3299999237060547,-3.2349770069122314,1.6197969913482666
3.3350000381469727,-2.806025266647339,1.6179989576339722
3.3399999141693115,-3.0937952995300293,1.6188979148864746
3.3450000286102295,-3.278113603591919,1.616650104522705
3.3499999046325684,-3.0829286575317383,1.6121547222137451
3.3550000190734863,-3.2502591609954834,1.6112556457519531
3.359999895095825,-3.2785797119140625,1.6063106060028076
3.365000009536743,-3.389064073562622,1.599567174911499
3.369999885559082,-3.2447569370269775,1.5910258293151855
3.375,-3.7306835651397705,1.578438401222229
3.380000114440918,-3.3647780418395996,1.562704086303711
3.384999990463257,-3.4975483417510986,1.5465202331542969
3.390000104904175,-3.930220365524292,1.5303363800048828
3.3949999809265137,-3.5907130241394043,1.5150516033172607
3.4000000953674316,-3.9382214546203613,1.4966199398040771
3.4049999713897705,-4.264720916748047,1.4750415086746216
3.4100000858306885,-4.395740032196045,1.454362154006958
3.4149999618530273,-4.057103157043457,1.4359304904937744
3.4200000762939453,-4.153082370758057,1.4134528636932373
3.424999952316284,-4.54986047744751,1.3860303163528442
3.430000066757202,-5.1467108726501465,1.3590571880340576
3.434999942779541,-4.929227352142334,1.3347814083099365
3.440000057220459,-4.5544753074646,1.306010127067566
3.444999933242798,-5.462409019470215,1.2758902311325073
3.450000047683716,-5.040134906768799,1.2489171028137207
3.4549999237060547,-4.952497482299805,1.2192468643188477
3.4600000381469727,-6.110308647155762,1.188677430152893
3.4649999141693115,-5.634894847869873,1.157658338546753
3.4700000286102295,-5.815262317657471,1.1270887851715088
3.4749999046325684,-6.469038009643555,1.0947210788726807
3.4800000190734863,-6.322021961212158,1.060555338859558
3.484999895095825,-6.393199443817139,1.024141550064087
3.490000009536743,-6.547111511230469,0.9845811128616333
3.494999885559082,-6.962227821350098,0.9513143301010132
3.5,-6.3322272300720215,0.9184970855712891
3.505000114440918,-7.20999813079834,0.8807347416877747
3.509999990463257,-7.5084614753723145,0.8402751684188843
3.515000104904175,-7.171502113342285,0.8056596517562866
3.5199999809265137,-7.9817423820495605,0.767897367477417
3.5250000953674316,-8.40038776397705,0.7296854853630066
3.5299999713897705,-7.827568531036377,0.6941709518432617
3.5350000858306885,-8.591676712036133,0.6559590697288513
3.5399999618530273,-9.258554458618164,0.6146003603935242
3.5450000762939453,-8.175694465637207,0.5781866312026978
3.549999952316284,-9.272192001342773,0.5440207719802856
3.555000066757202,-9.752683639526367,0.508056640625
3.559999942779541,-9.146795272827148,0.470294326543808
3.565000057220459,-9.823657035827637,0.43298158049583435
3.569999933242798,-10.604917526245117,0.39566880464553833
3.575000047683716,-9.196112632751465,0.3597047030925751
3.5799999237060547,-10.608355522155762,0.3246397078037262
3.5850000381469727,-10.56597900390625,0.2886756360530853
3.5899999141693115,-10.241599082946777,0.25450971722602844
3.5950000286102295,-10.921709060668945,0.22034381330013275
3.5999999046325684,-10.728241920471191,0.18842566013336182
3.6050000190734863,-10.990679740905762,0.15830571949481964
3.609999895095825,-11.47826099395752,0.12953442335128784
3.615000009536743,-11.55362319946289,0.11110281944274902
3.619999885559082,-11.193830490112305,0.09357033669948578
3.625,-11.919971466064453,0.06614770740270615
3.630000114440918,-12.203691482543945,0.03602776676416397
3.634999990463257,-11.872865676879883,0.011751990765333176
3.640000104904175,-12.033713340759277,-0.014771537855267525
3.6449999809265137,-12.319686889648438,-0.039946410804986954
3.6500000953674316,-12.379453659057617,-0.0619744248688221
3.6549999713897705,-12.28559684753418,-0.08849795162677765
3.6600000858306885,-12.426993370056152,-0.11457192897796631
3.6649999618530273,-12.598638534545898,-0.13300354778766632
3.6700000762939453,-12.931075096130371,-0.15008647739887238
3.674999952316284,-12.72518253326416,-0.16582077741622925
3.680000066757202,-12.88004207611084,-0.18110553920269012
3.684999942779541,-13.075629234313965,-0.19594073295593262
3.690000057220459,-13.278085708618164,-0.20942726731300354
3.694999933242798,-13.049023628234863,-0.2215651571750641
3.700000047683716,-13.34813404083252,-0.2314552664756775
3.7049999237060547,-13.195124626159668,-0.23954719305038452
3.7100000381469727,-13.26677131652832,-0.24718956649303436
3.7149999141693115,-13.436291694641113,-0.2503364384174347
3.7200000286102295,-13.424885749816895,-0.2507859766483307
3.7249999046325684,-13.145576477050781,-0.25303372740745544
3.7300000190734863,-13.421714782714844,-0.2552814781665802
3.734999895095825,-13.021888732910156,-0.2561805844306946
3.740000009536743,-13.072771072387695,-0.2584283649921417
3.744999885559082,-13.14338207244873,-0.25663015246391296
3.75,-12.845131874084473,-0.2512355446815491
3.755000114440918,-12.976680755615234,-0.24808868765830994
3.759999990463257,-13.02396011352539,-0.24359315633773804
3.765000104904175,-12.686270713806152,-0.23235438764095306
3.7699999809265137,-12.826555252075195,-0.21931739151477814
3.7750000953674316,-12.755971908569336,-0.20852817595005035
3.7799999713897705,-12.45775032043457,-0.197289377450943
3.7850000858306885,-12.724522590637207,-0.18515148758888245
3.7899999618530273,-12.199207305908203,-0.16941720247268677
3.7950000762939453,-12.355183601379395,-0.1536828875541687
3.799999952316284,-12.397139549255371,-0.13525129854679108
3.805000066757202,-11.745134353637695,-0.11412237584590912
3.809999942779541,-12.229924201965332,-0.0956907719373703
3.815000057220459,-12.010417938232422,-0.07276366651058197
3.819999933242798,-11.530426979064941,-0.05118519067764282
3.825000047683716,-11.836153984069824,-0.0305058341473341
3.8299999237060547,-11.637042045593262,-0.003982305061072111
3.8350000381469727,-11.54758071899414,0.024788981303572655
3.8399999141693115,-11.327375411987305,0.0490647554397583
3.8450000286102295,-11.097282409667969,0.07693693041801453
3.8499999046325684,-11.16840648651123,0.1021118015050888
3.8550000190734863,-10.920781135559082,0.12144250422716141
3.859999895095825,-10.2322359085083,0.14302097260951996
3.865000009536743,-10.475763320922852,0.170443594455719
3.869999885559082,-10.388544082641602,0.19966444373130798
3.875,-10.526532173156738,0.22888527810573578
3.880000114440918,-9.596769332885742,0.2608034312725067
3.884999990463257,-9.939492225646973,0.2958684265613556
3.890000104904175,-9.276468276977539,0.3300343453884125
3.8949999809265137,-9.218917846679688,0.36644795536994934
3.9000000953674316,-9.465152740478516,0.4010634124279022
3.9049999713897705,-9.242212295532227,0.43253201246261597
3.9100000858306885,-8.776073455810547,0.4648997485637665
3.9149999618530273,-8.675971031188965,0.4977169930934906
3.9200000762939453,-8.43617057800293,0.5314332842826843
3.924999952316284,-7.814429759979248,0.5687460899353027
3.930000066757202,-8.724411964416504,0.6074075102806091
3.934999942779541,-7.809105396270752,0.6433716416358948
3.940000057220459,-7.642945766448975,0.6766384840011597
3.944999933242798,-7.213984966278076,0.7099052667617798
3.950000047683716,-7.658340930938721,0.7467684149742126
3.9549999237060547,-6.693323612213135,0.7836316823959351
3.9600000381469727,-7.279260158538818,0.8151002526283264
3.9649999141693115,-6.990011215209961,0.8483670353889465
3.9700000286102295,-6.353968143463135,0.8834320902824402
3.9749999046325684,-6.143094062805176,0.9166988730430603
3.9800000190734863,-6.647005081176758,0.9656999707221985
3.984999895095825,-6.053036212921143,1.022792935371399
3.990000009536743,-5.694465160369873,1.0524632930755615
3.994999885559082,-5.7813544273376465,1.056059718132019
4,-5.667377471923828,1.0695462226867676
4.005000114440918,-5.059157848358154,1.1014643907546997
4.010000228881836,-5.740035533905029,1.1284375190734863
4.014999866485596,-5.019697189331055,1.157208800315857
4.019999980926514,-4.900875568389893,1.188227891921997
4.025000095367432,-5.287680625915527,1.2169990539550781
4.03000020980835,-4.705814838409424,1.2408251762390137
4.034999847412109,-4.8496246337890625,1.2673486471176147
4.039999961853027,-4.535571098327637,1.2992668151855469
4.045000076293945,-4.483162879943848,1.3329832553863525
4.050000190734863,-4.0716233253479,1.3527634143829346
4.054999828338623,-4.389390468597412,1.354561686515808
4.059999942779541,-3.9945452213287354,1.3662500381469727
4.065000057220459,-4.1805548667907715,1.3855807781219482
4.070000171661377,-4.092087745666504,1.3990672826766968
4.074999809265137,-3.8478872776031494,1.4130033254623413
4.079999923706055,-3.812859058380127,1.4278385639190674
4.085000038146973,-3.694478750228882,1.4440224170684814
4.090000152587891,-3.739483594894409,1.45750892162323
4.09499979019165,-3.520599365234375,1.468298077583313
4.099999904632568,-3.8700644969940186,1.4741424322128296
4.105000019073486,-3.545163631439209,1.479986548423767
4.110000133514404,-3.40506911277771,1.4840325117111206
4.114999771118164,-3.84554386138916,1.4871792793273926
4.119999885559082,-3.3272242546081543,1.4921244382858276
4.125,-3.5968103408813477,1.4930235147476196
4.130000114440918,-3.8582143783569336,1.4961704015731812
4.135000228881836,-3.6218738555908203,1.4984180927276611
4.139999866485596,-3.793518543243408,1.4984182119369507
4.144999980926514,-4.082188129425049,1.4930236339569092
4.150000095367432,-3.8297157287597656,1.4853811264038086
4.15500020980835,-3.905876874923706,1.478188395500183
4.159999847412109,-4.1386399269104,1.4718945026397705
4.164999961853027,-3.9335856437683105,1.463353157043457
4.170000076293945,-4.127190113067627,1.4539124965667725
4.175000190734863,-4.399961948394775,1.444022536277771
4.179999828338623,-4.0217485427856445,1.4341323375701904
4.184999942779541,-4.319643020629883,1.420645833015442
4.190000057220459,-4.560413360595703,1.4031132459640503
4.195000171661377,-4.272421360015869,1.3891772031784058
4.199999809265137,-4.607573509216309,1.3707455396652222
4.204999923706055,-5.320750713348389,1.3514147996902466
4.210000038146973,-4.432366371154785,1.321294903755188
4.215000152587891,-4.421476364135742,1.2817343473434448
4.21999979019165,-5.3050336837768555,1.2583576440811157
4.224999904632568,-4.437651634216309,1.2547612190246582
4.230000019073486,-5.336611747741699,1.2430729866027832
4.235000133514404,-5.797477722167969,1.2143017053604126
4.239999771118164,-5.132001876831055,1.191824197769165
4.244999885559082,-5.236454963684082,1.165300726890564
4.25,-5.994631767272949,1.1369789838790894
4.255000114440918,-5.829166412353516,1.1127032041549683
4.260000228881836,-6.100335597991943,1.0897760391235352
4.264999866485596,-6.073730945587158,1.0623533725738525
4.269999980926514,-5.934429168701172,1.034031629562378
4.275000095367432,-6.653071403503418,1.0048109292984009
4.28000020980835,-6.799497604370117,0.9728927612304688
4.284999847412109,-6.917176246643066,0.9441215395927429
4.289999961853027,-6.755288600921631,0.9140015840530396
4.295000076293945,-7.459176540374756,0.8793860673904419
4.300000190734863,-7.675286769866943,0.845220148563385
4.304999828338623,-7.564887046813965,0.8159993886947632
4.309999942779541,-7.5421624183654785,0.7831820845603943
4.315000057220459,-7.61229133605957,0.7499152421951294
4.320000171661377,-7.7073845863342285,0.717547595500946
4.324999809265137,-8.575732231140137,0.6806843876838684
4.329999923706055,-8.071152687072754,0.6312336921691895
4.335000038146973,-9.015813827514648,0.5691956281661987
4.340000152587891,-9.078913688659668,0.5363783836364746
4.34499979019165,-9.055920600891113,0.5323324203491211
4.349999904632568,-9.189537048339844,0.515699028968811
4.355000019073486,-9.84667682647705,0.48557910323143005
4.360000133514404,-9.426316261291504,0.45635828375816345
4.364999771118164,-9.676475524902344,0.42803651094436646
4.369999885559082,-9.813176155090332,0.3974669873714447
4.375,-10.21557331085205,0.36644795536994934
4.380000114440918,-10.26535415649414,0.33318114280700684
4.385000228881836,-9.759941101074219,0.305758535861969
4.389999866485596,-10.274836540222168,0.275638610124588
4.394999980926514,-10.70156192779541,0.24372048676013947
4.400000095367432,-10.272181510925293,0.22124290466308594
4.40500020980835,-10.682276725769043,0.19966444373130798
4.409999847412109,-11.222753524780273,0.17134270071983337
4.414999961853027,-10.986310958862305,0.14436961710453033
4.420000076293945,-11.084859848022461,0.12279116362333298
4.425000190734863,-11.65447998046875,0.1070568859577179
4.429999828338623,-11.677628517150879,0.09132257848978043
4.434999942779541,-11.373946189880371,0.07064321637153625
4.440000057220459,-11.675291061401367,0.04951430484652519
4.445000171661377,-11.972062110900879,0.031532250344753265
4.449999809265137,-11.94151782989502,0.009953785687685013
4.454999923706055,-12.17400074005127,-0.009376920759677887
4.460000038146973,-11.923332214355469,-0.026909422129392624
4.465000152587891,-12.18552017211914,-0.04174461588263512
4.46999979019165,-12.475475311279297,-0.053432952612638474
4.474999904632568,-12.141458511352539,-0.06377262622117996
4.480000019073486,-12.548783302307129,-0.07725916802883148
4.485000133514404,-12.404112815856934,-0.08939705789089203
4.489999771118164,-12.355840682983398,-0.100186288356781
4.494999885559082,-12.499628067016602,-0.10962685942649841
4.5,-12.70939826965332,-0.11681968718767166
4.505000114440918,-12.390220642089844,-0.11906744539737701
4.510000228881836,-12.616283416748047,-0.12176475673913956
4.514999866485596,-12.61784839630127,-0.12715935707092285
4.519999980926514,-12.49889850616455,-0.13165488839149475
4.525000095367432,-12.57520866394043,-0.13615038990974426
4.53000020980835,-12.390703201293945,-0.13794860243797302
4.534999847412109,-12.127927780151367,-0.13704949617385864
4.539999961853027,-12.257739067077637,-0.1339026391506195
4.545000076293945,-12.23953914642334,-0.13075578212738037
4.550000190734863,-12.117818832397461,-0.12491161376237869
4.554999828338623,-12.270429611206055,-0.11816833913326263
4.559999942779541,-11.930611610412598,-0.1100764125585556
4.565000057220459,-12.160613059997559,-0.09973672777414322
4.570000171661377,-12.107890129089355,-0.0907457023859024
4.574999809265137,-11.916600227355957,-0.08040603250265121
4.579999923706055,-11.921945571899414,-0.06916724145412445
4.585000038146973,-11.844976425170898,-0.05613025650382042
4.590000152587891,-11.665404319763184,-0.04174461588263512
4.59499979019165,-11.630853652954102,-0.026909422129392624
4.599999904632568,-11.627998352050781,-0.012074228376150131
4.605000019073486,-11.617894172668457,0.005907824728637934
4.610000133514404,-11.09388256072998,0.024339430034160614
4.614999771118164,-11.488434791564941,0.04097282886505127
4.619999885559082,-11.043843269348145,0.06120263785123825
4.625,-10.828453063964844,0.08682705461978912
4.630000114440918,-11.302999496459961,0.10660731792449951
4.635000228881836,-10.707064628601074,0.12099295109510422
4.639999866485596,-10.548314094543457,0.1358281373977661
4.644999980926514,-10.841744422912598,0.15425975620746613
4.650000095367432,-10.089044570922852,0.1794346272945404
4.65500020980835,-10.152052879333496,0.20730681717395782
4.659999847412109,-10.2273588180542,0.23338079452514648
4.664999961853027,-10.26431655883789,0.2608034312725067
4.670000076293945,-9.504813194274902,0.2859782874584198
4.675000190734863,-9.950840950012207,0.31160271167755127
4.679999828338623,-9.337472915649414,0.34037402272224426
4.684999942779541,-9.407853126525879,0.37633809447288513
4.690000057220459,-9.48647403717041,0.4064580500125885
4.695000171661377,-9.146210670471191,0.4311833381652832
4.699999809265137,-9.02925968170166,0.46175289154052734
4.704999923706055,-8.752144813537598,0.49142327904701233
4.710000038146973,-8.747769355773926,0.517047643661499
4.715000152587891,-8.513046264648438,0.5467180609703064
4.71999979019165,-8.22304630279541,0.5768380165100098
4.724999904632568,-8.552922248840332,0.6024624705314636
4.730000019073486,-8.128135681152344,0.6348301768302917
4.735000133514404,-7.512248992919922,0.6694455742835999
4.739999771118164,-8.23243236541748,0.699565589427948
4.744999885559082,-7.320427894592285,0.7301350235939026
4.75,-6.908499717712402,0.760704517364502
4.755000114440918,-7.184194087982178,0.7885767221450806
4.760000228881836,-6.833725929260254,0.8151002526283264
4.764999866485596,-6.970745086669922,0.844321072101593
4.769999980926514,-6.627613544464111,0.8739914894104004
4.775000095367432,-6.029848098754883,0.903661847114563
4.78000020980835,-6.66402530670166,0.9297358393669128
4.784999847412109,-6.829436779022217,0.9544612169265747
4.789999961853027,-5.912615776062012,0.9836820363998413
4.795000076293945,-5.924943447113037,1.0088567733764648
4.800000190734863,-6.259437084197998,1.033132553100586
4.804999828338623,-5.774288654327393,1.0596561431884766
4.809999942779541,-5.302863597869873,1.0875283479690552
4.815000057220459,-5.812395095825195,1.1086572408676147
4.820000171661377,-5.281570911407471,1.1293365955352783
4.824999809265137,-5.571661472320557,1.149566411972046
4.829999923706055,-4.805941581726074,1.1711448431015015
4.835000038146973,-4.888522624969482,1.1954206228256226
4.840000152587891,-4.908231258392334,1.2143017053604126
4.84499979019165,-4.693216800689697,1.230485439300537
4.849999904632568,-4.616785526275635,1.2453206777572632
4.855000019073486,-4.877114295959473,1.2610549926757812
4.860000133514404,-4.872385025024414,1.2758901119232178
4.864999771118164,-4.602818012237549,1.2889270782470703
4.869999885559082,-4.569141387939453,1.3006155490875244
4.875,-4.3551249504089355,1.315001130104065
4.880000114440918,-4.290334701538086,1.3262399435043335
4.885000228881836,-4.350239276885986,1.3343318700790405
4.889999866485596,-4.285091400146484,1.3415247201919556
4.894999980926514,-4.4760422706604,1.3500661849975586
4.900000095367432,-4.181673049926758,1.3590571880340576
4.90500020980835,-4.122117519378662,1.3613049983978271
4.909999847412109,-4.249940872192383,1.3599562644958496
4.914999961853027,-4.240192413330078,1.3631031513214111
4.920000076293945,-4.1484880447387695,1.3675986528396606
4.925000190734863,-4.304407119750977,1.3716446161270142
4.929999828338623,-4.492210865020752,1.3729932308197021
4.934999942779541,-4.385481357574463,1.3693969249725342
4.940000057220459,-4.542111873626709,1.3626536130905151
4.945000171661377,-4.556736946105957,1.355910301208496
4.949999809265137,-4.658120155334473,1.3518643379211426
4.954999923706055,-4.834768295288086,1.3482680320739746
4.960000038146973,-4.4724202156066895,1.3433228731155396
4.965000152587891,-4.775781631469727,1.335680603981018
4.96999979019165,-4.6667304039001465,1.32444167137146
4.974999904632568,-4.7637715339660645,1.310955286026001
4.980000019073486,-4.908060550689697,1.2992668151855469
4.985000133514404,-5.324045658111572,1.2880280017852783
4.989999771118164,-4.928646087646484,1.2785874605178833
4.994999885559082,-5.108060359954834,1.2655504941940308
5,-5.421442985534668,1.2493666410446167
5.005000114440918,-5.012547969818115,1.2327332496643066
5.010000228881836,-5.332172393798828,1.2152009010314941
5.014999866485596,-5.62998628616333,1.1990171670913696
5.019999980926514,-5.466952323913574,1.1805853843688965
5.025000095367432,-5.691944599151611,1.159456491470337
5.03000020980835,-5.873561382293701,1.1360799074172974
5.034999847412109,-6.053202152252197,1.1104553937911987
5.039999961853027,-5.995436668395996,1.0875283479690552
5.045000076293945,-6.58925199508667,1.0672985315322876
5.050000190734863,-6.059854984283447,1.0457199811935425
5.054999828338623,-6.52076530456543,1.022792935371399
5.059999942779541,-6.921324253082275,0.9989667534828186
5.065000057220459,-6.675073623657227,0.9733422994613647
5.070000171661377,-7.251438140869141,0.9468187689781189
5.074999809265137,-7.319304466247559,0.9220934510231018
5.079999923706055,-6.484944820404053,0.8973681330680847
5.085000038146973,-7.257714748382568,0.8708446621894836
5.090000152587891,-7.999626159667969,0.8407247066497803
5.09499979019165,-7.201385021209717,0.8142011165618896
5.099999904632568,-7.130304336547852,0.7899253368377686
5.105000019073486,-8.447209358215332,0.761603593826294
5.110000133514404,-7.8515238761901855,0.7337314486503601
5.114999771118164,-7.917415618896484,0.7076574563980103
5.119999885559082,-8.770499229431152,0.6784366369247437
5.125,-8.269476890563965,0.649665355682373
5.130000114440918,-8.459540367126465,0.6190958619117737
5.135000228881836,-9.035143852233887,0.5912236571311951
5.139999866485596,-9.11848258972168,0.5655992031097412
5.144999980926514,-8.785991668701172,0.5345801711082458
5.150000095367432,-9.922717094421387,0.507607102394104
5.15500020980835,-9.026700019836426,0.4846799969673157
5.159999847412109,-9.171998977661133,0.46040424704551697
5.164999961853027,-9.997629165649414,0.4316329061985016
5.170000076293945,-9.81296443939209,0.4069075882434845
5.175000190734863,-9.669486045837402,0.382182240486145
5.179999828338623,-10.54681396484375,0.35206231474876404
5.184999942779541,-10.460620880126953,0.32688745856285095
5.190000057220459,-10.213337898254395,0.3039603531360626
5.195000171661377,-10.536043167114258,0.2805836796760559
5.199999809265137,-10.527549743652344,0.2581061124801636
5.204999923706055,-10.430500030517578,0.2329312264919281
5.210000038146973,-10.901866912841797,0.21000413596630096
5.215000152587891,-10.726344108581543,0.19157251715660095
5.21999979019165,-10.461661338806152,0.1749391257762909
5.224999904632568,-11.13662052154541,0.15875527262687683
5.230000019073486,-10.776473045349121,0.14032365381717682
5.235000133514404,-11.231476783752441,0.12548846006393433
5.239999771118164,-11.77696418762207,0.11424967646598816
5.244999885559082,-11.072239875793457,0.10346047580242157
5.25,-11.925888061523438,0.08862527459859848
5.255000114440918,-11.479191780090332,0.0778360441327095
5.260000228881836,-11.520827293395996,0.0683954730629921
5.264999866485596,-11.760802268981934,0.05356026813387871
5.269999980926514,-11.71671199798584,0.04277104139328003
5.275000095367432,-11.755475044250488,0.03378000855445862
5.28000020980835,-11.772699356079102,0.023889876902103424
5.284999847412109,-11.78803539276123,0.017596157267689705
5.289999961853027,-11.850020408630371,0.013999748975038528
5.295000076293945,-11.897242546081543,0.0072564780712127686
5.300000190734863,-11.882678031921387,-0.0012849968625232577
5.304999828338623,-11.812042236328125,-0.0026336507871747017
5.309999942779541,-11.874960899353027,-0.002184099517762661
5.315000057220459,-12.002495765686035,-0.003532753325998783
5.320000171661377,-11.757087707519531,-0.005780510138720274
5.324999809265137,-11.775527954101562,-0.007578715682029724
5.329999923706055,-11.678291320800781,-0.007578715682029724
5.335000038146973,-11.611647605895996,-0.006230061408132315
5.340000152587891,-11.760926246643066,-0.0044318558648228645
5.34499979019165,-11.553812026977539,-0.0012849968625232577
5.349999904632568,-11.544105529785156,0.006806926801800728
5.355000019073486,-11.569930076599121,0.016247503459453583
5.360000133514404,-11.346641540527344,0.025688083842396736
5.364999771118164,-11.385268211364746,0.031981803476810455
5.369999885559082,-11.520140647888184,0.036926865577697754
5.375,-11.121661186218262,0.04456924647092819
5.380000114440918,-11.29401969909668,0.05580802634358406
5.385000228881836,-11.213526725769043,0.06974411755800247
5.389999866485596,-11.041976928710938,0.08502886444330215
5.394999980926514,-11.124666213989258,0.09941449016332626
5.400000095367432,-11.223345756530762,0.11155237257480621
5.40500020980835,-10.51298999786377,0.12099295109510422
5.409999847412109,-11.14976978302002,0.1268371194601059
5.414999961853027,-10.995060920715332,0.1407732218503952
5.420000076293945,-10.254847526550293,0.16100303828716278
5.425000190734863,-10.612262725830078,0.17673733830451965
5.429999828338623,-10.74107551574707,0.1942698359489441
5.434999942779541,-9.7622709274292,0.21629783511161804
5.440000057220459,-10.731945037841797,0.2369772046804428
5.445000171661377,-10.22497272491455,0.2563078999519348
5.449999809265137,-9.810538291931152,0.2774368226528168
5.454999923706055,-10.084795951843262,0.29811617732048035
5.460000038146973,-9.924600601196289,0.3237406015396118
5.465000152587891,-9.193316459655762,0.34666773676872253
5.46999979019165,-9.938640594482422,0.36599844694137573
5.474999904632568,-8.94973373413086,0.3884759843349457
5.480000019073486,-9.238414764404297,0.41185262799263
5.485000133514404,-9.396064758300781,0.4361284375190735
5.489999771118164,-8.889627456665039,0.46624839305877686
5.494999885559082,-8.768524169921875,0.49412059783935547
5.5,-9.137454986572266,0.515699028968811
5.505000114440918,-8.637007713317871,0.5399748086929321
5.510000228881836,-7.858845233917236,0.5655992031097412
5.514999866485596,-8.63144302368164,0.5876272916793823
5.519999980926514,-7.949090003967285,0.6154994368553162
5.525000095367432,-7.688540458679199,0.641573429107666
5.53000020980835,-7.915645122528076,0.6645005345344543
5.534999847412109,-7.519856929779053,0.692822277545929
5.539999961853027,-7.41203498840332,0.717547595500946
5.545000076293945,-7.812885761260986,0.7395756244659424
5.550000190734863,-7.1785712242126465,0.7652000188827515
5.554999828338623,-6.898250579833984,0.7953199744224548
5.559999942779541,-7.350427150726318,0.8137515783309937
5.565000057220459,-7.1275634765625,0.834880530834198
5.570000171661377,-6.5003204345703125,0.8627526760101318
5.574999809265137,-6.944000244140625,0.8861293196678162
5.579999923706055,-6.537759780883789,0.910405158996582
5.585000038146973,-6.556771278381348,0.9342314004898071
5.590000152587891,-6.465608596801758,0.9531125426292419
5.59499979019165,-6.215756416320801,0.9742414355278015
5.599999904632568,-6.080076694488525,0.9944712519645691
5.605000019073486,-6.311679840087891,1.0138019323349
5.610000133514404,-5.8293890953063965,1.0353803634643555
5.614999771118164,-5.73540735244751,1.0538119077682495
5.619999885559082,-6.128894329071045,1.067747950553894
5.625,-5.247735500335693,1.0852805376052856
5.630000114440918,-5.663867950439453,1.1032625436782837
5.635000228881836,-5.329250335693359,1.1189969778060913
5.639999866485596,-5.62460470199585,1.137428641319275
5.644999980926514,-5.241092681884766,1.148667335510254
5.650000095367432,-5.459885120391846,1.158557415008545
5.65500020980835,-5.0421319007873535,1.1733925342559814
5.659999847412109,-4.929360866546631,1.187778353691101
5.664999961853027,-5.406913757324219,1.198117971420288
5.670000076293945,-4.6783528327941895,1.2066594362258911
5.675000190734863,-5.070383548736572,1.2134026288986206
5.679999828338623,-5.003127098083496,1.219246745109558
5.684999942779541,-4.84407377243042,1.2264394760131836
5.690000057220459,-5.011179447174072,1.231384515762329
5.695000171661377,-4.956790447235107,1.2331827878952026
5.699999809265137,-4.821097373962402,1.2381278276443481
5.704999923706055,-4.89851188659668,1.2403756380081177
5.710000038146973,-5.0632219314575195,1.2457702159881592
5.715000152587891,-4.753261566162109,1.2516144514083862
5.71999979019165,-5.123037815093994,1.2547612190246582
5.724999904632568,-5.231774806976318,1.2552107572555542
5.730000019073486,-4.9817938804626465,1.2529630661010742
5.735000133514404,-5.18056583404541,1.2489171028137207
5.739999771118164,-5.286713600158691,1.2417242527008057
5.744999885559082,-5.052350997924805,1.2358801364898682
5.75,-5.2677106857299805,1.2322837114334106
5.755000114440918,-5.308471202850342,1.2255403995513916
5.760000228881836,-5.312616348266602,1.219246745109558
5.764999866485596,-5.477946758270264,1.211154818534851
5.769999980926514,-5.476663589477539,1.2021639347076416
5.775000095367432,-5.269733428955078,1.1922738552093506
5.78000020980835,-5.532719135284424,1.1796863079071045
5.784999847412109,-5.5600080490112305,1.168447494506836
5.789999961853027,-5.706499099731445,1.157208800315857
5.795000076293945,-5.827762126922607,1.1455204486846924
5.800000190734863,-5.632238388061523,1.1306852102279663
5.804999828338623,-5.844815731048584,1.1140518188476562
5.809999942779541,-5.984006881713867,1.0996662378311157
5.815000057220459,-5.887999057769775,1.0843814611434937
5.820000171661377,-6.315197467803955,1.0699957609176636
5.824999809265137,-6.045430660247803,1.0547109842300415
5.829999923706055,-6.0308027267456055,1.0362794399261475
5.835000038146973,-6.737697124481201,1.0169486999511719
5.840000152587891,-6.493480682373047,0.9980676174163818
5.84499979019165,-6.689687728881836,0.978287398815155
5.849999904632568,-6.946855068206787,0.9567089676856995
5.855000019073486,-7.024871349334717,0.9360295534133911
5.860000133514404,-6.6002020835876465,0.9180475473403931
5.864999771118164,-6.997779846191406,0.896468997001648
5.869999885559082,-7.666090965270996,0.8735418915748596
5.875,-7.133080005645752,0.8528625965118408
5.880000114440918,-7.805732250213623,0.8294858932495117
5.885000228881836,-7.362682342529297,0.8083569407463074
5.889999866485596,-7.563252925872803,0.7867785096168518
5.894999980926514,-7.899447917938232,0.7620531320571899
5.900000095367432,-8.076250076293945,0.7386764883995056
5.90500020980835,-7.968477725982666,0.71709805727005
5.909999847412109,-8.543401718139648,0.6950700879096985
5.914999961853027,-8.437469482421875,0.6716933250427246
5.920000076293945,-8.24291706085205,0.650564432144165
5.925000190734863,-8.665765762329102,0.6276373267173767
5.929999828338623,-9.398365020751953,0.6033615469932556
5.934999942779541,-8.468521118164062,0.5795353055000305
5.940000057220459,-8.900421142578125,0.5561586022377014
5.945000171661377,-9.258042335510254,0.5341306328773499
5.949999809265137,-8.989721298217773,0.5143503546714783
5.954999923706055,-9.240303039550781,0.4936710298061371
5.960000038146973,-9.39889907836914,0.46759703755378723
5.965000152587891,-9.64909839630127,0.44242212176322937
5.96999979019165,-9.758529663085938,0.42399051785469055
5.974999904632568,-9.752721786499023,0.40465983748435974
5.980000019073486,-9.739354133605957,0.3844299912452698
5.985000133514404,-9.90158462524414,0.3646497428417206
5.989999771118164,-10.133400917053223,0.343520849943161
5.994999885559082,-10.228967666625977,0.3241901397705078
6,-10.284656524658203,0.3062081038951874
6.005000114440918,-10.25604248046875,0.28822603821754456
6.010000228881836,-10.331015586853027,0.274739533662796
6.014999866485596,-10.47875690460205,0.25900521874427795
6.019999980926514,-10.725885391235352,0.24102316796779633
6.025000095367432,-10.475375175476074,0.22573842108249664
6.03000020980835,-10.807332992553711,0.21135278046131134
6.034999847412109,-10.841135025024414,0.1947193741798401
6.039999961853027,-10.734192848205566,0.1794346421957016
6.045000076293945,-11.15561294555664,0.1690949648618698
6.050000190734863,-10.872572898864746,0.15920482575893402
6.054999828338623,-10.923425674438477,0.14796604216098785
6.059999942779541,-11.384966850280762,0.1367272436618805
6.065000057220459,-11.249309539794922,0.1308830827474594
6.070000171661377,-11.083792686462402,0.12503890693187714
6.074999809265137,-11.305520057678223,0.12009384483098984
6.079999923706055,-11.168442726135254,0.11739654839038849
6.085000038146973,-11.2835693359375,0.11065328866243362
6.090000152587891,-11.344568252563477,0.10975417494773865
6.09499979019165,-11.191800117492676,0.11110283434391022
6.099999904632568,-11.357744216918945,0.10885506868362427
6.105000019073486,-11.291825294494629,0.10525865852832794
6.110000133514404,-11.170247077941895,0.10480909794569016
6.114999771118164,-11.293034553527832,0.10525865852832794
6.119999885559082,-11.149897575378418,0.10435955226421356
6.125,-10.997188568115234,0.10660731792449951
6.130000114440918,-11.048637390136719,0.10795598477125168
6.135000228881836,-11.016283988952637,0.10750643163919449
6.139999866485596,-10.989782333374023,0.10750642418861389
6.144999980926514,-11.127311706542969,0.11020372807979584
6.150000095367432,-10.934806823730469,0.11469922959804535
6.15500020980835,-10.864598274230957,0.11829563975334167
6.159999847412109,-11.016437530517578,0.12369026243686676
6.164999961853027,-10.752065658569336,0.12908488512039185
6.170000076293945,-10.685078620910645,0.13358038663864136
6.175000190734863,-10.716282844543457,0.14347052574157715
6.179999828338623,-10.668184280395508,0.15470930933952332
6.184999942779541,-10.457235336303711,0.16639764606952667
6.190000057220459,-10.619993209838867,0.17538867890834808
6.195000171661377,-10.306577682495117,0.18707701563835144
6.199999809265137,-10.473957061767578,0.20101310312747955
6.204999923706055,-10.538601875305176,0.21449963748455048
6.210000038146973,-10.262123107910156,0.2275366336107254
6.215000152587891,-10.07674789428711,0.24417003989219666
6.21999979019165,-10.13052749633789,0.2608034312725067
6.224999904632568,-9.8280029296875,0.2760881781578064
6.230000019073486,-9.872429847717285,0.29317110776901245
6.235000133514404,-10.07856273651123,0.31205224990844727
6.239999771118164,-9.580292701721191,0.33183252811431885
6.244999885559082,-9.604388236999512,0.3480163514614105
6.25,-9.790643692016602,0.3628515601158142
6.255000114440918,-9.044584274291992,0.3835309147834778
6.260000228881836,-9.218103408813477,0.4024120569229126
6.264999866485596,-9.532647132873535,0.42039409279823303
6.269999980926514,-9.038440704345703,0.4410735070705414
6.275000095367432,-9.034849166870117,0.4595051109790802
6.28000020980835,-8.931609153747559,0.4779367446899414
6.284999847412109,-8.653865814208984,0.4972674250602722
6.289999961853027,-8.725055694580078,0.517047643661499
6.295000076293945,-8.666383743286133,0.5372774600982666
6.300000190734863,-8.526453971862793,0.5611037015914917
6.304999828338623,-8.495806694030762,0.5804344415664673
6.309999942779541,-8.12574291229248,0.5984164476394653
6.315000057220459,-8.128120422363281,0.6190958619117737
6.320000171661377,-7.904726028442383,0.6415733695030212
6.324999809265137,-7.988133907318115,0.6622527837753296
6.329999923706055,-7.7304277420043945,0.6802348494529724
6.335000038146973,-7.578901290893555,0.6991159915924072
6.340000152587891,-7.634951114654541,0.7202449440956116
6.34499979019165,-7.7200212478637695,0.7445206642150879
6.349999904632568,-7.089352130889893,0.7678973078727722
6.355000019073486,-7.135257720947266,0.787677526473999
6.360000133514404,-7.18710470199585,0.8025128245353699
6.364999771118164,-7.206519603729248,0.8182470798492432
6.369999885559082,-6.9398369789123535,0.8402751088142395
6.375,-6.788110733032227,0.8609545230865479
6.380000114440918,-6.922610282897949,0.8784870505332947
6.385000228881836,-6.67439603805542,0.894221305847168
6.389999866485596,-6.40710973739624,0.9126529097557068
6.394999980926514,-6.734974384307861,0.9279376864433289
6.400000095367432,-6.491945266723633,0.9468188285827637
6.40500020980835,-6.134002208709717,0.9639017581939697
6.409999847412109,-6.430338382720947,0.9746909737586975
6.414999961853027,-6.3120951652526855,0.9890766739845276
6.420000076293945,-5.663035869598389,1.0052603483200073
6.425000190734863,-6.236961841583252,1.0169488191604614
6.429999828338623,-5.860217571258545,1.0299856662750244
6.434999942779541,-5.704578399658203,1.0452704429626465
6.440000057220459,-6.1062703132629395,1.0551605224609375
6.445000171661377,-5.855569839477539,1.064601182937622
6.449999809265137,-5.369105339050293,1.073592185974121
6.454999923706055,-5.947335243225098,1.0839319229125977
6.460000038146973,-5.777211666107178,1.0924733877182007
6.465000152587891,-5.3084917068481445,1.1014643907546997
6.46999979019165,-5.904518127441406,1.1041616201400757
6.474999904632568,-5.503906726837158,1.1113544702529907
6.480000019073486,-5.3710455894470215,1.1189968585968018
6.485000133514404,-5.459176540374756,1.1221437454223633
6.489999771118164,-5.377399444580078,1.1297861337661743
6.494999885559082,-5.3115034103393555,1.1365294456481934
6.5,-5.655675888061523,1.1374285221099854
6.505000114440918,-5.571647644042969,1.1383275985717773
6.510000228881836,-5.523136138916016,1.1365293264389038
6.514999866485596,-5.800998687744141,1.1329330205917358
6.519999980926514,-5.589419364929199,1.1360797882080078
6.525000095367432,-5.731876850128174,1.1365293264389038
6.53000020980835,-5.794765472412109,1.1302356719970703
6.534999847412109,-5.574422359466553,1.1270889043807983
6.539999961853027,-5.837772369384766,1.1270889043807983
6.545000076293945,-6.008927345275879,1.1243915557861328
6.550000190734863,-5.660304069519043,1.1180977821350098
6.554999828338623,-5.980173587799072,1.1104553937911987
6.559999942779541,-6.146529197692871,1.1014643907546997
6.565000057220459,-5.738953113555908,1.0947210788726807
6.570000171661377,-6.087628364562988,1.0879777669906616
6.574999809265137,-6.208925247192383,1.0794363021850586
6.579999923706055,-6.028244972229004,1.0704452991485596
6.585000038146973,-6.238307476043701,1.0596561431884766
6.590000152587891,-6.29062032699585,1.0511146783828735
6.59499979019165,-6.003683090209961,1.040325403213501
6.599999904632568,-6.440386772155762,1.025040626525879
6.605000019073486,-6.530754089355469,1.0079575777053833
6.610000133514404,-6.137238025665283,0.9944712519645691
6.614999771118164,-6.756499767303467,0.9827829003334045
6.619999885559082,-6.793891429901123,0.9715441465377808
6.625,-6.163185119628906,0.961654007434845
6.630000114440918,-7.081162929534912,0.9490665793418884
6.635000228881836,-7.212820529937744,0.9342314004898071
6.639999866485596,-6.433731555938721,0.9171484112739563
6.644999980926514,-7.250585556030273,0.8964690566062927
6.650000095367432,-7.582674503326416,0.8789365291595459
6.65500020980835,-6.9117913246154785,0.8654500246047974
6.659999847412109,-7.496363639831543,0.8479174971580505
6.664999961853027,-8.169697761535645,0.829036295413971
6.670000076293945,-7.240828990936279,0.8151001930236816
6.675000190734863,-7.819024085998535,0.7944208383560181
6.679999828338623,-8.094365119934082,0.7737414836883545
6.684999942779541,-7.1746697425842285,0.7589063048362732
6.690000057220459,-8.264516830444336,0.7404747009277344
6.695000171661377,-8.239232063293457,0.7202449440956116
6.699999809265137,-7.894914150238037,0.7040610909461975
6.704999923706055,-8.53238582611084,0.6856294870376587
6.710000038146973,-8.28238582611084,0.6662987470626831
6.715000152587891,-8.279656410217285,0.6492157578468323
6.71999979019165,-8.855838775634766,0.6321328282356262
6.724999904632568,-8.639610290527344,0.6163985133171082
6.730000019073486,-8.498868942260742,0.5979669094085693
6.735000133514404,-8.988887786865234,0.5790857672691345
6.739999771118164,-8.854039192199707,0.5602046251296997
6.744999885559082,-9.081742286682129,0.5422224998474121
6.75,-9.098196983337402,0.5219927430152893
6.755000114440918,-9.355988502502441,0.5058088898658752
6.760000228881836,-8.983282089233398,0.49052420258522034
6.764999866485596,-9.379586219787598,0.47568899393081665
6.769999980926514,-9.706321716308594,0.4586060345172882
6.775000095367432,-9.129082679748535,0.44242215156555176
6.78000020980835,-9.848895072937012,0.4248896539211273
6.784999847412109,-9.74532413482666,0.4069075882434845
6.789999961853027,-9.640701293945312,0.3916228413581848
6.795000076293945,-9.854578971862793,0.373640775680542
6.800000190734863,-10.161224365234375,0.3579064905643463
6.804999828338623,-9.849088668823242,0.34666770696640015
6.809999942779541,-10.10793399810791,0.33093342185020447
6.815000057220459,-10.184831619262695,0.31699731945991516
6.820000171661377,-10.117671012878418,0.3066576421260834
6.824999809265137,-10.215827941894531,0.29676753282546997
6.829999923706055,-10.339204788208008,0.2864278554916382
6.835000038146973,-10.198960304260254,0.27878546714782715
6.840000152587891,-10.468074798583984,0.2697944641113281
6.84499979019165,-10.53803539276123,0.26035386323928833
6.849999904632568,-10.519466400146484,0.24956464767456055
6.855000019073486,-10.751936912536621,0.24057361483573914
6.860000133514404,-10.713111877441406,0.23338079452514648
6.864999771118164,-10.493927955627441,0.2324816882610321
6.869999885559082,-10.834878921508789,0.2284357249736786
6.875,-10.692809104919434,0.2180960476398468
6.880000114440918,-10.47984790802002,0.21000413596630096
6.885000228881836,-10.843968391418457,0.20775637030601501
6.889999866485596,-10.702876091003418,0.20505906641483307
6.894999980926514,-10.63162899017334,0.2032608538866043
6.900000095367432,-10.86782455444336,0.20236174762248993
6.90500020980835,-10.653098106384277,0.2032608538866043
6.909999847412109,-10.566315650939941,0.20460951328277588
6.914999961853027,-10.68005084991455,0.20460951328277588
6.920000076293945,-10.530259132385254,0.20505906641483307
6.925000190734863,-10.470970153808594,0.2077563852071762
6.929999828338623,-10.540142059326172,0.20955458283424377
6.934999942779541,-10.284065246582031,0.21090322732925415
6.940000057220459,-10.262100219726562,0.21719695627689362
6.945000171661377,-10.138596534729004,0.22573842108249664
6.949999809265137,-10.420044898986816,0.23068347573280334
6.954999923706055,-10.131231307983398,0.23113302886486053
6.960000038146973,-10.432333946228027,0.23607809841632843
6.965000152587891,-10.064967155456543,0.24461957812309265
6.96999979019165,-10.191320419311523,0.2509132921695709
6.974999904632568,-10.309659004211426,0.25540879368782043
6.980000019073486,-9.864901542663574,0.26439982652664185
6.985000133514404,-10.05734634399414,0.2769872546195984
6.989999771118164,-9.993097305297852,0.28867557644844055
6.994999885559082,-9.841248512268066,0.2999143898487091
7,-9.861919403076172,0.3102540671825409
7.005000114440918,-9.825090408325195,0.31789642572402954
7.010000228881836,-9.705798149108887,0.32598838210105896
7.014999866485596,-9.767304420471191,0.3376767039299011
7.019999980926514,-9.69001293182373,0.3529614508152008
7.025000095367432,-9.390752792358398,0.3668975234031677
7.03000020980835,-9.4430570602417,0.3817327320575714
7.034999847412109,-9.490570068359375,0.39476969838142395
7.039999961853027,-9.287826538085938,0.4082562327384949
7.045000076293945,-9.110325813293457,0.4248896539211273
7.050000190734863,-9.347294807434082,0.440623939037323
7.054999828338623,-9.000482559204102,0.4559086859226227
7.059999942779541,-8.96529769897461,0.47119346261024475
7.065000057220459,-8.954785346984863,0.4842304587364197
7.070000171661377,-9.067442893981934,0.4981665313243866
7.074999809265137,-8.75294303894043,0.515699028968811
7.079999923706055,-8.36429500579834,0.5314332842826843
7.085000038146973,-8.698163986206055,0.5467180609703064
7.090000152587891,-8.425192832946777,0.5629019141197205
7.09499979019165,-8.200298309326172,0.5804343819618225
7.099999904632568,-8.367905616760254,0.5934714078903198
7.105000019073486,-8.143556594848633,0.6092056632041931
7.110000133514404,-7.953430652618408,0.6289859414100647
7.114999771118164,-8.359051704406738,0.6469680070877075
7.119999885559082,-7.703742027282715,0.6649500727653503
7.125,-7.617133140563965,0.6811339259147644
7.130000114440918,-8.283682823181152,0.6950700283050537
7.135000228881836,-7.102203845977783,0.7099052667617798
7.139999866485596,-7.640678882598877,0.7242909073829651
7.144999980926514,-7.8304829597473145,0.7386764883995056
7.150000095367432,-7.276613235473633,0.7580071687698364
7.15500020980835,-7.141932010650635,0.7732919454574585
7.159999847412109,-7.608447551727295,0.784980297088623
7.164999961853027,-6.7585272789001465,0.8011641502380371
7.170000076293945,-7.165055751800537,0.8151002526283264
7.175000190734863,-7.2633514404296875,0.8281371593475342
7.179999828338623,-7.093526840209961,0.844770610332489
7.184999942779541,-6.8952460289001465,0.8587067723274231
7.190000057220459,-7.133397579193115,0.8681473135948181
7.195000171661377,-6.520705223083496,0.8793861269950867
7.199999809265137,-6.5721025466918945,0.8928726315498352
7.204999923706055,-6.9194512367248535,0.9045609831809998
7.210000038146973,-6.429624080657959,0.9149006605148315
7.215000152587891,-6.584815502166748,0.9265890121459961
7.21999979019165,-6.746783256530762,0.9355800747871399
7.224999904632568,-6.2145609855651855,0.9450206160545349
7.230000019073486,-6.426347255706787,0.9549107551574707
7.235000133514404,-6.607999324798584,0.9634522199630737
7.239999771118164,-6.13492488861084,0.9746910333633423
7.244999885559082,-6.237634181976318,0.9814342856407166
7.25,-6.349091529846191,0.9877280592918396
7.255000114440918,-5.9534406661987305,0.9962694644927979
7.260000228881836,-6.219608306884766,1.0012145042419434
7.264999866485596,-6.2753095626831055,1.0070585012435913
7.269999980926514,-6.029599666595459,1.0138018131256104
7.275000095367432,-6.361812114715576,1.0156000852584839
7.28000020980835,-6.01400089263916,1.0160496234893799
7.284999847412109,-5.985752105712891,1.0191965103149414
7.289999961853027,-6.284657001495361,1.0214442014694214
7.295000076293945,-6.102874279022217,1.021893858909607
7.300000190734863,-6.057004451751709,1.0205451250076294
7.304999828338623,-6.345702648162842,1.0200955867767334
7.309999942779541,-6.199571132659912,1.0223432779312134
7.315000057220459,-6.239719867706299,1.0214442014694214
7.320000171661377,-6.464298725128174,1.0187469720840454
7.324999809265137,-6.2223052978515625,1.0205451250076294
7.329999923706055,-6.345530033111572,1.0205451250076294
7.335000038146973,-6.590367794036865,1.0178478956222534
7.340000152587891,-6.3106465339660645,1.0138019323349
7.34499979019165,-6.335824966430664,1.0093063116073608
7.349999904632568,-6.588428974151611,1.0043612718582153
7.355000019073486,-6.37544584274292,0.9998658895492554
7.360000133514404,-6.393859386444092,0.9949207901954651
7.364999771118164,-6.797614097595215,0.9886271357536316
7.369999885559082,-6.559357643127441,0.9809847474098206
7.375,-6.552154541015625,0.9733423590660095
7.380000114440918,-6.8603386878967285,0.962103545665741
7.385000228881836,-6.54226016998291,0.9544612169265747
7.389999866485596,-6.806644439697266,0.9450206160545349
7.394999980926514,-7.0112223625183105,0.9319835901260376
7.400000095367432,-6.842248439788818,0.9247907996177673
7.40500020980835,-6.780524730682373,0.9175980091094971
7.409999847412109,-7.18738317489624,0.9081574082374573
7.414999961853027,-6.920736789703369,0.8987168073654175
7.420000076293945,-7.105871200561523,0.8829824924468994
7.425000190734863,-7.407790660858154,0.8685968518257141
7.429999828338623,-7.082369327545166,0.8605049252510071
7.434999942779541,-7.331838607788086,0.8479174971580505
7.440000057220459,-7.675027847290039,0.8335317969322205
7.445000171661377,-7.43718957901001,0.8258894681930542
7.449999809265137,-7.3744025230407715,0.8164488673210144
7.454999923706055,-7.775195121765137,0.8007146120071411
7.460000038146973,-7.4762678146362305,0.7836316227912903
7.465000152587891,-7.749802112579346,0.769695520401001
7.46999979019165,-7.853686809539795,0.7548603415489197
7.474999904632568,-7.9595770835876465,0.7418233156204224
7.480000019073486,-8.036001205444336,0.7305845618247986
7.485000133514404,-7.938127040863037,0.7184467315673828
7.489999771118164,-8.160055160522461,0.7031620144844055
7.494999885559082,-8.37934398651123,0.6851798892021179
7.5,-8.001667976379395,0.6707942485809326
7.505000114440918,-8.448945045471191,0.6568581461906433
7.510000228881836,-8.790240287780762,0.6411238312721252
7.514999866485596,-8.27480697631836,0.6289859414100647
7.519999980926514,-8.64317512512207,0.6177471876144409
7.525000095367432,-8.781122207641602,0.6029120087623596
7.53000020980835,-8.699893951416016,0.5912236571311951
7.534999847412109,-8.657035827636719,0.5786362290382385
7.539999961853027,-9.092702865600586,0.5655992031097412
7.545000076293945,-8.964682579040527,0.5534613728523254
7.550000190734863,-8.87905502319336,0.5386261343955994
7.554999828338623,-9.075887680053711,0.526038646697998
7.559999942779541,-9.276322364807129,0.5139008164405823
7.565000057220459,-9.081180572509766,0.5017629265785217
7.570000171661377,-9.19130802154541,0.4878268837928772
7.574999809265137,-9.549307823181152,0.47164303064346313
7.579999923706055,-9.119925498962402,0.4590555727481842
7.585000038146973,-9.427912712097168,0.45186275243759155
7.590000152587891,-9.720638275146484,0.44197261333465576
7.59499979019165,-9.426734924316406,0.4257887303829193
7.599999904632568,-9.499106407165527,0.41365084052085876
7.605000019073486,-9.822842597961426,0.4069075584411621
7.610000133514404,-9.61522102355957,0.3970174491405487
7.614999771118164,-9.709141731262207,0.38622820377349854
7.619999885559082,-9.961803436279297,0.37588855624198914
7.625,-9.763870239257812,0.3677966296672821
7.630000114440918,-9.883769989013672,0.36150291562080383
7.635000228881836,-10.025629043579102,0.35655784606933594
7.639999866485596,-9.818827629089355,0.3480163514614105
7.644999980926514,-9.924747467041016,0.34172263741493225
7.650000095367432,-10.049947738647461,0.3385757803916931
7.65500020980835,-9.96927261352539,0.3331811726093292
7.659999847412109,-10.034764289855957,0.3241901695728302
7.664999961853027,-10.058215141296387,0.3196946382522583
7.670000076293945,-9.960897445678711,0.31789645552635193
7.675000190734863,-9.989109992980957,0.31699734926223755
7.679999828338623,-10.124321937561035,0.31340092420578003
7.684999942779541,-10.203332901000977,0.31250181794166565
7.690000057220459,-10.239900588989258,0.31250181794166565
7.695000171661377,-10.191022872924805,0.31340092420578003
7.699999809265137,-9.992718696594238,0.31295138597488403
7.704999923706055,-9.963655471801758,0.3107036352157593
7.710000038146973,-9.976085662841797,0.3102540671825409
7.715000152587891,-9.901391983032227,0.3098045289516449
7.71999979019165,-9.837220191955566,0.31205227971076965
7.724999904632568,-9.777517318725586,0.3156486749649048
7.730000019073486,-9.816217422485352,0.3201441764831543
7.735000133514404,-9.841094970703125,0.32149285078048706
7.739999771118164,-9.827679634094238,0.3241901695728302
7.744999885559082,-9.810198783874512,0.32598838210105896
7.75,-9.766430854797363,0.33228209614753723
7.755000114440918,-9.645269393920898,0.34082356095314026
7.760000228881836,-9.71134090423584,0.344869464635849
7.764999866485596,-9.62872314453125,0.34756678342819214
7.769999980926514,-9.565607070922852,0.3529614210128784
7.775000095367432,-9.535772323608398,0.3583560585975647
7.78000020980835,-9.546247482299805,0.36464977264404297
7.784999847412109,-9.454232215881348,0.37453991174697876
7.789999961853027,-9.496270179748535,0.381283164024353
7.795000076293945,-9.488097190856934,0.3871273100376129
7.800000190734863,-9.431740760803223,0.3961183428764343
7.804999828338623,-9.419285774230957,0.4082562327384949
7.809999942779541,-9.260144233703613,0.4172472655773163
7.815000057220459,-9.137503623962402,0.42399054765701294
7.820000171661377,-9.266372680664062,0.43298158049583435
7.824999809265137,-9.096893310546875,0.44332125782966614
7.829999923706055,-8.969559669494629,0.4550096094608307
7.835000038146973,-9.136491775512695,0.4653492867946625
7.840000152587891,-8.7819185256958,0.477037638425827
7.84499979019165,-8.923384666442871,0.48962506651878357
7.849999904632568,-8.88438606262207,0.49861612915992737
7.855000019073486,-8.967157363891602,0.5062584280967712
7.860000133514404,-8.365143775939941,0.5183963179588318
7.864999771118164,-8.782085418701172,0.5318828821182251
7.869999885559082,-8.738937377929688,0.5435711741447449
7.875,-8.375040054321289,0.5561586618423462
7.880000114440918,-8.311433792114258,0.5687460899353027
7.885000228881836,-8.450791358947754,0.5808839797973633
7.889999866485596,-8.158953666687012,0.5925722718238831
7.894999980926514,-8.178864479064941,0.6038110852241516
7.900000095367432,-8.20724105834961,0.6146003007888794
7.90500020980835,-7.941405296325684,0.6276373267173767
7.909999847412109,-8.126794815063477,0.6393256783485413
7.914999961853027,-8.077571868896484,0.651013970375061
7.920000076293945,-7.82794713973999,0.6645005345344543
7.925000190734863,-7.877370834350586,0.6757393479347229
7.929999828338623,-7.980360507965088,0.6869781017303467
7.934999942779541,-7.541253089904785,0.700914204120636
7.940000057220459,-7.46826171875,0.7157493829727173
7.945000171661377,-7.9861369132995605,0.7247404456138611
7.949999809265137,-7.345500946044922,0.7350800633430481
7.954999923706055,-7.435301303863525,0.7467684149742126
7.960000038146973,-7.6242170333862305,0.7589063048362732
7.965000152587891,-7.19797420501709,0.7723928093910217
7.96999979019165,-7.409066200256348,0.7795856595039368
7.974999904632568,-7.354227066040039,0.7876775860786438
7.980000019073486,-7.014082908630371,0.7966686487197876
7.985000133514404,-7.335347652435303,0.8038614392280579
7.989999771118164,-7.2447099685668945,0.8133020401000977
7.994999885559082,-7.055300235748291,0.8236417174339294
8,-6.915674209594727,0.8317336440086365
8.005000114440918,-7.164322853088379,0.8416237831115723
8.010000228881836,-6.8233747482299805,0.8506147861480713
8.015000343322754,-6.942535877227783,0.8596058487892151
8.020000457763672,-6.918551921844482,0.8694959282875061
8.024999618530273,-6.809966564178467,0.8753401637077332
8.029999732971191,-6.927757263183594,0.8766888380050659
8.03499984741211,-6.8399457931518555,0.8789365291595459
8.039999961853027,-6.782628059387207,0.8856797814369202
8.045000076293945,-6.755338668823242,0.8924230933189392
8.050000190734863,-6.705008029937744,0.8978176712989807
8.055000305175781,-6.69040060043335,0.8987167477607727
8.0600004196167,-6.648158550262451,0.901863694190979
8.0649995803833,-6.6070556640625,0.9077078700065613
8.069999694824219,-6.702695846557617,0.910854697227478
8.074999809265137,-6.686047554016113,0.912203311920166
8.079999923706055,-6.662703990936279,0.9144510626792908
8.085000038146973,-6.719930648803711,0.9144510626792908
8.09000015258789,-6.662373065948486,0.9149006605148315
8.095000267028809,-6.682400703430176,0.9153502583503723
8.100000381469727,-6.785578727722168,0.9149006009101868
8.104999542236328,-6.745534420013428,0.9149006605148315
8.109999656677246,-6.821109294891357,0.9175979495048523
8.114999771118164,-6.964341163635254,0.920295238494873
8.119999885559082,-6.990417957305908,0.9202952980995178
8.125,-6.904938697814941,0.9157997369766235
8.130000114440918,-6.8651204109191895,0.910405158996582
8.135000228881836,-6.950861930847168,0.90950608253479
8.140000343322754,-7.040693283081055,0.9054601192474365
8.145000457763672,-6.9698333740234375,0.901863694190979
8.149999618530273,-6.974881649017334,0.8982672691345215
8.154999732971191,-7.105811595916748,0.893322229385376
8.15999984741211,-7.057270526885986,0.8883771300315857
8.164999961853027,-7.03400182723999,0.8811842799186707
8.170000076293945,-7.226749897003174,0.8757897019386292
8.175000190734863,-7.217321395874023,0.8703951239585876
8.180000305175781,-7.176658630371094,0.8600553870201111
8.1850004196167,-7.24301290512085,0.8470184206962585
8.1899995803833,-7.505789279937744,0.842522919178009
8.194999694824219,-7.252315044403076,0.8411742448806763
8.199999809265137,-7.499992847442627,0.836678683757782
8.204999923706055,-7.351590156555176,0.8294858932495117
8.210000038146973,-7.574803352355957,0.8200452923774719
8.21500015258789,-7.481980323791504,0.8119533658027649
8.220000267028809,-7.513086795806885,0.8061092495918274
8.225000381469727,-7.5652642250061035,0.7984668016433716
8.229999542236328,-7.597851276397705,0.7894757986068726
8.234999656677246,-7.743967056274414,0.777787446975708
8.239999771118164,-7.79269552230835,0.7660991549491882
8.244999885559082,-7.543956756591797,0.7580071687698364
8.25,-7.927767753601074,0.7481170892715454
8.255000114440918,-7.827817440032959,0.7386764883995056
8.260000228881836,-7.903412342071533,0.7319332361221313
8.265000343322754,-8.013416290283203,0.7206944227218628
8.270000457763672,-8.181663513183594,0.708107054233551
8.274999618530273,-7.952259540557861,0.6973177790641785
8.279999732971191,-8.300125122070312,0.6910240650177002
8.28499984741211,-8.280207633972168,0.6788861751556396
8.289999961853027,-7.943183422088623,0.6698951721191406
8.295000076293945,-8.556286811828613,0.6604546308517456
8.300000190734863,-8.314530372619629,0.6483167409896851
8.305000305175781,-8.20092487335205,0.6397752165794373
8.3100004196167,-8.541512489318848,0.6285364627838135
8.3149995803833,-8.671289443969727,0.6199949383735657
8.319999694824219,-8.229792594909668,0.6128021478652954
8.324999809265137,-8.764955520629883,0.6020129323005676
8.329999923706055,-8.880899429321289,0.5930218696594238
8.335000038146973,-8.397917747497559,0.5849299430847168
8.34000015258789,-8.917866706848145,0.574140727519989
8.345000267028809,-8.974278450012207,0.566947877407074
8.350000381469727,-8.740541458129883,0.5611037015914917
8.354999542236328,-9.033031463623047,0.5525622367858887
8.359999656677246,-9.159926414489746,0.5408738851547241
8.364999771118164,-8.77629566192627,0.5300846695899963
8.369999885559082,-9.065821647644043,0.5224422216415405
8.375,-9.184785842895508,0.516598105430603
8.380000114440918,-9.233716011047363,0.508056640625
8.385000228881836,-9.174928665161133,0.5017629861831665
8.390000343322754,-9.356891632080078,0.49861612915992737
8.395000457763672,-9.119667053222656,0.49052417278289795
8.399999618530273,-9.215741157531738,0.48108360171318054
8.404999732971191,-9.3556489944458,0.47029438614845276
8.40999984741211,-9.347879409790039,0.46265196800231934
8.414999961853027,-9.34994888305664,0.4586060345172882
8.420000076293945,-9.471792221069336,0.4532114267349243
8.425000190734863,-9.397570610046387,0.4478168189525604
8.430000305175781,-9.363480567932129,0.44242212176322937
8.4350004196167,-9.595100402832031,0.4361284077167511
8.4399995803833,-9.515424728393555,0.43298155069351196
8.444999694824219,-9.385601043701172,0.4307338297367096
8.449999809265137,-9.741416931152344,0.4248896539211273
8.454999923706055,-9.534503936767578,0.4253392219543457
8.460000038146973,-9.547867774963379,0.4248896539211273
8.46500015258789,-9.64883041381836,0.41949501633644104
8.470000267028809,-9.456448554992676,0.4158986210823059
8.475000381469727,-9.526742935180664,0.4154490530490875
8.479999542236328,-9.632418632507324,0.4154490828514099
8.484999656677246,-9.434264183044434,0.4167977273464203
8.489999771118164,-9.54892349243164,0.4167977273464203
8.494999885559082,-9.481460571289062,0.4163481891155243
8.5,-9.29648208618164,0.4167977273464203
8.505000114440918,-9.405929565429688,0.4158986210823059
8.510000228881836,-9.399016380310059,0.41814637184143066
8.515000343322754,-9.379199028015137,0.4203941226005554
8.520000457763672,-9.496606826782227,0.4217427670955658
8.524999618530273,-9.302041053771973,0.42399054765701294
8.529999732971191,-9.224725723266602,0.4271374046802521
8.53499984741211,-9.24122428894043,0.4311833679676056
8.539999961853027,-9.20742416381836,0.4311833679676056
8.545000076293945,-9.200030326843262,0.431632936000824
8.550000190734863,-9.293054580688477,0.4347797632217407
8.555000305175781,-9.143960952758789,0.441073477268219
8.5600004196167,-9.153945922851562,0.44601860642433167
8.5649995803833,-9.20604133605957,0.45186275243759155
8.569999694824219,-9.065116882324219,0.4590555727481842
8.574999809265137,-9.041914939880371,0.4631015360355377
8.579999923706055,-9.009653091430664,0.46579885482788086
8.585000038146973,-9.125865936279297,0.47029438614845276
8.59000015258789,-8.939664840698242,0.4734412133693695
8.595000267028809,-9.069082260131836,0.47928541898727417
8.600000381469727,-8.982137680053711,0.4873773157596588
8.604999542236328,-8.77950668334961,0.49412059783935547
8.609999656677246,-9.024271011352539,0.49861612915992737
8.614999771118164,-8.97827434539795,0.5044602751731873
8.619999885559082,-8.765999794006348,0.5121026039123535
8.625,-8.713940620422363,0.5197449922561646
8.630000114440918,-8.72191333770752,0.5264882445335388
8.635000228881836,-8.544706344604492,0.5318828821182251
8.640000343322754,-8.669912338256836,0.5377270579338074
8.645000457763672,-8.529643058776855,0.5453693866729736
8.649999618530273,-8.434359550476074,0.5548099875450134
8.654999732971191,-8.546942710876465,0.5638010501861572
8.65999984741211,-8.293328285217285,0.5705443024635315
8.664999961853027,-8.409403800964355,0.5768380165100098
8.670000076293945,-8.415115356445312,0.5849299430847168
8.675000190734863,-8.371956825256348,0.5916732549667358
8.680000305175781,-8.18454647064209,0.5984165072441101
8.6850004196167,-8.302811622619629,0.6069579720497131
8.6899995803833,-8.237823486328125,0.6163985729217529
8.694999694824219,-8.039897918701172,0.6267382502555847
8.699999809265137,-8.123577117919922,0.635279655456543
8.704999923706055,-8.222508430480957,0.6424725651741028
8.710000038146973,-8.007668495178223,0.6514635682106018
8.71500015258789,-8.059833526611328,0.6591059565544128
8.720000267028809,-8.010482788085938,0.6658492088317871
8.725000381469727,-7.8424859046936035,0.6739410758018494
8.729999542236328,-8.06535530090332,0.6793357729911804
8.734999656677246,-7.90018367767334,0.6860790252685547
8.739999771118164,-7.481541633605957,0.691473662853241
8.744999885559082,-7.8325724601745605,0.6995655298233032
8.75,-7.704626560211182,0.7067583799362183
8.755000114440918,-7.611013412475586,0.7108044028282166
8.760000228881836,-7.693953514099121,0.7144007682800293
8.765000343322754,-7.665619850158691,0.7206944823265076
8.770000457763672,-7.642971992492676,0.7274377346038818
8.774999618530273,-7.54240608215332,0.7359791994094849
8.779999732971191,-7.61704158782959,0.7454198002815247
8.78499984741211,-7.420038223266602,0.7535116672515869
8.789999961853027,-7.485092639923096,0.7548603415489197
8.795000076293945,-7.507168292999268,0.759355902671814
8.800000190734863,-7.501030921936035,0.7643009424209595
8.805000305175781,-7.3637871742248535,0.7692459225654602
8.8100004196167,-7.5017194747924805,0.7732919454574585
8.8149995803833,-7.288494110107422,0.7800352573394775
8.819999694824219,-7.305621147155762,0.7849802374839783
8.824999809265137,-7.345461845397949,0.7876775860786438
8.829999923706055,-7.174071311950684,0.7894757986068726
8.835000038146973,-7.2895426750183105,0.7944208979606628
8.84000015258789,-7.330957889556885,0.8002650737762451
8.845000267028809,-7.125217914581299,0.8034119009971619
8.850000381469727,-7.2078022956848145,0.8052101135253906
8.854999542236328,-7.216593265533447,0.8074578642845154
8.859999656677246,-7.200399398803711,0.8097056746482849
8.864999771118164,-7.219823360443115,0.8088065385818481
8.869999885559082,-7.2276740074157715,0.8079074025154114
8.875,-7.159995079040527,0.8106047511100769
8.880000114440918,-7.203557014465332,0.8151002526283264
8.885000228881836,-7.248427391052246,0.8142011165618896
8.890000343322754,-7.294943809509277,0.8128525018692017
8.895000457763672,-7.361014366149902,0.8146506547927856
8.899999618530273,-7.438173770904541,0.8146506547927856
8.904999732971191,-7.450533390045166,0.8119534254074097
8.90999984741211,-7.4409966468811035,0.8097056150436401
8.914999961853027,-7.450758457183838,0.8092560768127441
8.920000076293945,-7.4427409172058105,0.8070083260536194
8.925000190734863,-7.492984294891357,0.8047605752944946
8.930000305175781,-7.532740116119385,0.8034119009971619
8.9350004196167,-7.540131568908691,0.8034119009971619
8.9399995803833,-7.472275733947754,0.8034119009971619
8.944999694824219,-7.513071537017822,0.8020632266998291
8.949999809265137,-7.555076599121094,0.7953199744224548
8.954999923706055,-7.542454242706299,0.7885767221450806
8.960000038146973,-7.624007701873779,0.786328911781311
8.96500015258789,-7.5936994552612305,0.7822829484939575
8.970000267028809,-7.613691806793213,0.775989294052124
8.975000381469727,-7.695403099060059,0.7719433307647705
8.979999542236328,-7.71610689163208,0.7723928689956665
8.984999656677246,-7.762386798858643,0.768796443939209
8.989999771118164,-7.7995171546936035,0.761154055595398
8.994999885559082,-7.717836380004883,0.7548603415489197
9,-7.82363224029541,0.7517135143280029
9.005000114440918,-7.9202656745910645,0.7485666871070862
9.010000228881836,-7.84327507019043,0.7418233752250671
9.015000343322754,-7.905552864074707,0.7355296015739441
9.020000457763672,-7.9622273445129395,0.7332818508148193
9.024999618530273,-7.891194820404053,0.7296854853630066
9.029999732971191,-8.000864028930664,0.7260890603065491
9.03499984741211,-7.984139919281006,0.717997133731842
9.039999961853027,-8.081355094909668,0.7081071138381958
9.045000076293945,-8.014338493347168,0.700914204120636
9.050000190734863,-8.044755935668945,0.6986664533615112
9.055000305175781,-8.202153205871582,0.6991159915924072
9.0600004196167,-8.124444961547852,0.692372739315033
9.0649995803833,-8.21679973602295,0.6829321980476379
9.069999694824219,-8.153157234191895,0.6757393479347229
9.074999809265137,-8.167896270751953,0.6689960360527039
9.079999923706055,-8.258625030517578,0.6604546308517456
9.085000038146973,-8.35692310333252,0.6555095314979553
9.09000015258789,-8.253655433654785,0.6523626446723938
9.095000267028809,-8.460508346557617,0.6451698541641235
9.100000381469727,-8.311641693115234,0.6388761401176453
9.104999542236328,-8.423799514770508,0.6370778679847717
9.109999656677246,-8.474030494689941,0.6312337517738342
9.114999771118164,-8.487804412841797,0.6226922869682312
9.119999885559082,-8.568232536315918,0.6172976493835449
9.125,-8.540074348449707,0.6105543971061707
9.130000114440918,-8.49130916595459,0.6024624109268188
9.135000228881836,-8.65700912475586,0.5952696800231934
9.140000343322754,-8.814903259277344,0.5921227931976318
9.145000457763672,-8.546097755432129,0.5898749828338623
9.149999618530273,-8.649682998657227,0.5867281556129456
9.154999732971191,-8.736021995544434,0.5808839797973633
9.15999984741211,-8.59045124053955,0.5754894018173218
9.164999961853027,-8.887184143066406,0.5687460899353027
9.170000076293945,-8.864680290222168,0.5620028376579285
9.175000190734863,-8.716221809387207,0.5566082000732422
9.180000305175781,-8.994221687316895,0.5543604493141174
9.1850004196167,-8.874838829040527,0.5516631603240967
9.1899995803833,-8.830154418945312,0.5476171970367432
9.194999694824219,-8.968465805053711,0.5426720976829529
9.199999809265137,-8.872396469116211,0.5408738851547241
9.204999923706055,-9.00814437866211,0.5413234233856201
9.210000038146973,-9.030858993530273,0.5381765365600586
9.21500015258789,-8.890790939331055,0.5336810946464539
9.220000267028809,-9.02661418914795,0.5318828821182251
9.225000381469727,-9.041994094848633,0.5273873209953308
9.229999542236328,-8.90380859375,0.5219926834106445
9.234999656677246,-9.089927673339844,0.5197449922561646
9.239999771118164,-9.089215278625488,0.5165981650352478
9.244999885559082,-9.08704948425293,0.5134512782096863
9.25,-9.239581108093262,0.5161486268043518
9.255000114440918,-9.077705383300781,0.5188459157943726
9.260000228881836,-9.057236671447754,0.5143503546714783
9.265000343322754,-9.113072395324707,0.5112035274505615
9.270000457763672,-9.005392074584961,0.5116531252861023
9.274999618530273,-9.077593803405762,0.5121026635169983
9.279999732971191,-8.975457191467285,0.5121026635169983
9.28499984741211,-8.851960182189941,0.513451337814331
9.289999961853027,-8.871712684631348,0.513900876045227
9.295000076293945,-8.81399154663086,0.514350414276123
9.300000190734863,-8.78166389465332,0.513900876045227
9.305000305175781,-8.810468673706055,0.5134512782096863
9.3100004196167,-8.75550365447998,0.515249490737915
9.3149995803833,-8.74029541015625,0.5188459157943726
9.319999694824219,-8.802271842956543,0.5215432047843933
9.324999809265137,-8.730810165405273,0.5233413577079773
9.329999923706055,-8.800298690795898,0.5233413577079773
9.335000038146973,-8.76683521270752,0.5233414173126221
9.34000015258789,-8.672476768493652,0.5242404937744141
9.345000267028809,-8.712608337402344,0.5269377827644348
9.350000381469727,-8.696943283081055,0.5287359952926636
9.354999542236328,-8.68589973449707,0.5296351313591003
9.359999656677246,-8.741147994995117,0.5354793071746826
9.364999771118164,-8.677745819091797,0.5404243469238281
9.369999885559082,-8.63709831237793,0.5404243469238281
9.375,-8.594141006469727,0.5404243469238281
9.380000114440918,-8.560067176818848,0.5413234233856201
9.385000228881836,-8.556403160095215,0.5467180609703064
9.390000343322754,-8.481215476989746,0.5503144860267639
9.395000457763672,-8.474885940551758,0.5539108514785767
9.399999618530273,-8.52241039276123,0.5588559508323669
9.404999732971191,-8.545228958129883,0.5642505884170532
9.40999984741211,-8.46003532409668,0.5691956281661987
9.414999961853027,-8.52957534790039,0.5727920532226562
9.420000076293945,-8.375701904296875,0.575489342212677
9.425000190734863,-8.368325233459473,0.5777371525764465
9.430000305175781,-8.445375442504883,0.582232654094696
9.4350004196167,-8.428695678710938,0.5867281556129456
9.4399995803833,-8.414017677307129,0.5889759063720703
9.444999694824219,-8.444784164428711,0.5907741189002991
9.449999809265137,-8.306194305419922,0.5961687564849854
9.454999923706055,-8.225099563598633,0.6029120087623596
9.460000038146973,-8.278783798217773,0.6056092977523804
9.46500015258789,-8.209307670593262,0.6069579720497131
9.470000267028809,-8.222405433654785,0.6101048588752747
9.475000381469727,-8.158306121826172,0.6137012839317322
9.479999542236328,-8.197214126586914,0.6181967258453369
9.484999656677246,-8.16393756866455,0.6208940744400024
9.489999771118164,-8.148122787475586,0.624940037727356
9.494999885559082,-8.17457389831543,0.6294355392456055
9.5,-8.12480640411377,0.633031964302063
9.505000114440918,-8.16164493560791,0.6388761401176453
9.510000228881836,-8.16163158416748,0.6456193923950195
9.515000343322754,-8.130642890930176,0.649665355682373
9.520000457763672,-8.095685958862305,0.6528121829032898
9.524999618530273,-8.022529602050781,0.6528121829032898
9.529999732971191,-7.968050956726074,0.6523626446723938
9.53499984741211,-8.02026653289795,0.6564086079597473
9.539999961853027,-7.954263687133789,0.6636014580726624
9.545000076293945,-7.882494926452637,0.6703447103500366
9.550000190734863,-8.022700309753418,0.6734915971755981
9.555000305175781,-7.888951301574707,0.6739411354064941
9.5600004196167,-8.003471374511719,0.6743906736373901
9.5649995803833,-8.001611709594727,0.6775375604629517
9.569999694824219,-7.856976509094238,0.6811339855194092
9.574999809265137,-7.859928607940674,0.6820330619812012
9.579999923706055,-7.852041721343994,0.6820330619812012
9.585000038146973,-7.7916178703308105,0.6860790252685547
9.59000015258789,-7.813960075378418,0.6937214136123657
9.595000267028809,-7.793731212615967,0.6991159915924072
9.600000381469727,-7.748816967010498,0.7004646062850952
9.604999542236328,-7.840458869934082,0.701363742351532
9.609999656677246,-7.808838367462158,0.7027124166488647
9.614999771118164,-7.771801948547363,0.7040610909461975
9.619999885559082,-7.858367443084717,0.7045106291770935
9.625,-7.820921421051025,0.7049601674079895
9.630000114440918,-7.8231682777404785,0.7058593034744263
9.635000228881836,-7.846979141235352,0.7063088417053223
9.640000343322754,-7.758409023284912,0.7072079181671143
9.645000457763672,-7.7636399269104,0.708107054233551
9.649999618530273,-7.787077903747559,0.7094557285308838
9.654999732971191,-7.723937511444092,0.7099052667617798
9.65999984741211,-7.733892440795898,0.7112539410591125
9.664999961853027,-7.759619235992432,0.7126026153564453
9.670000076293945,-7.709323406219482,0.7135016918182373
9.675000190734863,-7.8014678955078125,0.7126026153564453
9.680000305175781,-7.828917503356934,0.7117034792900085
9.6850004196167,-7.850687503814697,0.7108043432235718
9.6899995803833,-7.939993858337402,0.7072079181671143
9.694999694824219,-7.971289157867432,0.7067583799362183
9.699999809265137,-7.965819358825684,0.708107054233551
9.704999923706055,-7.992898941040039,0.7085566520690918
9.710000038146973,-7.961195468902588,0.708556592464447
9.71500015258789,-8.001296043395996,0.7099052667617798
9.720000267028809,-8.012358665466309,0.708107054233551
9.725000381469727,-8.023829460144043,0.7063088417053223
9.729999542236328,-8.01771068572998,0.7054097652435303
9.734999656677246,-8.013764381408691,0.7027124166488647
9.739999771118164,-7.990860939025879,0.7031620144844055
9.744999885559082,-8.018611907958984,0.7058593034744263
9.75,-7.971685886383057,0.7063088417053223
9.755000114440918,-7.98492956161499,0.7045106291770935
9.760000228881836,-8.036368370056152,0.7036115527153015
9.765000343322754,-8.015438079833984,0.701813280582428
9.770000457763672,-8.03743839263916,0.6986664533615112
9.774999618530273,-8.0600004196167,0.6977673768997192
9.779999732971191,-8.06132698059082,0.6964187622070312
9.78499984741211,-8.05449104309082,0.6901249885559082
9.789999961853027,-8.113062858581543,0.6865285634994507
9.795000076293945,-8.086175918579102,0.6883267760276794
9.800000190734863,-8.145759582519531,0.6901249885559082
9.805000305175781,-8.16982364654541,0.6892259120941162
9.8100004196167,-8.16273021697998,0.6865286231040955
9.8149995803833,-8.200186729431152,0.6833816766738892
9.819999694824219,-8.219958305358887,0.6833816766738892
9.824999809265137,-8.189412117004395,0.6824826002120972
9.829999923706055,-8.226701736450195,0.6806844472885132
9.835000038146973,-8.206371307373047,0.6779870986938477
9.84000015258789,-8.191130638122559,0.6757393479347229
9.845000267028809,-8.203733444213867,0.6748402714729309
9.850000381469727,-8.20455265045166,0.6721429228782654
9.854999542236328,-8.20743179321289,0.6689960360527039
9.859999656677246,-8.29083251953125,0.6649501323699951
9.864999771118164,-8.288089752197266,0.6618032455444336
9.869999885559082,-8.231522560119629,0.6604546308517456
9.875,-8.270895957946777,0.6586564183235168
9.880000114440918,-8.257190704345703,0.6573077440261841
9.885000228881836,-8.272126197814941,0.6532617211341858
9.890000343322754,-8.443467140197754,0.651013970375061
9.895000457763672,-8.342733383178711,0.6532617807388306
9.899999618530273,-8.357904434204102,0.6510140299797058
9.904999732971191,-8.339483261108398,0.6442707777023315
9.90999984741211,-8.313787460327148,0.6397752165794373
9.914999961853027,-8.434720993041992,0.6397752165794373
9.920000076293945,-8.419304847717285,0.6402247548103333
9.925000190734863,-8.375059127807617,0.6379770040512085
9.930000305175781,-8.437487602233887,0.6375274658203125
9.9350004196167,-8.401954650878906,0.6379770040512085
9.9399995803833,-8.41386890411377,0.6321328282356262
9.944999694824219,-8.472411155700684,0.6271877884864807
9.949999809265137,-8.488093376159668,0.6271877884864807
9.954999923706055,-8.426924705505371,0.6276373863220215
9.960000038146973,-8.483378410339355,0.6276373863220215
9.96500015258789,-8.41626262664795,0.6271877884864807
9.970000267028809,-8.406326293945312,0.6222426891326904
9.975000381469727,-8.448792457580566,0.6217931509017944
9.979999542236328,-8.485241889953613,0.6213436126708984
9.984999656677246,-8.55501937866211,0.6190958619117737
9.989999771118164,-8.511897087097168,0.6163985729217529
9.994999885559082,-8.449437141418457,0.6141508221626282
10,-8.494850158691406,0.6119030117988586
10.005000114440918,-8.486093521118164,0.6110039353370667
10.010000228881836,-8.486960411071777,0.6074075102806091
10.015000343322754,-8.478876113891602,0.6065083742141724
10.020000457763672,-8.4909086227417,0.6069579720497131
10.024999618530273,-8.520261764526367,0.6092057228088379
10.029999732971191,-8.516571998596191,0.6110039353370667
10.03499984741211,-8.461668014526367,0.6101048588752747
10.039999961853027,-8.505480766296387,0.6092057228088379
10.045000076293945,-8.537201881408691,0.6096553206443787
10.050000190734863,-8.510750770568848,0.6110039353370667
10.055000305175781,-8.549009323120117,0.6128021478652954
10.0600004196167,-8.526339530944824,0.6141508221626282
10.0649995803833,-8.504891395568848,0.6119030117988586
10.069999694824219,-8.494377136230469,0.6092057228088379
10.074999809265137,-8.416661262512207,0.6078570485115051
10.079999923706055,-8.405895233154297,0.6092057228088379
10.085000038146973,-8.39168930053711,0.6092057228088379
10.09000015258789,-8.34278392791748,0.6105543971061707
10.095000267028809,-8.306663513183594,0.6110039353370667
10.100000381469727,-8.264952659606934,0.6101048588752747
10.104999542236328,-8.277783393859863,0.6092057228088379
10.109999656677246,-8.280402183532715,0.6096552610397339
10.114999771118164,-8.278555870056152,0.6114535331726074
10.119999885559082,-8.28583812713623,0.6128021478652954
10.125,-8.276247024536133,0.6110039353370667
10.130000114440918,-8.267233848571777,0.6110039353370667
10.135000228881836,-8.282369613647461,0.6110039353370667
10.140000343322754,-8.254887580871582,0.6096552610397339
10.145000457763672,-8.231584548950195,0.6092057228088379
10.149999618530273,-8.237933158874512,0.6110039353370667
10.154999732971191,-8.237089157104492,0.6128021478652954
10.15999984741211,-8.229349136352539,0.6119030714035034
10.164999961853027,-8.24146842956543,0.6092057228088379
10.170000076293945,-8.21187973022461,0.6092057228088379
10.175000190734863,-8.218856811523438,0.6092057228088379
10.180000305175781,-8.209429740905762,0.6110039353370667
10.1850004196167,-8.223578453063965,0.6128021478652954
10.1899995803833,-8.239053726196289,0.6146003603935242
10.194999694824219,-8.208081245422363,0.6141508221626282
10.199999809265137,-8.210878372192383,0.6137012839317322
10.204999923706055,-8.214656829833984,0.6163985729217529
10.210000038146973,-8.190503120422363,0.6177471876144409
10.21500015258789,-8.175783157348633,0.6190958619117737
10.220000267028809,-8.2127685546875,0.6186462640762329
10.225000381469727,-8.2044677734375,0.6177471876144409
10.229999542236328,-8.200387954711914,0.6172976493835449
10.234999656677246,-8.211329460144043,0.6199949383735657
10.239999771118164,-8.232806205749512,0.6208940744400024
10.244999885559082,-8.240300178527832,0.6217931509017944
10.25,-8.199128150939941,0.6226922869682312
10.255000114440918,-8.227221488952637,0.6222426891326904
10.260000228881836,-8.22170352935791,0.6222426891326904
10.265000343322754,-8.19560432434082,0.6226922869682312
10.270000457763672,-8.20807933807373,0.6235913634300232
10.274999618530273,-8.224346160888672,0.624940037727356
10.279999732971191,-8.233803749084473,0.625389575958252
10.28499984741211,-8.227287292480469,0.625389575958252
10.289999961853027,-8.240732192993164,0.625389575958252
10.295000076293945,-8.218559265136719,0.6240409016609192
10.300000190734863,-8.173637390136719,0.6199949383735657
10.305000305175781,-8.194149017333984,0.6204444766044617
10.3100004196167,-8.168535232543945,0.624940037727356
10.3149995803833,-8.207344055175781,0.6244904398918152
10.319999694824219,-8.182209014892578,0.624940037727356
10.324999809265137,-8.21481704711914,0.625839114189148
10.329999923706055,-8.21168327331543,0.6235913634300232
10.335000038146973,-8.196364402770996,0.6217931509017944
10.34000015258789,-8.2108154296875,0.6226922869682312
10.345000267028809,-8.190160751342773,0.6249399781227112
10.350000381469727,-8.185484886169434,0.625839114189148
10.354999542236328,-8.183116912841797,0.6276373267173767
10.359999656677246,-8.188272476196289,0.6271877884864807
10.364999771118164,-8.192876815795898,0.6262887120246887
10.369999885559082,-8.198137283325195,0.625389575958252
10.375,-8.22226619720459,0.625389575958252
10.380000114440918,-8.196000099182129,0.6271877884864807
10.385000228881836,-8.159028053283691,0.6289860010147095
10.390000343322754,-8.193931579589844,0.6280869245529175
10.395000457763672,-8.196394920349121,0.6244904398918152
10.399999618530273,-8.19205093383789,0.6235913634300232
10.404999732971191,-8.182109832763672,0.6240409016609192
10.40999984741211,-8.226295471191406,0.625389575958252
10.414999961853027,-8.232006072998047,0.62449049949646
10.420000076293945,-8.231152534484863,0.6235913634300232
10.425000190734863,-8.20666217803955,0.6240409016609192
10.430000305175781,-8.236441612243652,0.6267382502555847
10.4350004196167,-8.246607780456543,0.6271877884864807
10.4399995803833,-8.226838111877441,0.6262887120246887
10.444999694824219,-8.237334251403809,0.62449049949646
10.449999809265137,-8.25719928741455,0.6240409016609192
10.454999923706055,-8.236237525939941,0.625839114189148
10.460000038146973,-8.266027450561523,0.6271877884864807
10.46500015258789,-8.2535982131958,0.625389575958252
10.470000267028809,-8.243621826171875,0.625389575958252
10.475000381469727,-8.254854202270508,0.6267382502555847
10.479999542236328,-8.254150390625,0.6280869245529175
10.484999656677246,-8.265277862548828,0.6280869245529175
10.489999771118164,-8.257868766784668,0.6280868649482727
10.494999885559082,-8.244959831237793,0.6285364627838135
10.5,-8.273198127746582,0.6294355988502502
10.505000114440918,-8.26230239868164,0.6280869245529175
10.510000228881836,-8.262822151184082,0.6276373267173767
10.515000343322754,-8.239241600036621,0.6271877884864807
10.520000457763672,-8.219518661499023,0.6262887120246887
10.524999618530273,-8.21627426147461,0.625839114189148
10.529999732971191,-8.231159210205078,0.6271877884864807
10.53499984741211,-8.206701278686523,0.6271877884864807
10.539999961853027,-8.22865104675293,0.625389575958252
10.545000076293945,-8.197419166564941,0.6267382502555847
10.550000190734863,-8.236617088317871,0.6271877884864807
10.555000305175781,-8.203323364257812,0.6244904398918152
10.5600004196167,-8.238726615905762,0.624940037727356
10.5649995803833,-8.240509033203125,0.6267382502555847
10.569999694824219,-8.227266311645508,0.6262887120246887
10.574999809265137,-8.228693962097168,0.625389575958252
10.579999923706055,-8.225662231445312,0.6280869245529175
10.585000038146973,-8.220765113830566,0.633931040763855
10.59000015258789,-8.222874641418457,0.6348301768302917
10.595000267028809,-8.245875358581543,0.6303346157073975
10.600000381469727,-8.240544319152832,0.6285364627838135
10.604999542236328,-8.218435287475586,0.6285364627838135
10.609999656677246,-8.24686336517334,0.6303346753120422
10.614999771118164,-8.243880271911621,0.6280869245529175
10.619999885559082,-8.24190902709961,0.626288652420044
10.625,-8.253951072692871,0.625389575958252
10.630000114440918,-8.2461519241333,0.625839114189148
10.635000228881836,-8.251142501831055,0.6289860010147095
10.640000343322754,-8.2590970993042,0.632582426071167
10.645000457763672,-8.23448371887207,0.634380578994751
10.649999618530273,-8.201045989990234,0.634830117225647
10.654999732971191,-8.220846176147461,0.6321328282356262
10.65999984741211,-8.254480361938477,0.6276373267173767
10.664999961853027,-8.246602058410645,0.6280869245529175
10.670000076293945,-8.21688461303711,0.6312337517738342
10.675000190734863,-8.247041702270508,0.6316832900047302
10.680000305175781,-8.215065956115723,0.631683349609375
10.6850004196167,-8.239352226257324,0.633481502532959
10.6899995803833,-8.23386287689209,0.6316832900047302
10.694999694824219,-8.229060173034668,0.6280869245529175
10.699999809265137,-8.221752166748047,0.6271877884864807
10.704999923706055,-8.207659721374512,0.6307842135429382
10.710000038146973,-8.246349334716797,0.632132887840271
10.71500015258789,-8.236957550048828,0.6312337517738342
10.720000267028809,-8.236016273498535,0.6307842135429382
10.725000381469727,-8.26045036315918,0.6303346753120422
10.729999542236328,-8.251920700073242,0.6289860010147095
10.734999656677246,-8.225791931152344,0.6280869245529175
10.739999771118164,-8.236721992492676,0.625389575958252
10.744999885559082,-8.25507926940918,0.6267382502555847
10.75,-8.253987312316895,0.6285364627838135
10.755000114440918,-8.245213508605957,0.6280869245529175
10.760000228881836,-8.25777816772461,0.6262887120246887
10.765000343322754,-8.222484588623047,0.6271877884864807
10.770000457763672,-8.242647171020508,0.6303346753120422
10.774999618530273,-8.247015953063965,0.631683349609375
10.779999732971191,-8.238154411315918,0.6298850774765015
10.78499984741211,-8.263229370117188,0.6280868649482727
10.789999961853027,-8.240509986877441,0.6240409016609192
10.795000076293945,-8.236898422241211,0.625839114189148
10.800000190734863,-8.229573249816895,0.6303346753120422
10.805000305175781,-8.226402282714844,0.6298851370811462
10.8100004196167,-8.219572067260742,0.62449049949646
10.8149995803833,-8.196589469909668,0.6235913634300232
10.819999694824219,-8.24588394165039,0.6271877884864807
10.824999809265137,-8.235069274902344,0.6280869245529175
10.829999923706055,-8.255135536193848,0.6271877884864807
10.835000038146973,-8.216853141784668,0.6240409016609192
10.84000015258789,-8.225807189941406,0.625389575958252
10.845000267028809,-8.252954483032227,0.6280869245529175
10.850000381469727,-8.238142013549805,0.6285364627838135
10.854999542236328,-8.24404525756836,0.6280869245529175
10.859999656677246,-8.207392692565918,0.626288652420044
10.864999771118164,-8.221479415893555,0.625389575958252
10.869999885559082,-8.213923454284668,0.6267382502555847
10.875,-8.237292289733887,0.6276373267173767
10.880000114440918,-8.25825023651123,0.6280869245529175
10.885000228881836,-8.267394065856934,0.6271877884864807
10.890000343322754,-8.225963592529297,0.62449049949646
10.895000457763672,-8.243854522705078,0.6235913634300232
10.899999618530273,-8.24538803100586,0.62449049949646
10.904999732971191,-8.227593421936035,0.6298851370811462
10.90999984741211,-8.233927726745605,0.634830117225647
10.914999961853027,-8.236151695251465,0.634380578994751
10.920000076293945,-8.263070106506348,0.6298851370811462
10.925000190734863,-8.233362197875977,0.6294355392456055
10.930000305175781,-8.259032249450684,0.6289860010147095
10.9350004196167,-8.229063987731934,0.6267382502555847
10.9399995803833,-8.248993873596191,0.6276373267173767
10.944999694824219,-8.220562934875488,0.6289860010147095
10.949999809265137,-8.248644828796387,0.6271877884864807
10.954999923706055,-8.228629112243652,0.6244904398918152
10.960000038146973,-8.230230331420898,0.625389575958252
10.96500015258789,-8.230036735534668,0.6280868649482727
10.970000267028809,-8.239014625549316,0.6307842135429382
10.975000381469727,-8.241410255432129,0.6294355392456055
10.979999542236328,-8.269329071044922,0.6303346753120422
10.984999656677246,-8.21816635131836,0.6307842135429382
10.989999771118164,-8.236361503601074,0.6280869245529175
10.994999885559082,-8.202884674072266,0.625389575958252
11,-8.240864753723145,0.625389575958252
11.005000114440918,-8.24693489074707,0.6267382502555847
11.010000228881836,-8.21979808807373,0.6271877884864807
11.015000343322754,-8.22282600402832,0.6271877884864807
11.020000457763672,-8.235361099243164,0.6289860010147095
11.024999618530273,-8.232769966125488,0.6316832900047302
11.029999732971191,-8.251495361328125,0.631683349609375
11.03499984741211,-8.275923728942871,0.6312337517738342
11.039999961853027,-8.22879695892334,0.632582426071167
11.045000076293945,-8.231963157653809,0.633481502532959
11.050000190734863,-8.23314380645752,0.634830117225647
11.055000305175781,-8.243309020996094,0.633031964302063
11.0600004196167,-8.24021053314209,0.632132887840271
11.0649995803833,-8.224394798278809,0.6303346753120422
11.069999694824219,-8.244104385375977,0.6289860010147095
11.074999809265137,-8.236078262329102,0.6307842135429382
11.079999923706055,-8.203117370605469,0.632582426071167
11.085000038146973,-8.220571517944336,0.631233811378479
11.09000015258789,-8.228583335876465,0.6303346753120422
11.095000267028809,-8.225990295410156,0.632132887840271
11.100000381469727,-8.238264083862305,0.633481502532959
11.104999542236328,-8.233752250671387,0.6312337517738342
11.109999656677246,-8.239615440368652,0.6280869245529175
11.114999771118164,-8.211105346679688,0.625389575958252
11.119999885559082,-8.228015899658203,0.625389575958252
11.125,-8.246301651000977,0.625389575958252
11.130000114440918,-8.238525390625,0.6267382502555847
11.135000228881836,-8.228219985961914,0.6276373267173767
11.140000343322754,-8.249990463256836,0.6307842135429382
11.145000457763672,-8.24588680267334,0.633931040763855
11.149999618530273,-8.242439270019531,0.631683349609375
11.154999732971191,-8.22169303894043,0.6280869245529175
11.15999984741211,-8.224413871765137,0.6271877884864807
11.164999961853027,-8.258275985717773,0.625389575958252
11.170000076293945,-8.217291831970215,0.6271877884864807
11.175000190734863,-8.207332611083984,0.6303346753120422
11.180000305175781,-8.223791122436523,0.633931040763855
11.1850004196167,-8.21446704864502,0.633031964302063
11.1899995803833,-8.224504470825195,0.6312337517738342
11.194999694824219,-8.23672866821289,0.632132887840271
11.199999809265137,-8.225384712219238,0.634830117225647
11.204999923706055,-8.232945442199707,0.6316832900047302
11.210000038146973,-8.258008003234863,0.6271877884864807
11.21500015258789,-8.223011016845703,0.631683349609375
11.220000267028809,-8.220891952514648,0.634380578994751
11.225000381469727,-8.227131843566895,0.6307842135429382
11.229999542236328,-8.244254112243652,0.6289860010147095
11.234999656677246,-8.249831199645996,0.6303346753120422
11.239999771118164,-8.215831756591797,0.6285364627838135
11.244999885559082,-8.259530067443848,0.6289860010147095
11.25,-8.237689971923828,0.632132887840271
11.255000114440918,-8.240612030029297,0.6316832900047302
11.260000228881836,-8.213248252868652,0.632582426071167
11.265000343322754,-8.24316692352295,0.6361787915229797
11.270000457763672,-8.227823257446289,0.6379770040512085
11.274999618530273,-8.218465805053711,0.6366283297538757
11.279999732971191,-8.216897964477539,0.632582426071167
11.28499984741211,-8.25645637512207,0.6294355988502502
11.289999961853027,-8.225004196166992,0.6285364627838135
11.295000076293945,-8.233841896057129,0.6294355988502502
11.300000190734863,-8.230639457702637,0.6294355392456055
11.305000305175781,-8.25306224822998,0.6298851370811462
11.3100004196167,-8.222315788269043,0.6298851370811462
11.3149995803833,-8.241169929504395,0.6285364627838135
11.319999694824219,-8.232815742492676,0.6285364627838135
11.324999809265137,-8.236035346984863,0.6289860010147095
11.329999923706055,-8.233907699584961,0.6267382502555847
11.335000038146973,-8.263455390930176,0.6280868649482727
11.34000015258789,-8.21801471710205,0.6307842135429382
11.345000267028809,-8.22859001159668,0.6303346753120422
11.350000381469727,-8.253729820251465,0.6285364627838135
11.354999542236328,-8.236648559570312,0.6271877884864807
11.359999656677246,-8.242644309997559,0.6271877884864807
11.364999771118164,-8.23431396484375,0.6267382502555847
11.369999885559082,-8.253864288330078,0.6294355392456055
11.375,-8.247234344482422,0.631683349609375
11.380000114440918,-8.222536087036133,0.6312337517738342
11.385000228881836,-8.22838306427002,0.6285364627838135
11.390000343322754,-8.232908248901367,0.6285364627838135
11.395000457763672,-8.230262756347656,0.633481502532959
11.399999618530273,-8.2289457321167,0.635279655456543
11.404999732971191,-8.22061824798584,0.635279655456543
11.40999984741211,-8.193026542663574,0.634380578994751
11.414999961853027,-8.244816780090332,0.6352797150611877
11.420000076293945,-8.253786087036133,0.6352797150611877
11.425000190734863,-8.251352310180664,0.632132887840271
11.430000305175781,-8.222562789916992,0.632132887840271
11.4350004196167,-8.236682891845703,0.634380578994751
11.4399995803833,-8.237177848815918,0.6357292532920837
11.444999694824219,-8.209016799926758,0.6370779275894165
11.449999809265137,-8.228543281555176,0.6375274658203125
11.454999923706055,-8.231902122497559,0.6366283297538757
11.460000038146973,-8.232420921325684,0.6370779275894165
11.46500015258789,-8.219676971435547,0.6348301768302917
11.470000267028809,-8.228523254394531,0.6298850774765015
11.475000381469727,-8.227749824523926,0.6280869245529175
11.479999542236328,-8.214913368225098,0.6289860010147095
11.484999656677246,-8.248461723327637,0.6276373267173767
11.489999771118164,-8.252262115478516,0.6271877884864807
11.494999885559082,-8.215455055236816,0.6271877884864807
11.5,-8.216070175170898,0.6267382502555847
11.505000114440918,-8.265275955200195,0.6289860010147095
11.510000228881836,-8.231963157653809,0.6303346753120422
11.515000343322754,-8.248015403747559,0.633031964302063
11.520000457763672,-8.25008487701416,0.6307842135429382
11.524999618530273,-8.241098403930664,0.6267382502555847
11.529999732971191,-8.24536418914795,0.62449049949646
11.53499984741211,-8.2456636428833,0.6235913634300232
11.539999961853027,-8.240950584411621,0.6231418251991272
11.545000076293945,-8.248313903808594,0.625389575958252
11.550000190734863,-8.224090576171875,0.6289860010147095
11.555000305175781,-8.214513778686523,0.631683349609375
11.5600004196167,-8.247281074523926,0.6303346753120422
11.5649995803833,-8.241381645202637,0.631683349609375
11.569999694824219,-8.238459587097168,0.6307842135429382
11.574999809265137,-8.25505542755127,0.6285364627838135
11.579999923706055,-8.248127937316895,0.6271877884864807
11.585000038146973,-8.22068977355957,0.6271877884864807
11.59000015258789,-8.222633361816406,0.625389575958252
11.595000267028809,-8.237499237060547,0.625389575958252
11.600000381469727,-8.217024803161621,0.625389575958252
11.604999542236328,-8.221829414367676,0.625839114189148
11.609999656677246,-8.238677978515625,0.6276373267173767
11.614999771118164,-8.231574058532715,0.6285364627838135
11.619999885559082,-8.247529029846191,0.6276373267173767
11.625,-8.236592292785645,0.6280868649482727
11.630000114440918,-8.26732349395752,0.6307842135429382
11.635000228881836,-8.21372127532959,0.632582426071167
11.640000343322754,-8.224246978759766,0.633481502532959
11.645000457763672,-8.233203887939453,0.631683349609375
11.649999618530273,-8.244044303894043,0.6285364627838135
11.654999732971191,-8.238673210144043,0.6289860010147095
11.65999984741211,-8.241629600524902,0.632582426071167
11.664999961853027,-8.252936363220215,0.632132887840271
11.670000076293945,-8.218968391418457,0.6298851370811462
11.675000190734863,-8.21751880645752,0.6271877884864807
11.680000305175781,-8.26475715637207,0.625389575958252
11.6850004196167,-8.246094703674316,0.625389575958252
11.6899995803833,-8.24458122253418,0.625389575958252
11.694999694824219,-8.220264434814453,0.625389575958252
11.699999809265137,-8.242486000061035,0.625389575958252
11.704999923706055,-8.234643936157227,0.625389575958252
11.710000038146973,-8.216032028198242,0.625389575958252
11.71500015258789,-8.246761322021484,0.625389575958252
11.720000267028809,-8.222820281982422,0.625839114189148
11.725000381469727,-8.229464530944824,0.6271877884864807
11.729999542236328,-8.246197700500488,0.6271877884864807
11.734999656677246,-8.247333526611328,0.625389575958252
11.739999771118164,-8.244983673095703,0.6267382502555847
11.744999885559082,-8.240418434143066,0.6276373267173767
11.75,-8.228397369384766,0.6294355988502502
11.755000114440918,-8.241390228271484,0.6289860010147095
11.760000228881836,-8.24610424041748,0.6280869245529175
11.765000343322754,-8.228622436523438,0.6303346753120422
11.770000457763672,-8.238946914672852,0.631683349609375
11.774999618530273,-8.219958305358887,0.631683349609375
11.779999732971191,-8.213581085205078,0.633031964302063
11.78499984741211,-8.245119094848633,0.6312337517738342
11.789999961853027,-8.24868106842041,0.6294355392456055
11.795000076293945,-8.215432167053223,0.6276373267173767
11.800000190734863,-8.238081932067871,0.624940037727356
11.805000305175781,-8.248672485351562,0.6271877884864807
11.8100004196167,-8.253877639770508,0.632132887840271
11.8149995803833,-8.223280906677246,0.6298850774765015
11.819999694824219,-8.264165878295898,0.6276373267173767
11.824999809265137,-8.246586799621582,0.6289860010147095
11.829999923706055,-8.226222038269043,0.6303346753120422
11.835000038146973,-8.237363815307617,0.6312337517738342
11.84000015258789,-8.249402046203613,0.6307842135429382
11.845000267028809,-8.220478057861328,0.6303346753120422
11.850000381469727,-8.237592697143555,0.631233811378479
11.854999542236328,-8.249042510986328,0.6294355392456055
11.859999656677246,-8.242463111877441,0.6298851370811462
11.864999771118164,-8.251115798950195,0.632132887840271
11.869999885559082,-8.244797706604004,0.631683349609375
11.875,-8.238186836242676,0.6298851370811462
11.880000114440918,-8.260957717895508,0.6294355392456055
11.885000228881836,-8.244061470031738,0.6289860010147095
11.890000343322754,-8.250109672546387,0.631683349609375
11.895000457763672,-8.22634506225586,0.631233811378479
11.899999618530273,-8.227356910705566,0.6280869245529175
11.904999732971191,-8.253442764282227,0.6298851370811462
11.90999984741211,-8.25871467590332,0.632132887840271
11.914999961853027,-8.222333908081055,0.6298850774765015
11.920000076293945,-8.20872688293457,0.6280869245529175
11.925000190734863,-8.253033638000488,0.6289860010147095
11.930000305175781,-8.248637199401855,0.6280868649482727
11.9350004196167,-8.236676216125488,0.6267382502555847
11.9399995803833,-8.24498462677002,0.6276373267173767
11.944999694824219,-8.277770042419434,0.6294355988502502
11.949999809265137,-8.252626419067383,0.6307842135429382
11.954999923706055,-8.216524124145508,0.6298851370811462
11.960000038146973,-8.231475830078125,0.6285364627838135
11.96500015258789,-8.226372718811035,0.6285364627838135
11.970000267028809,-8.240706443786621,0.6289860010147095
11.975000381469727,-8.232755661010742,0.6267382502555847
11.979999542236328,-8.25429916381836,0.6276373863220215
11.984999656677246,-8.270434379577637,0.6289860010147095
11.989999771118164,-8.228809356689453,0.6271877884864807
11.994999885559082,-8.234498023986816,0.625839114189148
12,-8.255698204040527,0.6271877884864807
12.005000114440918,-8.24600601196289,0.6271877884864807
12.010000228881836,-8.253284454345703,0.6267382502555847
12.015000343322754,-8.225309371948242,0.6276373863220215
12.020000457763672,-8.236522674560547,0.6271877884864807
12.024999618530273,-8.226523399353027,0.625389575958252
12.029999732971191,-8.245223045349121,0.6240409016609192
12.03499984741211,-8.247503280639648,0.625389575958252
