Time (s),Ay (m/s²),Fᵧ (N)
0.004999999888241291,-3.8489139080047607,0.9204415082931519
0.009999999776482582,-3.8214352130889893,0.9294919967651367
0.014999999664723873,-3.7726919651031494,0.942529022693634
0.019999999552965164,-3.7272229194641113,0.9564651250839233
0.02500000037252903,-3.6851375102996826,0.9686030149459839
0.029999999329447746,-3.627969980239868,0.9766950011253357
0.03500000014901161,-3.6365184783935547,0.982089638710022
0.03999999910593033,-3.5960984230041504,0.9865851402282715
0.04500000178813934,-3.635352611541748,0.991979718208313
0.05000000074505806,-3.6490602493286133,0.9946770071983337
0.054999999701976776,-3.6998398303985596,0.9946770071983337
0.05999999865889549,-3.7498908042907715,0.9897319674491882
0.06499999761581421,-3.7592432498931885,0.982988715171814
0.07000000029802322,-3.8290975093841553,0.9762454032897949
0.07500000298023224,-3.8704771995544434,0.9699516892433167
0.07999999821186066,-3.9460628032684326,0.9591624736785889
0.08500000089406967,-4.045979022979736,0.9465749859809875
0.09000000357627869,-4.211963653564453,0.9330885410308838
0.0949999988079071,-4.6780548095703125,0.9200514554977417
0.10000000149011612,-4.3779215812683105,0.9056658148765564
0.10499999672174454,-4.4740705490112305,0.8863351345062256
0.10999999940395355,-4.540469646453857,0.8620593547821045
0.11500000208616257,-4.690184116363525,0.8391322493553162
0.11999999731779099,-4.813352584838867,0.8157555460929871
0.125,-4.9342546463012695,0.7928284406661987
0.12999999523162842,-5.105698108673096,0.7658553719520569
0.13500000536441803,-5.303842067718506,0.7352858781814575
0.14000000059604645,-5.476271629333496,0.7065145969390869
0.14499999582767487,-5.499384880065918,0.6799910664558411
0.15000000596046448,-5.70003080368042,0.6485224366188049
0.1550000011920929,-5.999627590179443,0.614356517791748
0.1599999964237213,-6.21581506729126,0.5806401968002319
0.16500000655651093,-6.394414901733398,0.546923816204071
0.17000000178813934,-6.5508575439453125,0.5100606083869934
0.17499999701976776,-6.826958179473877,0.4731973707675934
0.18000000715255737,-6.999638557434082,0.43678370118141174
0.1850000023841858,-7.203353404998779,0.39767274260520935
0.1899999976158142,-7.38014030456543,0.35496535897254944
0.19499999284744263,-7.611647605895996,0.31135889887809753
0.20000000298023224,-7.802709579467773,0.27224791049957275
0.20499999821186066,-8.056350708007812,0.2317882627248764
0.20999999344348907,-8.313436508178711,0.18683312833309174
0.2150000035762787,-8.485507011413574,0.14142844080924988
0.2199999988079071,-8.719745635986328,0.09872107952833176
0.22499999403953552,-9.018699645996094,0.057811908423900604
0.23000000417232513,-9.237789154052734,0.013755877502262592
0.23499999940395355,-9.374780654907227,-0.029850604012608528
0.23999999463558197,-9.477394104003906,-0.06986067444086075
0.24500000476837158,-9.849056243896484,-0.11616446077823639
0.25,-10.057229995727539,-0.16606467962265015
0.2549999952316284,-10.283172607421875,-0.21416667103767395
0.25999999046325684,-10.512758255004883,-0.25237852334976196
0.26499998569488525,-10.753301620483398,-0.2847461998462677
0.27000001072883606,-10.97143840789795,-0.32205891609191895
0.2750000059604645,-11.179142951965332,-0.3625185787677765
0.2800000011920929,-11.283958435058594,-0.404326856136322
0.2849999964237213,-11.592376708984375,-0.4474838078022003
0.28999999165534973,-11.821004867553711,-0.49288851022720337
0.29499998688697815,-12.041979789733887,-0.537394106388092
0.30000001192092896,-12.206419944763184,-0.5769546031951904
0.3050000071525574,-12.498656272888184,-0.6142672896385193
0.3100000023841858,-12.775014877319336,-0.6529287099838257
0.3149999976158142,-12.992151260375977,-0.6902414560317993
0.3199999928474426,-13.208474159240723,-0.727104663848877
0.32499998807907104,-13.459407806396484,-0.7671147584915161
0.33000001311302185,-13.678519248962402,-0.8071248531341553
0.33500000834465027,-13.90311336517334,-0.8421897292137146
0.3400000035762787,-13.989232063293457,-0.8727592825889587
0.3449999988079071,-14.18714714050293,-0.9042278528213501
0.3499999940395355,-14.484225273132324,-0.9334487318992615
0.35499998927116394,-14.60898494720459,-0.9635686874389648
0.36000001430511475,-14.816939353942871,-0.9918903708457947
0.36500000953674316,-14.937161445617676,-1.019313097000122
0.3700000047683716,-15.145105361938477,-1.0453871488571167
0.375,-15.30635929107666,-1.0710115432739258
0.3799999952316284,-15.427766799926758,-1.093489170074463
0.38499999046325684,-15.48311710357666,-1.113718867301941
0.38999998569488525,-15.659146308898926,-1.131700873374939
0.39500001072883606,-15.76383113861084,-1.150132417678833
0.4000000059604645,-15.85180377960205,-1.1672154664993286
0.4050000011920929,-15.854233741760254,-1.1784541606903076
0.4099999964237213,-15.906282424926758,-1.1878947019577026
0.41499999165534973,-15.997506141662598,-1.1982344388961792
0.41999998688697815,-16.02001953125,-1.2099227905273438
0.42500001192092896,-16.06203269958496,-1.2193634510040283
0.4300000071525574,-16.06188201904297,-1.2234092950820923
0.4350000023841858,-15.968603134155273,-1.2243084907531738
0.4399999976158142,-16.0029239654541,-1.2270057201385498
0.4449999928474426,-15.938067436218262,-1.2306021451950073
0.44999998807907104,-15.886981010437012,-1.2324002981185913
0.45500001311302185,-15.845234870910645,-1.2315012216567993
0.46000000834465027,-15.799159049987793,-1.2216111421585083
0.4650000035762787,-15.465086936950684,-1.2036291360855103
0.4699999988079071,-15.29405689239502,-1.1946380138397217
0.4749999940395355,-15.396744728088379,-1.1932893991470337
0.47999998927116394,-15.301643371582031,-1.1874452829360962
0.48500001430511475,-15.226362228393555,-1.1766560077667236
0.49000000953674316,-15.202899932861328,-1.1640684604644775
0.4950000047683716,-15.158595085144043,-1.149233341217041
0.5,-15.040192604064941,-1.130352258682251
0.5049999952316284,-14.880342483520508,-1.1078747510910034
0.5099999904632568,-14.809799194335938,-1.0876449346542358
0.5149999856948853,-14.520564079284668,-1.0642683506011963
0.5199999809265137,-14.483287811279297,-1.0390933752059937
0.5249999761581421,-14.466939926147461,-1.0130194425582886
0.5299999713897705,-14.3447847366333,-0.9878444671630859
0.5350000262260437,-14.222098350524902,-0.9613208770751953
0.5400000214576721,-14.097993850708008,-0.9312009215354919
0.5450000166893005,-13.948299407958984,-0.8997324109077454
0.550000011920929,-13.768310546875,-0.8682637810707092
0.5550000071525574,-13.492116928100586,-0.8349969387054443
0.5600000023841858,-13.501309394836426,-0.8003814816474915
0.5649999976158142,-13.287470817565918,-0.7653164863586426
0.5699999928474426,-13.072564125061035,-0.7311506271362305
0.574999988079071,-12.863473892211914,-0.6951864957809448
0.5799999833106995,-12.71602725982666,-0.6538279056549072
0.5849999785423279,-12.50702953338623,-0.6106709837913513
0.5899999737739563,-12.217137336730957,-0.5688627362251282
0.5950000286102295,-11.872601509094238,-0.5270543694496155
0.6000000238418579,-11.751225471496582,-0.4865947961807251
0.6050000190734863,-11.572892189025879,-0.4479333162307739
0.6100000143051147,-11.280158996582031,-0.404776394367218
0.6150000095367432,-11.079753875732422,-0.3575734794139862
0.6200000047683716,-10.863741874694824,-0.31216880679130554
0.625,-10.58505916595459,-0.2739569842815399
0.6299999952316284,-10.245820045471191,-0.2406901866197586
0.6349999904632568,-10.05521297454834,-0.2024783343076706
0.6399999856948853,-9.828608512878418,-0.1593213826417923
0.6449999809265137,-9.566864967346191,-0.11436624825000763
0.6499999761581421,-9.348876953125,-0.06851201504468918
0.6549999713897705,-9.070265769958496,-0.023556886240839958
0.6600000262260437,-8.56980037689209,0.04252716153860092
0.6650000214576721,-8.033644676208496,0.12164818495512009
0.6700000166893005,-7.683576583862305,0.16345645487308502
0.675000011920929,-8.026925086975098,0.16750240325927734
0.6800000071525574,-7.688519477844238,0.18638357520103455
0.6850000023841858,-7.559790134429932,0.2272927463054657
0.6899999976158142,-7.322351455688477,0.26820191740989685
0.6949999928474426,-7.011091709136963,0.30731290578842163
0.699999988079071,-6.829002380371094,0.3464238941669464
0.7049999833106995,-6.561315536499023,0.3868834972381592
0.7099999785423279,-6.398533344268799,0.4291413128376007
0.7149999737739563,-6.1720685958862305,0.4687018394470215
0.7200000286102295,-5.994760036468506,0.5239966511726379
0.7250000238418579,-5.490629196166992,0.5864843130111694
0.7300000190734863,-5.373564720153809,0.6188520193099976
0.7350000143051147,-5.481525897979736,0.6224484443664551
0.7400000095367432,-5.314853191375732,0.6363844871520996
0.7450000047683716,-5.162693023681641,0.6674035787582397
0.75,-4.99121618270874,0.6993217468261719
0.7549999952316284,-4.850915908813477,0.730790376663208
0.7599999904632568,-4.725655555725098,0.7559652328491211
0.7649999856948853,-4.622045516967773,0.7793418765068054
0.7699999809265137,-4.528379440307617,0.8004708290100098
0.7749999761581421,-4.410036563873291,0.8215996623039246
0.7799999713897705,-4.308745861053467,0.8431781530380249
0.7850000262260437,-4.240427017211914,0.866554856300354
0.7900000214576721,-4.13609504699707,0.884986400604248
0.7950000166893005,-4.050317764282227,0.9002712368965149
0.800000011920929,-3.9977641105651855,0.9119595289230347
0.8050000071525574,-3.9761781692504883,0.9236478805541992
0.8100000023841858,-3.888947010040283,0.9357857704162598
0.8149999976158142,-3.874396324157715,0.94297856092453
0.8199999928474426,-3.8494415283203125,0.9510704874992371
0.824999988079071,-3.8478784561157227,0.9614101648330688
0.8299999833106995,-3.80635666847229,0.9663552641868591
0.8349999785423279,-3.805026054382324,0.9677039384841919
0.8399999737739563,-3.8427464962005615,0.9681534767150879
0.8450000286102295,-3.863049268722534,0.9636579155921936
0.8500000238418579,-3.886608123779297,0.9573642015457153
0.8550000190734863,-3.9392964839935303,0.951969563961029
0.8600000143051147,-3.9851343631744385,0.9474741220474243
0.8650000095367432,-4.018396377563477,0.9438776969909668
0.8700000047683716,-4.081592559814453,0.9348866939544678
0.875,-4.199779510498047,0.9205010533332825
0.8799999952316284,-4.278110980987549,0.9061153531074524
0.8849999904632568,-4.37054443359375,0.8926288485527039
0.8899999856948853,-4.476706504821777,0.8773440718650818
0.8949999809265137,-4.582313060760498,0.860710620880127
0.8999999761581421,-4.660714626312256,0.8427286148071289
0.9049999713897705,-4.773187160491943,0.8233979344367981
0.9100000262260437,-4.885639190673828,0.799571692943573
0.9150000214576721,-5.044669151306152,0.7757454514503479
0.9200000166893005,-5.200710773468018,0.7492219805717468
0.925000011920929,-5.291896343231201,0.7217993140220642
0.9300000071525574,-5.4766693115234375,0.6930279731750488
0.9350000023841858,-5.681179046630859,0.6624585390090942
0.9399999976158142,-5.822622776031494,0.6314394474029541
0.9449999928474426,-5.969257354736328,0.6008699536323547
0.949999988079071,-6.16559362411499,0.5680527091026306
0.9549999833106995,-6.345811367034912,0.5338867902755737
0.9599999785423279,-6.523496627807617,0.5006200075149536
0.9649999737739563,-6.759035587310791,0.46555498242378235
0.9700000286102295,-6.928344249725342,0.42644399404525757
0.9750000238418579,-7.138565540313721,0.3868834674358368
0.9800000190734863,-7.3361968994140625,0.3473229706287384
0.9850000143051147,-7.566307544708252,0.30596426129341125
0.9900000095367432,-7.784689426422119,0.26460549235343933
0.9950000047683716,-7.976570129394531,0.22414587438106537
1,-8.159279823303223,0.18188805878162384
1.0049999952316284,-8.399072647094727,0.13873113691806793
1.0099999904632568,-8.63175106048584,0.09782197326421738
1.0149999856948853,-8.900604248046875,0.0533163920044899
1.0199999809265137,-9.147216796875,0.008361260406672955
1.024999976158142,-9.391298294067383,-0.034795667976140976
1.0299999713897705,-9.57909107208252,-0.07660394161939621
1.034999966621399,-9.865012168884277,-0.11976086348295212
1.0399999618530273,-10.06079387664795,-0.163367360830307
1.0449999570846558,-10.274828910827637,-0.2065242975950241
1.0499999523162842,-10.403389930725098,-0.2451857030391693
1.0549999475479126,-10.822860717773438,-0.28114980459213257
1.059999942779541,-11.12175464630127,-0.3189120888710022
1.065000057220459,-11.346689224243164,-0.3580230474472046
1.0700000524520874,-11.56004524230957,-0.3993817865848541
1.0750000476837158,-11.826211929321289,-0.4425387382507324
1.0800000429153442,-12.046568870544434,-0.4861452281475067
1.0850000381469727,-12.237296104431152,-0.529751718044281
1.090000033378601,-12.486371040344238,-0.5697617530822754
1.0950000286102295,-12.832143783569336,-0.607524037361145
1.100000023841858,-13.051067352294922,-0.6466349959373474
1.1050000190734863,-13.209247589111328,-0.6816999912261963
1.1100000143051147,-13.415060043334961,-0.7163153886795044
1.1150000095367432,-13.610576629638672,-0.751829981803894
1.1200000047683716,-13.632095336914062,-0.7864454388618469
1.125,-13.979681968688965,-0.8224095106124878
1.1299999952316284,-14.125210762023926,-0.8588231205940247
1.1349999904632568,-14.26688289642334,-0.8884935975074768
1.1399999856948853,-14.487608909606934,-0.9154666662216187
1.1449999809265137,-14.66382122039795,-0.9428892731666565
1.149999976158142,-14.921431541442871,-0.9703119397163391
1.1549999713897705,-14.929073333740234,-0.9963859915733337
1.159999966621399,-14.990006446838379,-1.0251573324203491
1.1649999618530273,-15.116828918457031,-1.0512312650680542
1.1699999570846558,-15.186790466308594,-1.0719106197357178
1.1749999523162842,-15.23870849609375,-1.0898927450180054
1.1799999475479126,-15.379840850830078,-1.1074250936508179
1.184999942779541,-15.450822830200195,-1.1236088275909424
1.190000057220459,-15.491150856018066,-1.1393431425094604
1.1950000524520874,-15.56665325164795,-1.1532793045043945
1.2000000476837158,-15.58838176727295,-1.1654170751571655
1.2050000429153442,-15.611214637756348,-1.1771055459976196
1.2100000381469727,-15.637129783630371,-1.1874451637268066
1.215000033378601,-15.580281257629395,-1.1946380138397217
1.2200000286102295,-15.677987098693848,-1.1986839771270752
1.225000023841858,-15.688738822937012,-1.2036290168762207
1.2300000190734863,-15.701678276062012,-1.2072254419326782
1.2350000143051147,-15.65286922454834,-1.2063263654708862
1.2400000095367432,-15.646675109863281,-1.2027299404144287
1.2450000047683716,-15.6381254196167,-1.1991335153579712
1.25,-15.535152435302734,-1.1973352432250977
1.2549999952316284,-15.569798469543457,-1.1937389373779297
1.2599999904632568,-15.488200187683105,-1.1874452829360962
1.2649999856948853,-15.454609870910645,-1.1766560077667236
1.2699999809265137,-15.389108657836914,-1.165866732597351
1.274999976158142,-15.324413299560547,-1.1546279191970825
1.2799999713897705,-15.231461524963379,-1.14159095287323
1.284999966621399,-15.203625679016113,-1.124508023262024
1.2899999618530273,-15.148188591003418,-1.1056269407272339
1.2949999570846558,-14.965972900390625,-1.0849477052688599
1.2999999523162842,-14.879372596740723,-1.0665160417556763
1.3049999475479126,-14.788817405700684,-1.0444880723953247
1.309999942779541,-14.674656867980957,-1.0220104455947876
1.315000057220459,-14.530793190002441,-0.9959364533424377
1.3200000524520874,-14.359851837158203,-0.9676146507263184
1.3250000476837158,-14.235286712646484,-0.9410911202430725
1.3300000429153442,-14.099634170532227,-0.9145675897598267
1.3350000381469727,-13.895227432250977,-0.8844476342201233
1.340000033378601,-13.690855026245117,-0.8520799279212952
1.3450000286102295,-13.563874244689941,-0.819712221622467
1.350000023841858,-13.39093017578125,-0.7864454984664917
1.3550000190734863,-13.200835227966309,-0.751829981803894
1.3600000143051147,-12.9127197265625,-0.7154163122177124
1.3650000095367432,-12.708221435546875,-0.677204430103302
1.3700000047683716,-12.454397201538086,-0.6376440525054932
1.375,-12.200491905212402,-0.596285343170166
1.3799999952316284,-11.921006202697754,-0.5558257102966309
1.3849999904632568,-11.738611221313477,-0.5171642899513245
1.3899999856948853,-11.540827751159668,-0.4771541953086853
1.3949999809265137,-11.275776863098145,-0.43624499440193176
1.399999976158142,-11.07945728302002,-0.3921889364719391
1.4049999713897705,-10.780567169189453,-0.34903204441070557
1.409999966621399,-10.562811851501465,-0.30767327547073364
1.4149999618530273,-10.303817749023438,-0.269461452960968
1.4199999570846558,-10.009411811828613,-0.23754332959651947
1.4249999523162842,-9.80387020111084,-0.19978101551532745
1.4299999475479126,-9.349340438842773,-0.15572497248649597
1.434999942779541,-9.224699974060059,-0.1107698380947113
1.440000057220459,-9.094770431518555,-0.06986065953969955
1.4450000524520874,-8.867622375488281,-0.027602845802903175
1.4500000476837158,-8.623255729675293,0.017801837995648384
1.4550000429153442,-8.365175247192383,0.06140831857919693
1.4600000381469727,-8.147433280944824,0.1014183834195137
1.465000033378601,-7.926437854766846,0.14142844080924988
1.4700000286102295,-7.752289295196533,0.18503491580486298
1.475000023841858,-7.541591644287109,0.2277422994375229
1.4800000190734863,-7.342468738555908,0.26910102367401123
1.4850000143051147,-7.133458137512207,0.309111088514328
1.4900000095367432,-6.942834377288818,0.3486716151237488
1.4950000047683716,-6.7052202224731445,0.38778260350227356
1.5,-6.528989791870117,0.4250953793525696
1.5049999952316284,-6.271735668182373,0.4588117003440857
1.5099999904632568,-5.767219543457031,0.49432626366615295
1.5149999856948853,-5.912667274475098,0.5329877138137817
1.5199999809265137,-5.749662399291992,0.5680527091026306
1.524999976158142,-5.697569847106934,0.5977230668067932
1.5299999713897705,-5.579920291900635,0.6260448694229126
1.534999966621399,-5.42594575881958,0.6534674763679504
1.5399999618530273,-5.23341703414917,0.6835874319076538
1.5449999570846558,-5.091593265533447,0.714156985282898
1.5499999523162842,-4.906260013580322,0.7420291304588318
1.5549999475479126,-4.802525997161865,0.7667544484138489
1.559999942779541,-4.687288761138916,0.7892319560050964
1.565000057220459,-4.608662128448486,0.808113157749176
1.5700000524520874,-4.549776077270508,0.8292420506477356
1.5750000476837158,-4.458439826965332,0.8472241163253784
1.5800000429153442,-4.372587203979492,0.8638575077056885
1.5850000381469727,-4.255528926849365,0.8827387094497681
1.590000033378601,-4.203154563903809,0.8957756757736206
1.5950000286102295,-4.133331775665283,0.9061153531074524
1.600000023841858,-4.041416645050049,0.9178037643432617
1.6050000190734863,-4.025798797607422,0.927693784236908
1.6100000143051147,-4.002825736999512,0.934437096118927
1.6150000095367432,-3.985297918319702,0.9402812719345093
1.6200000047683716,-3.828174114227295,0.9452263712882996
1.625,-4.014904499053955,0.9488227367401123
1.6299999952316284,-3.907968044281006,0.9524191617965698
1.6349999904632568,-3.9822816848754883,0.9524191617965698
1.6399999856948853,-4.028757572174072,0.9488227367401123
1.6449999809265137,-4.023159980773926,0.9447767734527588
1.649999976158142,-4.056565284729004,0.9362353086471558
1.6549999713897705,-4.119785785675049,0.9281433820724487
1.659999966621399,-4.170210838317871,0.9191523790359497
1.6649999618530273,-4.237941265106201,0.9070144295692444
1.6699999570846558,-4.305809497833252,0.8944270014762878
1.6749999523162842,-4.423130035400391,0.8827386498451233
1.6799999475479126,-4.48675537109375,0.86700439453125
1.684999942779541,-5.058955192565918,0.8472241163253784
1.690000057220459,-4.565310001373291,0.8269942998886108
1.6950000524520874,-4.709133625030518,0.807214081287384
1.7000000476837158,-4.795940399169922,0.7721490263938904
1.7050000429153442,-5.324682712554932,0.7235974669456482
1.7100000381469727,-5.421860694885254,0.6988721489906311
1.715000033378601,-5.331401824951172,0.6961748600006104
1.7200000286102295,-5.492338180541992,0.683137834072113
1.725000023841858,-5.659685134887695,0.656164824962616
1.7300000190734863,-5.810139179229736,0.6264943480491638
1.7350000143051147,-6.018218517303467,0.5963744521141052
1.7400000095367432,-6.135844707489014,0.5613093972206116
1.7450000047683716,-6.305782794952393,0.5253453254699707
1.75,-6.490856170654297,0.49072983860969543
1.7549999952316284,-6.744581699371338,0.45566484332084656
1.7599999904632568,-6.944417953491211,0.41745299100875854
1.7649999856948853,-7.134562969207764,0.37969067692756653
1.7699999809265137,-7.322093486785889,0.33923104405403137
1.774999976158142,-7.402743339538574,0.30191829800605774
1.7799999713897705,-7.731098175048828,0.26370641589164734
1.784999966621399,-8.0645751953125,0.22144858539104462
1.7899999618530273,-8.224013328552246,0.1796402931213379
1.7949999570846558,-8.406524658203125,0.13693292438983917
1.7999999523162842,-8.672075271606445,0.09467511624097824
1.8049999475479126,-9.010007858276367,0.05196773633360863
1.809999942779541,-9.224681854248047,0.010609016753733158
1.815000057220459,-9.438385963439941,-0.03030015341937542
1.8200000524520874,-9.737902641296387,-0.07390663027763367
1.8250000476837158,-9.941878318786621,-0.12021041661500931
1.8300000429153442,-10.20964241027832,-0.1642664670944214
1.8350000381469727,-10.46022891998291,-0.2069738507270813
1.840000033378601,-10.661890983581543,-0.2451857030391693
1.8450000286102295,-10.88960075378418,-0.27800291776657104
1.850000023841858,-11.149325370788574,-0.3153156638145447
1.8550000190734863,-11.411332130432129,-0.3584725856781006
1.8600000143051147,-11.59982681274414,-0.4007304310798645
1.8650000095367432,-11.827132225036621,-0.44074052572250366
1.8700000047683716,-12.026627540588379,-0.47985151410102844
1.875,-12.245809555053711,-0.5185129046440125
1.8799999952316284,-12.481162071228027,-0.5535779595375061
1.8849999904632568,-12.615642547607422,-0.5881933569908142
1.8899999856948853,-12.886682510375977,-0.6268547177314758
1.8949999809265137,-13.121312141418457,-0.6668647527694702
1.899999976158142,-13.370657920837402,-0.7055261731147766
1.9049999713897705,-13.553613662719727,-0.7401416301727295
1.909999966621399,-13.611411094665527,-0.7725093364715576
1.9149999618530273,-13.801271438598633,-0.8080238699913025
1.9199999570846558,-14.002142906188965,-0.8421897292137146
1.9249999523162842,-14.140893936157227,-0.8745574355125427
1.9299999475479126,-14.27717399597168,-0.9046774506568909
1.934999942779541,-14.445074081420898,-0.9312009811401367
1.940000057220459,-14.542263984680176,-0.9581741094589233
1.9450000524520874,-14.671477317810059,-0.9860462546348572
1.9500000476837158,-14.846860885620117,-1.0116708278656006
1.9550000429153442,-14.923812866210938,-1.0332491397857666
1.9600000381469727,-14.916118621826172,-1.0539286136627197
1.965000033378601,-15.039291381835938,-1.0768557786941528
1.9700000286102295,-15.192997932434082,-1.0979846715927124
1.975000023841858,-15.227448463439941,-1.1123701333999634
1.9800000190734863,-15.297528266906738,-1.1218106746673584
1.9850000143051147,-15.38385009765625,-1.1357468366622925
1.9900000095367432,-15.44590950012207,-1.1483341455459595
1.9950000047683716,-15.552886009216309,-1.157774806022644
2,-15.587176322937012,-1.1658666133880615
2.005000114440918,-15.499046325683594,-1.174408197402954
2.009999990463257,-15.506730079650879,-1.1807019710540771
2.015000104904175,-15.596817016601562,-1.1847478151321411
2.0199999809265137,-15.63754940032959,-1.1878948211669922
2.0250000953674316,-15.658476829528809,-1.1878948211669922
2.0299999713897705,-15.679539680480957,-1.1878948211669922
2.0350000858306885,-15.708280563354492,-1.1874451637268066
2.0399999618530273,-15.658145904541016,-1.1825001239776611
2.0450000762939453,-15.592607498168945,-1.1730595827102661
2.049999952316284,-15.521546363830566,-1.165866732597351
2.055000066757202,-15.482067108154297,-1.1591235399246216
2.059999942779541,-15.464749336242676,-1.1487836837768555
2.065000057220459,-15.419686317443848,-1.1375449895858765
2.069999933242798,-15.307726860046387,-1.1245081424713135
2.075000047683716,-15.1524076461792,-1.1069755554199219
2.0799999237060547,-15.058843612670898,-1.0876449346542358
2.0850000381469727,-15.013188362121582,-1.0683143138885498
2.0899999141693115,-14.869179725646973,-1.0462862253189087
2.0950000286102295,-14.758048057556152,-1.0242582559585571
2.0999999046325684,-14.62083625793457,-1.00178062915802
2.1050000190734863,-14.46438980102539,-0.9784039258956909
2.109999895095825,-14.330048561096191,-0.9532289505004883
2.115000009536743,-14.060544967651367,-0.9276045560836792
2.119999885559082,-14.00465202331543,-0.9001819491386414
2.125,-13.824871063232422,-0.8687133193016052
2.130000114440918,-13.63851547241211,-0.8376942873001099
2.134999990463257,-13.454750061035156,-0.8048770427703857
2.140000104904175,-13.026630401611328,-0.7680138349533081
2.1449999809265137,-13.03929328918457,-0.7289028763771057
2.1500000953674316,-12.843716621398926,-0.6915900707244873
2.1549999713897705,-12.579108238220215,-0.6574242115020752
2.1600000858306885,-12.349889755249023,-0.6192124485969543
2.1649999618530273,-11.94411563873291,-0.5796518921852112
2.1700000762939453,-11.816276550292969,-0.5427887439727783
2.174999952316284,-11.541715621948242,-0.5072741508483887
2.180000066757202,-11.402852058410645,-0.46951183676719666
2.184999942779541,-11.181092262268066,-0.42770352959632874
2.190000057220459,-10.983962059020996,-0.38409703969955444
2.194999933242798,-10.81161880493164,-0.33959144353866577
2.200000047683716,-10.474039077758789,-0.2986822724342346
2.2049999237060547,-10.351099014282227,-0.2640668451786041
2.2100000381469727,-10.077366828918457,-0.22990097105503082
2.2149999141693115,-9.836238861083984,-0.193037748336792
2.2200000286102295,-9.605462074279785,-0.1543763279914856
2.2249999046325684,-9.391702651977539,-0.1112193912267685
2.2300000190734863,-9.18868350982666,-0.06671380996704102
2.234999895095825,-8.945049285888672,-0.023107333108782768
2.240000009536743,-8.712630271911621,0.020049594342708588
2.244999885559082,-8.46987247467041,0.06230742111802101
2.25,-8.257628440856934,0.10366615653038025
2.255000114440918,-8.055054664611816,0.14367620646953583
2.259999990463257,-7.804372787475586,0.18773223459720612
2.265000104904175,-7.610779762268066,0.22954051196575165
2.2699999809265137,-7.395320415496826,0.2659541666507721
2.2750000953674316,-7.2017502784729,0.3050651550292969
2.2799999713897705,-7.0074687004089355,0.34417614340782166
2.2850000858306885,-6.823191165924072,0.37924113869667053
2.2899999618530273,-6.648091793060303,0.41790255904197693
2.2950000762939453,-6.418027400970459,0.45566484332084656
2.299999952316284,-6.227685451507568,0.4907298684120178
2.305000066757202,-5.985317707061768,0.5280426144599915
2.309999942779541,-5.910925388336182,0.5608599185943604
2.315000057220459,-5.668337345123291,0.589631199836731
2.319999933242798,-5.561035633087158,0.6219989061355591
2.325000047683716,-5.417675971984863,0.6548161506652832
2.3299999237060547,-5.283041477203369,0.6858351826667786
2.3350000381469727,-5.1107659339904785,0.7114596366882324
2.3399999141693115,-4.9863176345825195,0.7357354164123535
2.3450000286102295,-4.883379936218262,0.7618094086647034
2.3499999046325684,-4.742474555969238,0.7847365140914917
2.3550000190734863,-4.681442737579346,0.8031680583953857
2.359999895095825,-4.589940547943115,0.817104160785675
2.365000009536743,-4.47799015045166,0.8341871500015259
2.369999885559082,-4.394156455993652,0.8539673686027527
2.375,-4.25465726852417,0.8714998960494995
2.380000114440918,-4.20689582824707,0.8863350749015808
2.384999990463257,-4.1691741943359375,0.8984729647636414
2.390000104904175,-4.146638870239258,0.9079135656356812
2.3949999809265137,-4.07012414932251,0.9151063561439514
2.4000000953674316,-4.058342933654785,0.9218496680259705
2.4049999713897705,-4.022279262542725,0.9263451099395752
2.4100000858306885,-4.0030131340026855,0.9294920563697815
2.4149999618530273,-3.9813106060028076,0.933538019657135
2.4200000762939453,-4.016261100769043,0.9362353682518005
2.424999952316284,-4.017138481140137,0.9353362321853638
2.430000066757202,-4.033066749572754,0.933088481426239
2.434999942779541,-4.0638508796691895,0.927244246006012
2.440000057220459,-4.108017921447754,0.9196019172668457
2.444999933242798,-4.156666278839111,0.9137577414512634
2.450000047683716,-4.166628837585449,0.9074640274047852
2.4549999237060547,-4.275189399719238,0.8962252140045166
2.4600000381469727,-4.340166091918945,0.8818395733833313
2.4649999141693115,-4.418810844421387,0.866554856300354
2.4700000286102295,-4.540073871612549,0.8508205413818359
2.4749999046325684,-4.635280609130859,0.8350862264633179
2.4800000190734863,-4.720915794372559,0.8193519711494446
2.484999895095825,-4.814316272735596,0.7982230186462402
2.490000009536743,-4.942452907562256,0.7716994881629944
2.494999885559082,-5.089413166046143,0.7483228445053101
2.5,-5.238298416137695,0.724047064781189
2.505000114440918,-5.340161323547363,0.6970739960670471
2.509999990463257,-5.403820991516113,0.6687521934509277
2.515000104904175,-5.687157154083252,0.6408800482749939
2.5199999809265137,-5.902530670166016,0.6125583052635193
2.5250000953674316,-6.0878729820251465,0.5801905989646912
2.5299999713897705,-6.275391101837158,0.547822892665863
2.5350000858306885,-6.447807312011719,0.5154551863670349
2.5399999618530273,-6.627603530883789,0.4812892973423004
2.5450000762939453,-6.829997539520264,0.44262784719467163
2.549999952316284,-7.04608678817749,0.40351688861846924
2.555000066757202,-7.216894149780273,0.36575454473495483
2.559999942779541,-7.456543445587158,0.3293409049510956
2.565000057220459,-7.754374980926514,0.2906794846057892
2.569999933242798,-7.952042102813721,0.2506694197654724
2.575000047683716,-8.092408180236816,0.21155844628810883
2.5799999237060547,-8.343173027038574,0.1737961322069168
2.5850000381469727,-8.572105407714844,0.13468517363071442
2.5899999141693115,-8.815062522888184,0.09242735803127289
2.5950000286102295,-9.08486270904541,0.04612357169389725
2.5999999046325684,-9.327007293701172,0.002517092041671276
2.6050000190734863,-9.542864799499512,-0.03884163126349449
2.609999895095825,-9.803135871887207,-0.0770534947514534
2.615000009536743,-10.020116806030273,-0.11886176466941833
2.619999885559082,-10.207225799560547,-0.1638169139623642
2.625,-10.413862228393555,-0.20967113971710205
2.630000114440918,-10.646342277526855,-0.24788302183151245
2.634999990463257,-10.944931983947754,-0.2789020538330078
2.640000104904175,-11.151494026184082,-0.31171923875808716
2.6449999809265137,-11.335073471069336,-0.3526284396648407
2.6500000953674316,-11.531326293945312,-0.3957853615283966
2.6549999713897705,-11.748520851135254,-0.43669456243515015
2.6600000858306885,-11.927838325500488,-0.471759557723999
2.6649999618530273,-12.133299827575684,-0.5059254765510559
2.6700000762939453,-12.34724235534668,-0.5481833219528198
2.674999952316284,-12.556609153747559,-0.589092493057251
2.680000066757202,-12.803794860839844,-0.6232582926750183
2.684999942779541,-12.952075004577637,-0.6596720218658447
2.690000057220459,-13.104341506958008,-0.6992324590682983
2.694999933242798,-13.38190746307373,-0.736095666885376
2.700000047683716,-13.582315444946289,-0.7868949770927429
2.7049999237060547,-14.002645492553711,-0.8444375991821289
2.7100000381469727,-14.126720428466797,-0.8768052458763123
2.7149999141693115,-13.957749366760254,-0.8799521327018738
2.7200000286102295,-14.099742889404297,-0.8934386968612671
2.7249999046325684,-14.274884223937988,-0.9204117655754089
2.7300000190734863,-14.401589393615723,-0.945586621761322
2.734999895095825,-14.525860786437988,-0.9707615375518799
2.740000009536743,-14.683548927307129,-0.9945877194404602
2.744999885559082,-14.796889305114746,-1.0143680572509766
2.75,-14.927289009094238,-1.0368456840515137
2.755000114440918,-15.056591033935547,-1.0593233108520508
2.759999990463257,-15.071430206298828,-1.0759565830230713
2.765000104904175,-15.150635719299316,-1.0939387083053589
2.7699999809265137,-15.248238563537598,-1.1123701333999634
2.7750000953674316,-15.378339767456055,-1.126306176185608
2.7799999713897705,-15.48412799835205,-1.135297179222107
2.7850000858306885,-15.530699729919434,-1.145187258720398
2.7899999618530273,-15.562788009643555,-1.1532793045043945
2.7950000762939453,-15.601390838623047,-1.1604721546173096
2.799999952316284,-15.672514915466309,-1.165866732597351
2.805000066757202,-15.703499794006348,-1.167664885520935
2.809999942779541,-15.730023384094238,-1.168563961982727
2.815000057220459,-15.65616226196289,-1.1726100444793701
2.819999933242798,-15.647797584533691,-1.1730595827102661
2.825000047683716,-15.659629821777344,-1.1676650047302246
2.8299999237060547,-15.587407112121582,-1.1627198457717896
2.8350000381469727,-15.52859878540039,-1.156875729560852
2.8399999141693115,-15.453874588012695,-1.151031494140625
2.8450000286102295,-15.378580093383789,-1.140242338180542
2.8499999046325684,-15.301416397094727,-1.12495756149292
2.8550000190734863,-15.244678497314453,-1.111021637916565
2.859999895095825,-15.139122009277344,-1.0993332862854004
2.865000009536743,-15.08591365814209,-1.0885441303253174
2.869999885559082,-14.96759033203125,-1.0737088918685913
2.875,-14.788063049316406,-1.0539286136627197
2.880000114440918,-14.670490264892578,-1.0319006443023682
2.884999990463257,-14.545088768005371,-1.007624864578247
2.890000104904175,-14.412581443786621,-0.9846975803375244
2.8949999809265137,-14.275898933410645,-0.9626696109771729
2.9000000953674316,-14.155414581298828,-0.9392929077148438
2.9049999713897705,-14.015254974365234,-0.9132188558578491
2.9100000858306885,-13.834136009216309,-0.8839980959892273
2.9149999618530273,-13.676276206970215,-0.8534286022186279
2.9200000762939453,-13.425145149230957,-0.8215104341506958
2.924999952316284,-13.355759620666504,-0.7882436513900757
2.930000066757202,-13.144630432128906,-0.7549768686294556
2.934999942779541,-12.983878135681152,-0.7217100858688354
2.940000057220459,-12.748501777648926,-0.6659657955169678
2.944999933242798,-12.197342872619629,-0.59583580493927
2.950000047683716,-11.88863468170166,-0.5589725971221924
2.9549999237060547,-12.04796314239502,-0.5544770359992981
2.9600000381469727,-11.880830764770508,-0.5396418571472168
2.9649999141693115,-11.719136238098145,-0.5018795132637024
2.9700000286102295,-11.515989303588867,-0.4618694484233856
2.9749999046325684,-11.28002643585205,-0.42230892181396484
2.9800000190734863,-11.128885269165039,-0.3805006444454193
2.984999895095825,-10.925860404968262,-0.33959144353866577
2.990000009536743,-10.706427574157715,-0.30227866768836975
2.994999885559082,-10.445780754089355,-0.26766324043273926
3,-10.168169021606445,-0.23304782807826996
3.005000114440918,-9.987809181213379,-0.193487286567688
3.009999990463257,-9.728300094604492,-0.15212857723236084
3.015000104904175,-9.59615421295166,-0.11166894435882568
3.0199999809265137,-8.74118709564209,-0.06941111385822296
3.0250000953674316,-8.781582832336426,-0.025804642587900162
3.0299999713897705,-9.03311824798584,0.016453184187412262
3.0350000858306885,-8.767776489257812,0.05691280588507652
3.0399999618530273,-8.2857666015625,0.09602377563714981
3.0450000762939453,-8.176806449890137,0.13693293929100037
3.049999952316284,-7.881134033203125,0.18008984625339508
3.055000066757202,-7.87436580657959,0.222347691655159
3.059999942779541,-7.516635894775391,0.2614586651325226
3.065000057220459,-7.336167812347412,0.29742276668548584
3.069999933242798,-7.123459815979004,0.33563464879989624
3.075000047683716,-6.956181049346924,0.375195175409317
3.0799999237060547,-6.748775005340576,0.4111592769622803
3.0850000381469727,-6.520040512084961,0.4448756277561188
3.0899999141693115,-6.290726184844971,0.481738805770874
3.0950000286102295,-6.114738464355469,0.5154551863670349
3.0999999046325684,-5.964308738708496,0.5446760058403015
3.1050000190734863,-5.823423385620117,0.5734473466873169
3.109999895095825,-5.666594982147217,0.6031177043914795
3.115000009536743,-5.4665207862854,0.6323385834693909
3.119999885559082,-5.30217981338501,0.6620089411735535
3.125,-5.1757097244262695,0.6894316077232361
3.130000114440918,-5.035695552825928,0.7137073874473572
3.134999990463257,-4.916019916534424,0.7379831671714783
3.140000104904175,-4.7837324142456055,0.7604607343673706
3.1449999809265137,-4.709280967712402,0.7806904911994934
3.1500000953674316,-4.650472164154053,0.8004708290100098
3.1549999713897705,-4.53068733215332,0.8184528350830078
3.1600000858306885,-4.393876552581787,0.8364349007606506
3.1649999618530273,-4.3218865394592285,0.8512700796127319
3.1700000762939453,-4.276698112487793,0.8643070459365845
3.174999952316284,-4.221559047698975,0.8764449954032898
3.180000066757202,-4.137678146362305,0.8854359984397888
3.184999942779541,-4.130682468414307,0.8939775228500366
3.190000057220459,-4.074795246124268,0.9034180641174316
3.194999933242798,-4.056447982788086,0.9115099906921387
3.200000047683716,-4.030374050140381,0.9137577414512634
3.2049999237060547,-4.007987022399902,0.9128586053848267
3.2100000381469727,-4.045290470123291,0.9119595289230347
3.2149999141693115,-4.039268970489502,0.9133082032203674
3.2200000286102295,-4.076659202575684,0.9137577414512634
3.2249999046325684,-4.14146089553833,0.9083631634712219
3.2300000190734863,-4.144240379333496,0.9002712368965149
3.234999895095825,-4.176846027374268,0.8944270014762878
3.240000009536743,-4.248134613037109,0.8849864602088928
3.244999885559082,-4.291810989379883,0.8719494938850403
3.25,-4.419648170471191,0.8598116040229797
3.255000114440918,-4.508399486541748,0.8458755016326904
3.259999990463257,-4.597003936767578,0.8301411867141724
3.265000104904175,-4.694939136505127,0.8148564100265503
3.2699999809265137,-4.812500953674316,0.7982230186462402
3.2750000953674316,-4.891575813293457,0.7797914147377014
3.2799999713897705,-5.025605201721191,0.7555156350135803
3.2850000858306885,-5.168030261993408,0.7303407788276672
3.2899999618530273,-5.2803568840026855,0.7060649991035461
3.2950000762939453,-5.4728169441223145,0.681339681148529
3.299999952316284,-5.6409759521484375,0.6543666124343872
3.305000066757202,-5.781014442443848,0.6264944076538086
3.309999942779541,-5.936825275421143,0.5995213389396667
3.315000057220459,-6.111846923828125,0.5698509216308594
3.319999933242798,-6.27107572555542,0.5383822917938232
3.325000047683716,-6.455711364746094,0.5042164325714111
3.3299999237060547,-6.655819892883301,0.4678027331829071
3.3350000381469727,-6.894140243530273,0.4340863823890686
3.3399999141693115,-7.060743808746338,0.39767271280288696
3.3450000286102295,-7.284859657287598,0.35991042852401733
3.3499999046325684,-7.483405590057373,0.3225976228713989
3.3550000190734863,-7.691268444061279,0.28708311915397644
3.359999895095825,-7.911664962768555,0.24842165410518646
3.365000009536743,-8.113423347473145,0.20616383850574493
3.369999885559082,-8.332490921020508,0.16570420563220978
3.375,-8.534234046936035,0.12704281508922577
3.380000114440918,-8.645201683044434,0.08613364398479462
3.384999990463257,-8.939483642578125,0.04297671094536781
3.390000104904175,-9.288223266601562,0.0016179897356778383
3.3949999809265137,-9.492389678955078,-0.03884163126349449
3.4000000953674316,-9.706696510314941,-0.07885169982910156
3.4049999713897705,-9.905336380004883,-0.11976087093353271
3.4100000858306885,-10.17185115814209,-0.16156916320323944
3.4149999618530273,-10.36865520477295,-0.20517563819885254
3.4200000762939453,-10.556730270385742,-0.2451857179403305
3.424999952316284,-10.846526145935059,-0.27755334973335266
3.430000066757202,-10.960787773132324,-0.3081228733062744
3.434999942779541,-11.099815368652344,-0.34453651309013367
3.440000057220459,-11.428669929504395,-0.3849961459636688
3.444999933242798,-11.656166076660156,-0.4259053170681
3.450000047683716,-11.914196014404297,-0.4668145179748535
3.4549999237060547,-12.047113418579102,-0.5045768618583679
3.4600000381469727,-12.299965858459473,-0.5418896079063416
3.4649999141693115,-12.453473091125488,-0.5805509686470032
3.4700000286102295,-12.744294166564941,-0.6398916840553284
3.4749999046325684,-13.282771110534668,-0.7082235217094421
3.4800000190734863,-13.464943885803223,-0.745086669921875
3.484999895095825,-13.301657676696777,-0.7486831545829773
3.490000009536743,-13.485840797424316,-0.7630687952041626
3.494999885559082,-13.652604103088379,-0.7954365015029907
3.5,-13.83239459991455,-0.8264554738998413
3.505000114440918,-13.98343276977539,-0.8538780808448792
3.509999990463257,-14.126267433166504,-0.8799521327018738
3.515000104904175,-14.223664283752441,-0.9087234139442444
3.5199999809265137,-14.35046672821045,-0.9383938312530518
3.5250000953674316,-14.4899263381958,-0.9631191492080688
3.5299999713897705,-14.657561302185059,-0.9837985038757324
3.5350000858306885,-14.806605339050293,-1.0071752071380615
3.5399999618530273,-14.82303237915039,-1.0287537574768066
3.5450000762939453,-14.96262264251709,-1.0476348400115967
3.549999952316284,-15.095545768737793,-1.0660665035247803
3.555000066757202,-15.186970710754395,-1.0818008184432983
3.559999942779541,-15.164994239807129,-1.0930395126342773
3.565000057220459,-15.306947708129883,-1.1078747510910034
3.569999933242798,-15.386914253234863,-1.1209115982055664
3.575000047683716,-15.401461601257324,-1.1312512159347534
3.5799999237060547,-15.496587753295898,-1.14159095287323
3.5850000381469727,-15.54081916809082,-1.149233341217041
3.5899999141693115,-15.454314231872559,-1.1532793045043945
3.5950000286102295,-15.518115043640137,-1.1546279191970825
3.5999999046325684,-15.589418411254883,-1.1550774574279785
3.6050000190734863,-15.611102104187012,-1.157325267791748
3.609999895095825,-15.488638877868652,-1.156426191329956
3.615000009536743,-15.477285385131836,-1.1541783809661865
3.619999885559082,-15.441398620605469,-1.1532793045043945
3.625,-15.332819938659668,-1.1460864543914795
3.630000114440918,-15.302681922912598,-1.129902720451355
3.634999990463257,-15.086047172546387,-1.1092233657836914
3.640000104904175,-15.09230899810791,-1.099782943725586
3.6449999809265137,-15.08220100402832,-1.0979846715927124
3.6500000953674316,-14.975584983825684,-1.0921404361724854
3.6549999713897705,-14.891884803771973,-1.0782043933868408
3.6600000858306885,-14.777471542358398,-1.0615710020065308
3.6649999618530273,-14.658304214477539,-1.0413411855697632
3.6700000762939453,-14.500005722045898,-1.0202122926712036
3.674999952316284,-14.436494827270508,-0.9986337423324585
3.680000066757202,-14.304859161376953,-0.9784038662910461
3.684999942779541,-14.187687873840332,-0.9550272226333618
3.690000057220459,-14.055941581726074,-0.929852306842804
3.694999933242798,-13.81216812133789,-0.8997324109077454
3.700000047683716,-13.514190673828125,-0.869612455368042
3.7049999237060547,-13.609710693359375,-0.8426393270492554
3.7100000381469727,-13.359355926513672,-0.8143175840377808
3.7149999141693115,-13.185205459594727,-0.7855463624000549
3.7200000286102295,-13.062661170959473,-0.751829981803894
3.7249999046325684,-12.928348541259766,-0.7185631394386292
3.7300000190734863,-12.708608627319336,-0.6843972206115723
3.734999895095825,-12.511669158935547,-0.6511304974555969
3.740000009536743,-12.217702865600586,-0.6133682727813721
3.744999885559082,-12.003740310668945,-0.5765050649642944
3.75,-11.624065399169922,-0.5400913953781128
3.755000114440918,-11.400924682617188,-0.5023290514945984
3.759999990463257,-11.405309677124023,-0.46456676721572876
3.765000104904175,-11.243268966674805,-0.4250062108039856
3.7699999809265137,-11.090752601623535,-0.3813997507095337
3.7750000953674316,-10.866676330566406,-0.337793231010437
3.7799999713897705,-10.499507904052734,-0.29733362793922424
3.7850000858306885,-10.157835006713867,-0.2658650577068329
3.7899999618530273,-10.126843452453613,-0.23709379136562347
3.7950000762939453,-9.867436408996582,-0.20112967491149902
3.799999952316284,-9.660515785217285,-0.1584222912788391
3.805000066757202,-9.450563430786133,-0.1157149076461792
3.809999942779541,-9.229818344116211,-0.07615438848733902
3.815000057220459,-9.045400619506836,-0.034795667976140976
3.819999933242798,-8.810811042785645,0.007462157402187586
3.825000047683716,-8.57588005065918,0.04792177677154541
3.8299999237060547,-7.583174705505371,0.08838140219449997
3.8350000381469727,-8.109964370727539,0.12884101271629333
3.8399999141693115,-7.8747382164001465,0.1693006306886673
3.8450000286102295,-7.650572299957275,0.20706294476985931
3.8499999046325684,-7.530946254730225,0.24437569081783295
3.8550000190734863,-7.335293769836426,0.2843857705593109
3.859999895095825,-7.06051778793335,0.3194507956504822
3.865000009536743,-6.871127605438232,0.3522680699825287
3.869999885559082,-6.6826701164245605,0.3873330354690552
3.875,-6.477865695953369,0.4237467050552368
3.880000114440918,-6.30112361907959,0.4597108066082001
3.884999990463257,-6.158248424530029,0.49477580189704895
3.890000104904175,-6.000931262969971,0.5262444019317627
3.8949999809265137,-5.839679718017578,0.5563643574714661
3.9000000953674316,-5.7335710525512695,0.5869338512420654
3.9049999713897705,-5.5478515625,0.6170538067817688
3.9100000858306885,-5.3588762283325195,0.6440268754959106
3.9149999618530273,-5.186868190765381,0.6710000038146973
3.9200000762939453,-5.098377227783203,0.6970739960670471
3.924999952316284,-4.98157262802124,0.7209001779556274
3.930000066757202,-4.891941070556641,0.7415795922279358
3.934999942779541,-4.790395259857178,0.7613598704338074
3.940000057220459,-4.706237316131592,0.7820391654968262
3.944999933242798,-4.6248273849487305,0.8013699054718018
3.950000047683716,-4.538863182067871,0.8184528350830078
3.9549999237060547,-4.454787254333496,0.8341871500015259
3.9600000381469727,-4.340784549713135,0.8481231927871704
3.9649999141693115,-3.9288132190704346,0.8598116040229797
3.9700000286102295,-4.191521167755127,0.8714998960494995
3.9749999046325684,-4.2077317237854,0.8836377859115601
3.9800000190734863,-4.226705074310303,0.8903810977935791
3.984999895095825,-4.164804935455322,0.8926287889480591
3.990000009536743,-4.175153732299805,0.8957756757736206
3.994999885559082,-4.202249526977539,0.8989225625991821
4,-4.190576553344727,0.8962252140045166
4.005000114440918,-4.224542617797852,0.8930783271789551
4.010000228881836,-4.240057945251465,0.8921792507171631
4.014999866485596,-4.279303073883057,0.8890324234962463
4.019999980926514,-4.3171234130859375,0.8836377859115601
4.025000095367432,-4.360833168029785,0.8773440718650818
4.03000020980835,-4.440189361572266,0.8701512813568115
4.034999847412109,-4.504402160644531,0.8566646575927734
4.039999961853027,-4.5989990234375,0.8422790169715881
4.045000076293945,-4.677768230438232,0.8314898014068604
4.050000190734863,-4.786175727844238,0.8175537586212158
4.054999828338623,-4.881381034851074,0.7959752678871155
4.059999942779541,-4.960704326629639,0.7730481624603271
4.065000057220459,-5.0544633865356445,0.7559652328491211
4.070000171661377,-5.19204568862915,0.7375336289405823
4.074999809265137,-5.356974124908447,0.7146064639091492
4.079999923706055,-5.475223541259766,0.6916793584823608
4.085000038146973,-5.703017711639404,0.6683027148246765
4.090000152587891,-5.800883769989014,0.6426782011985779
4.09499979019165,-5.947740077972412,0.6125583052635193
4.099999904632568,-6.1035284996032715,0.5842365622520447
4.105000019073486,-6.252564907073975,0.5563643574714661
4.110000133514404,-6.419177055358887,0.523097574710846
4.114999771118164,-6.592024326324463,0.4862343370914459
4.119999885559082,-6.78624963760376,0.45116934180259705
4.125,-7.0223708152771,0.4183520972728729
4.130000114440918,-7.190468788146973,0.3859843909740448
4.135000228881836,-7.3820624351501465,0.3531671166419983
4.139999866485596,-7.568860054016113,0.3149552643299103
4.144999980926514,-7.770876884460449,0.2753947377204895
4.150000095367432,-7.961060523986816,0.2371828705072403
4.15500020980835,-8.008626937866211,0.20121876895427704
4.159999847412109,-8.333060264587402,0.16210781037807465
4.164999961853027,-8.616579055786133,0.12164819985628128
4.170000076293945,-8.825235366821289,0.08343632519245148
4.175000190734863,-9.07605266571045,0.04207760840654373
4.179999828338623,-9.296502113342285,-0.0006297663785517216
4.184999942779541,-9.534196853637695,-0.04288759082555771
4.190000057220459,-9.775081634521484,-0.08514541387557983
4.195000171661377,-9.959830284118652,-0.126054584980011
4.199999809265137,-10.232563018798828,-0.16741332411766052
4.204999923706055,-10.392253875732422,-0.21012069284915924
4.210000038146973,-10.648859024047852,-0.24698390066623688
4.215000152587891,-10.917115211486816,-0.27845248579978943
4.21999979019165,-11.118280410766602,-0.31171926856040955
4.224999904632568,-11.289529800415039,-0.3521788716316223
4.230000019073486,-11.496441841125488,-0.3921889662742615
4.235000133514404,-11.69594669342041,-0.4281530976295471
4.239999771118164,-11.775976181030273,-0.46636494994163513
4.244999885559082,-12.062607765197754,-0.5027785897254944
4.25,-12.389867782592773,-0.538293182849884
4.255000114440918,-12.565445899963379,-0.5769545435905457
4.260000228881836,-12.779450416564941,-0.6156159043312073
4.264999866485596,-12.982544898986816,-0.6497818231582642
4.269999980926514,-13.099908828735352,-0.6821495294570923
4.275000095367432,-13.343714714050293,-0.7145172357559204
4.28000020980835,-13.49547290802002,-0.7468849420547485
4.284999847412109,-13.696208000183105,-0.7783535718917847
4.289999961853027,-13.873308181762695,-0.809822142124176
4.295000076293945,-14.043883323669434,-0.8408411145210266
4.300000190734863,-14.133910179138184,-0.8700619339942932
4.304999828338623,-14.234667778015137,-0.8956864476203918
4.309999942779541,-14.423548698425293,-0.9181639552116394
4.315000057220459,-14.548380851745605,-0.9397424459457397
4.320000171661377,-14.646029472351074,-0.9613209366798401
4.324999809265137,-14.766664505004883,-0.9837984442710876
4.329999923706055,-14.8549222946167,-1.0053770542144775
4.335000038146973,-14.978620529174805,-1.0251573324203491
4.340000152587891,-15.0762357711792,-1.0444880723953247
4.34499979019165,-15.148369789123535,-1.0624700784683228
4.349999904632568,-15.152173042297363,-1.0782043933868408
4.355000019073486,-15.108476638793945,-1.0876449346542358
4.360000133514404,-15.306894302368164,-1.0975351333618164
4.364999771118164,-15.303140640258789,-1.1074252128601074
4.369999885559082,-15.353656768798828,-1.115966558456421
4.375,-15.356752395629883,-1.1222602128982544
4.380000114440918,-15.344924926757812,-1.1290035247802734
4.385000228881836,-15.410122871398926,-1.133499026298523
4.389999866485596,-15.390151977539062,-1.1352972984313965
4.394999980926514,-15.304834365844727,-1.1352972984313965
4.400000095367432,-15.3775053024292,-1.134398102760315
4.40500020980835,-15.299360275268555,-1.1308016777038574
4.409999847412109,-15.202823638916016,-1.1276549100875854
4.414999961853027,-15.202936172485352,-1.1245081424713135
4.420000076293945,-15.184151649475098,-1.115517020225525
4.425000190734863,-15.145291328430176,-1.1033793687820435
4.429999828338623,-14.972636222839355,-1.0948377847671509
4.434999942779541,-14.967238426208496,-1.0849477052688599
4.440000057220459,-14.918693542480469,-1.0696629285812378
4.445000171661377,-14.771016120910645,-1.0543781518936157
4.449999809265137,-14.726705551147461,-1.0377447605133057
4.454999923706055,-14.549613952636719,-1.019313097000122
4.460000038146973,-14.446470260620117,-0.9963859915733337
4.465000152587891,-14.330747604370117,-0.9752569794654846
4.46999979019165,-14.193435668945312,-0.9559262990951538
4.474999904632568,-14.127204895019531,-0.9329991936683655
4.480000019073486,-13.978422164916992,-0.9069252014160156
4.485000133514404,-13.85891342163086,-0.8821998238563538
4.489999771118164,-13.723877906799316,-0.8579241037368774
4.494999885559082,-13.53581714630127,-0.8305014371871948
4.5,-13.373579025268555,-0.7967851161956787
4.505000114440918,-13.259358406066895,-0.7653164863586426
4.510000228881836,-13.029447555541992,-0.7369948029518127
4.514999866485596,-12.809874534606934,-0.7037279605865479
4.519999980926514,-12.644527435302734,-0.6655161380767822
4.525000095367432,-12.405637741088867,-0.6277539730072021
4.53000020980835,-12.16241455078125,-0.5913402438163757
4.534999847412109,-11.98133373260498,-0.5558257102966309
4.539999961853027,-11.793232917785645,-0.5185129046440125
4.545000076293945,-11.569107055664062,-0.47985151410102844
4.550000190734863,-11.492605209350586,-0.44163960218429565
4.554999828338623,-11.198440551757812,-0.40387728810310364
4.559999942779541,-10.94489574432373,-0.36521586775779724
4.565000057220459,-10.816193580627441,-0.3243066966533661
4.570000171661377,-10.555418014526367,-0.2860948145389557
4.574999809265137,-10.237740516662598,-0.2546262741088867
4.579999923706055,-10.019098281860352,-0.22360724210739136
4.585000038146973,-9.782035827636719,-0.18629448115825653
4.590000152587891,-9.609169960021973,-0.14358709752559662
4.59499979019165,-9.398462295532227,-0.09863194823265076
4.599999904632568,-9.1995267868042,-0.05817233771085739
4.605000019073486,-8.938170433044434,-0.020410025492310524
4.610000133514404,-8.678109169006348,0.018251389265060425
4.614999771118164,-8.432840347290039,0.056912802159786224
4.619999885559082,-8.252494812011719,0.096473328769207
4.625,-8.032870292663574,0.136033833026886
4.630000114440918,-7.828795433044434,0.17559434473514557
4.635000228881836,-7.642669677734375,0.21470531821250916
4.639999866485596,-7.4311394691467285,0.2511189579963684
4.644999980926514,-7.211451053619385,0.2902299463748932
4.650000095367432,-7.029728889465332,0.3270931839942932
4.65500020980835,-6.845409870147705,0.35991039872169495
4.659999847412109,-6.625356674194336,0.3958745002746582
4.664999961853027,-6.299686908721924,0.42824220657348633
4.670000076293945,-6.292314529418945,0.46016037464141846
4.675000190734863,-6.133904457092285,0.49432626366615295
4.679999828338623,-5.972687244415283,0.5284922122955322
4.684999942779541,-5.844107627868652,0.5604103207588196
4.690000057220459,-5.709571361541748,0.590530276298523
4.695000171661377,-5.533771991729736,0.6184024810791016
4.699999809265137,-5.379752159118652,0.6431277990341187
4.704999923706055,-5.249552249908447,0.6669540405273438
4.710000038146973,-5.145818710327148,0.6912298202514648
4.715000152587891,-5.011543273925781,0.7137073874473572
4.71999979019165,-4.90906286239624,0.7370840907096863
4.724999904632568,-4.839211940765381,0.7586625218391418
4.730000019073486,-4.7348551750183105,0.7793418765068054
4.735000133514404,-4.6614861488342285,0.7968743443489075
4.739999771118164,-4.597960948944092,0.8108104467391968
4.744999885559082,-4.540464401245117,0.8251960277557373
4.75,-4.4637980461120605,0.8413798809051514
4.755000114440918,-4.397624492645264,0.8557655811309814
4.760000228881836,-4.370423793792725,0.8652061820030212
4.764999866485596,-4.352180004119873,0.8697017431259155
4.769999980926514,-4.360610008239746,0.875545859336853
4.775000095367432,-4.288649559020996,0.8809404969215393
4.78000020980835,-4.2875542640686035,0.8854359984397888
4.784999847412109,-4.309938430786133,0.8894819617271423
4.789999961853027,-4.275962829589844,0.8908306360244751
4.795000076293945,-4.312600135803223,0.8881333470344543
4.800000190734863,-4.3436665534973145,0.8836377859115601
4.804999828338623,-4.383502960205078,0.8786926865577698
4.809999942779541,-4.421146392822266,0.8719494342803955
4.815000057220459,-4.4564056396484375,0.8652061820030212
4.820000171661377,-4.5249786376953125,0.8553160429000854
4.824999809265137,-4.597990989685059,0.8440772891044617
4.829999923706055,-4.678218364715576,0.8346366286277771
4.835000038146973,-4.759035587310791,0.8247465491294861
4.840000152587891,-4.826162815093994,0.8121591210365295
4.84499979019165,-4.952739238739014,0.7910301685333252
4.849999904632568,-5.037378311157227,0.7681030631065369
4.855000019073486,-5.1501145362854,0.7492219805717468
4.860000133514404,-5.243856906890869,0.7303407788276672
4.864999771118164,-5.396412372589111,0.7069640755653381
4.869999885559082,-5.5436835289001465,0.6790918707847595
4.875,-5.6228837966918945,0.6521188020706177
4.880000114440918,-5.79191255569458,0.6260448694229126
4.885000228881836,-5.987847328186035,0.59862220287323
4.889999866485596,-6.141702651977539,0.5685022473335266
4.894999980926514,-6.309817314147949,0.5379327535629272
4.900000095367432,-6.452148914337158,0.5060145854949951
4.90500020980835,-6.6529459953308105,0.47544512152671814
4.909999847412109,-6.858576774597168,0.4448755979537964
4.914999961853027,-7.046727180480957,0.4098106026649475
4.920000076293945,-7.210441589355469,0.376094251871109
4.925000190734863,-7.43314266204834,0.34102925658226013
4.929999828338623,-7.648842811584473,0.30686333775520325
4.934999942779541,-7.881795883178711,0.27269744873046875
4.940000057220459,-8.064078330993652,0.23583422601222992
4.945000171661377,-8.316986083984375,0.19627369940280914
4.949999809265137,-8.426410675048828,0.15896093845367432
4.954999923706055,-8.652138710021973,0.12029953300952911
4.960000038146973,-8.849076271057129,0.07849127054214478
4.965000152587891,-9.092339515686035,0.037582095712423325
4.96999979019165,-9.331522941589355,-0.004226177930831909
4.974999904632568,-9.515685081481934,-0.046484000980854034
4.980000019073486,-9.691811561584473,-0.08379676192998886
4.985000133514404,-9.938433647155762,-0.12425638735294342
4.989999771118164,-10.1788911819458,-0.16741332411766052
4.994999885559082,-10.377395629882812,-0.20877204835414886
5,-10.600166320800781,-0.2456352710723877
5.005000114440918,-10.843599319458008,-0.27755337953567505
5.010000228881836,-11.084571838378906,-0.3103705942630768
5.014999866485596,-11.267451286315918,-0.3485824763774872
5.019999980926514,-11.423882484436035,-0.38769346475601196
5.025000095367432,-11.723614692687988,-0.42725399136543274
5.03000020980835,-11.90963363647461,-0.4641171991825104
5.034999847412109,-12.080815315246582,-0.5000813007354736
5.039999961853027,-12.270137786865234,-0.538293182849884
5.045000076293945,-12.510880470275879,-0.5751563906669617
5.050000190734863,-12.735113143920898,-0.6111204028129578
5.054999828338623,-12.90231990814209,-0.6475341320037842
5.059999942779541,-13.085020065307617,-0.6812504529953003
5.065000057220459,-13.323001861572266,-0.7136181592941284
5.070000171661377,-13.4666109085083,-0.7450867295265198
5.074999809265137,-13.638382911682129,-0.7734084129333496
5.079999923706055,-13.751827239990234,-0.8017301559448242
5.085000038146973,-13.932512283325195,-0.8296023607254028
5.090000152587891,-14.07475471496582,-0.8601717948913574
5.09499979019165,-14.206913948059082,-0.8862457871437073
5.099999904632568,-14.322471618652344,-0.9105215668678284
5.105000019073486,-14.416247367858887,-0.937944233417511
5.110000133514404,-14.52167797088623,-0.9608713388442993
5.114999771118164,-14.655080795288086,-0.9828993678092957
5.119999885559082,-14.80351448059082,-1.0067256689071655
5.125,-14.833108901977539,-1.0233590602874756
5.130000114440918,-14.976701736450195,-1.0368456840515137
5.135000228881836,-15.025199890136719,-1.0480844974517822
5.139999866485596,-15.087129592895508,-1.0611213445663452
5.144999980926514,-15.137533187866211,-1.0777548551559448
5.150000095367432,-15.170762062072754,-1.0921404361724854
5.15500020980835,-15.225933074951172,-1.0997828245162964
5.159999847412109,-15.216814041137695,-1.1060765981674194
5.164999961853027,-15.234807014465332,-1.115966558456421
5.170000076293945,-15.270174026489258,-1.122260332107544
5.175000190734863,-15.262520790100098,-1.123608946800232
5.179999828338623,-15.22884464263916,-1.1222602128982544
5.184999942779541,-15.21994686126709,-1.1213611364364624
5.190000057220459,-15.26588249206543,-1.121810793876648
5.195000171661377,-15.233153343200684,-1.1164162158966064
5.199999809265137,-15.207770347595215,-1.111021637916565
5.204999923706055,-15.169997215270996,-1.1074252128601074
5.210000038146973,-15.097518920898438,-1.100682020187378
5.215000152587891,-15.06053352355957,-1.0921404361724854
5.21999979019165,-14.921616554260254,-1.0813512802124023
5.224999904632568,-15.00078010559082,-1.0692133903503418
5.230000019073486,-14.795482635498047,-1.0543781518936157
5.235000133514404,-14.746970176696777,-1.0390933752059937
5.239999771118164,-14.66603946685791,-1.0229095220565796
5.244999885559082,-14.547734260559082,-1.0044779777526855
5.25,-14.27187728881836,-0.9833489060401917
5.255000114440918,-14.339021682739258,-0.9622200727462769
5.260000228881836,-14.245044708251953,-0.9410911202430725
5.264999866485596,-14.136873245239258,-0.9217604398727417
5.269999980926514,-14.01389217376709,-0.8979341983795166
5.275000095367432,-13.861416816711426,-0.8700619339942932
5.28000020980835,-13.670762062072754,-0.8435384631156921
5.284999847412109,-13.51090145111084,-0.8161157369613647
5.289999961853027,-13.332755088806152,-0.7855463624000549
5.295000076293945,-13.165584564208984,-0.7554264068603516
5.300000190734863,-12.81747817993164,-0.7244073152542114
5.304999828338623,-12.770219802856445,-0.6920396685600281
5.309999942779541,-12.678657531738281,-0.6578737497329712
5.315000057220459,-12.401461601257324,-0.6255061626434326
5.320000171661377,-12.170365333557129,-0.5931384563446045
5.324999809265137,-11.93437385559082,-0.5594220757484436
5.329999923706055,-11.76305866241455,-0.5203111171722412
5.335000038146973,-11.570107460021973,-0.4812001585960388
5.340000152587891,-11.374414443969727,-0.44658470153808594
5.34499979019165,-11.157447814941406,-0.40792325139045715
5.349999904632568,-10.796943664550781,-0.3634176552295685
5.355000019073486,-10.59841537475586,-0.32115980982780457
5.360000133514404,-10.564112663269043,-0.2860948145389557
5.364999771118164,-10.29223346710205,-0.2546262741088867
5.369999885559082,-10.054437637329102,-0.2222585827112198
5.375,-9.800477981567383,-0.18899179995059967
5.380000114440918,-9.609320640563965,-0.1498808115720749
5.385000228881836,-9.415711402893066,-0.10582476854324341
5.389999866485596,-9.215808868408203,-0.06356695294380188
5.394999980926514,-8.97029972076416,-0.026254193857312202
5.400000095367432,-8.738341331481934,0.011957669630646706
5.40500020980835,-8.47671127319336,0.05376594141125679
5.409999847412109,-8.258784294128418,0.09287691116333008
5.414999961853027,-8.077579498291016,0.13153831660747528
5.420000076293945,-7.868797779083252,0.17064927518367767
5.425000190734863,-7.676129341125488,0.20661339163780212
5.429999828338623,-7.4768385887146,0.24257749319076538
5.434999942779541,-7.295218467712402,0.2812389135360718
5.440000057220459,-7.111163139343262,0.31720301508903503
5.445000171661377,-6.929994583129883,0.35451579093933105
5.449999809265137,-6.7022504806518555,0.3918285667896271
5.454999923706055,-6.549812316894531,0.4250953495502472
5.460000038146973,-6.3725786209106445,0.45566487312316895
5.465000152587891,-6.229679584503174,0.4880325496196747
5.46999979019165,-6.036397933959961,0.5163542628288269
5.474999904632568,-5.9124274253845215,0.541079580783844
5.480000019073486,-5.792614936828613,0.5680527091026306
5.485000133514404,-5.641974925994873,0.5954753160476685
5.489999771118164,-5.4940505027771,0.6228979825973511
5.494999885559082,-5.351502895355225,0.6507701873779297
5.5,-5.231564044952393,0.6763946413993835
5.505000114440918,-5.122190475463867,0.7006704211235046
5.510000228881836,-5.0055975914001465,0.7231479287147522
5.514999866485596,-4.889339447021484,0.7433778047561646
5.519999980926514,-4.7917070388793945,0.7627084851264954
5.525000095367432,-4.7409162521362305,0.7802409529685974
5.53000020980835,-4.693249702453613,0.793727457523346
5.534999847412109,-4.6266770362854,0.8090121746063232
5.539999961853027,-4.536766529083252,0.8278933763504028
5.545000076293945,-4.418769836425781,0.8472241163253784
5.550000190734863,-4.409855365753174,0.8566647171974182
5.554999828338623,-4.414987564086914,0.858013391494751
5.559999942779541,-4.391112327575684,0.8620592951774597
5.565000057220459,-4.370976448059082,0.8701512813568115
5.570000171661377,-4.379079341888428,0.8728485703468323
5.574999809265137,-4.356061935424805,0.8737476468086243
5.579999923706055,-4.380218982696533,0.8728485703468323
5.585000038146973,-4.407222747802734,0.8692521452903748
5.590000152587891,-4.422852516174316,0.866105318069458
5.59499979019165,-4.441999435424805,0.860710620880127
5.599999904632568,-4.4846038818359375,0.8553160429000854
5.605000019073486,-4.516617298126221,0.8458754420280457
5.610000133514404,-4.57318115234375,0.8373339772224426
5.614999771118164,-4.668946266174316,0.8283429145812988
5.619999885559082,-4.706621170043945,0.8162050247192383
5.625,-4.776093482971191,0.801819384098053
5.630000114440918,-4.896151065826416,0.7883328795433044
5.635000228881836,-4.944608211517334,0.7739472389221191
5.639999866485596,-5.096372604370117,0.7568643689155579
5.644999980926514,-5.169032573699951,0.7379831075668335
5.650000095367432,-5.268243312835693,0.7168542742729187
5.65500020980835,-5.4136271476745605,0.6943766474723816
5.659999847412109,-5.543287754058838,0.6710000038146973
5.664999961853027,-5.725522994995117,0.6449260115623474
5.670000076293945,-5.8320231437683105,0.6188520193099976
5.675000190734863,-5.967986106872559,0.5932275652885437
5.679999828338623,-6.223565101623535,0.5644562840461731
5.684999942779541,-6.467687606811523,0.5361345410346985
5.690000057220459,-7.741079330444336,0.5100605487823486
5.695000171661377,-6.253541469573975,0.4772433042526245
5.699999809265137,-6.526208400726318,0.44307741522789
5.704999923706055,-7.024591445922852,0.41250792145729065
5.710000038146973,-7.283088684082031,0.3760942816734314
5.715000152587891,-7.46452522277832,0.33923104405403137
5.71999979019165,-7.713235855102539,0.3041660487651825
5.724999904632568,-7.879944324493408,0.2668532729148865
5.730000019073486,-8.086668014526367,0.22909094393253326
5.735000133514404,-8.278482437133789,0.19132864475250244
5.739999771118164,-8.48290729522705,0.15401586890220642
5.744999885559082,-8.679430961608887,0.11625358462333679
5.75,-8.866530418395996,0.0771426111459732
5.755000114440918,-9.131622314453125,0.038031648844480515
5.760000228881836,-9.377439498901367,-0.0006297670770436525
5.764999866485596,-9.583739280700684,-0.03884163126349449
5.769999980926514,-9.773253440856934,-0.08020035177469254
5.775000095367432,-9.986361503601074,-0.12155906856060028
5.78000020980835,-10.227882385253906,-0.16067005693912506
5.784999847412109,-10.426870346069336,-0.1975332498550415
5.789999961853027,-10.654035568237305,-0.23349738121032715
5.795000076293945,-10.834038734436035,-0.2658650577068329
5.800000190734863,-11.016141891479492,-0.29733359813690186
5.804999828338623,-11.242420196533203,-0.3323986232280731
5.809999942779541,-11.486315727233887,-0.3710600435733795
5.815000057220459,-11.669693946838379,-0.4110701382160187
5.820000171661377,-11.782435417175293,-0.4492819905281067
5.824999809265137,-12.034564971923828,-0.4861452281475067
5.829999923706055,-12.220287322998047,-0.5198615789413452
5.835000038146973,-12.36520767211914,-0.5531284213066101
5.840000152587891,-12.603583335876465,-0.5868447422981262
5.84499979019165,-12.727027893066406,-0.6192123889923096
5.849999904632568,-12.937553405761719,-0.6502314209938049
5.855000019073486,-13.108565330505371,-0.685296356678009
5.860000133514404,-13.264815330505371,-0.7181136012077332
5.864999771118164,-13.449111938476562,-0.7477840185165405
5.869999885559082,-13.579299926757812,-0.7792526483535767
5.875,-13.745957374572754,-0.8084734678268433
5.880000114440918,-13.88807487487793,-0.8340978622436523
5.885000228881836,-13.990795135498047,-0.8606213927268982
5.889999866485596,-14.100961685180664,-0.8862457871437073
5.894999980926514,-14.239706993103027,-0.9109711050987244
5.900000095367432,-14.378443717956543,-0.937944233417511
5.90500020980835,-14.485284805297852,-0.9622200131416321
5.909999847412109,-14.589347839355469,-0.9833489656448364
5.914999961853027,-14.68043041229248,-1.000881552696228
5.920000076293945,-14.817684173583984,-1.016615867614746
5.925000190734863,-14.871192932128906,-1.0359466075897217
5.929999828338623,-14.992217063903809,-1.0512312650680542
5.934999942779541,-15.032262802124023,-1.0611213445663452
5.940000057220459,-15.104740142822266,-1.0705620050430298
5.945000171661377,-15.13376235961914,-1.0818008184432983
5.949999809265137,-15.1527681350708,-1.0912413597106934
5.954999923706055,-15.235114097595215,-1.0984342098236084
5.960000038146973,-15.258631706237793,-1.102480173110962
5.965000152587891,-15.249420166015625,-1.1051775217056274
5.96999979019165,-15.257583618164062,-1.1065261363983154
5.974999904632568,-15.232367515563965,-1.1056270599365234
5.980000019073486,-15.214527130126953,-1.102030634880066
5.985000133514404,-15.210434913635254,-1.0997828245162964
5.989999771118164,-14.466544151306152,-1.0984342098236084
5.994999885559082,-15.051406860351562,-1.0925899744033813
6,-15.057539939880371,-1.0858467817306519
6.005000114440918,-15.08464241027832,-1.0777548551559448
6.010000228881836,-14.973060607910156,-1.0705620050430298
6.014999866485596,-14.924874305725098,-1.0620205402374268
6.019999980926514,-14.848624229431152,-1.0480843782424927
6.025000095367432,-14.72121810913086,-1.0336987972259521
6.03000020980835,-14.67899227142334,-1.017964482307434
6.034999847412109,-14.531286239624023,-1.001331090927124
6.039999961853027,-14.27471923828125,-0.9815507531166077
6.045000076293945,-14.372775077819824,-0.9608713984489441
6.050000190734863,-14.339377403259277,-0.9406415820121765
6.054999828338623,-14.020774841308594,-0.9163658022880554
6.059999942779541,-13.690454483032227,-0.8929890990257263
6.065000057220459,-13.697369575500488,-0.870511531829834
6.070000171661377,-13.602739334106445,-0.8453366160392761
6.074999809265137,-13.444540023803711,-0.8152166604995728
6.079999923706055,-13.339444160461426,-0.7837481498718262
6.085000038146973,-13.163358688354492,-0.7540777325630188
6.090000152587891,-12.928329467773438,-0.727554202079773
6.09499979019165,-12.525733947753906,-0.6965351700782776
6.099999904632568,-12.548242568969727,-0.6610205769538879
6.105000019073486,-12.382634162902832,-0.6268548369407654
6.110000133514404,-12.129444122314453,-0.590441107749939
6.114999771118164,-11.823060035705566,-0.5571743249893188
6.119999885559082,-11.709708213806152,-0.5239075422286987
6.125,-11.561908721923828,-0.4879434108734131
6.130000114440918,-11.22620964050293,-0.4497315585613251
6.135000228881836,-11.137227058410645,-0.41331788897514343
6.139999866485596,-10.919259071350098,-0.3769041895866394
6.144999980926514,-10.751460075378418,-0.33959144353866577
6.150000095367432,-10.585156440734863,-0.299581378698349
6.15500020980835,-10.285184860229492,-0.2649659514427185
6.159999847412109,-10.068901062011719,-0.2352955937385559
6.164999961853027,-9.874011993408203,-0.20112967491149902
6.170000076293945,-9.701066970825195,-0.16246823966503143
6.175000190734863,-9.463472366333008,-0.12425637990236282
6.179999828338623,-9.267343521118164,-0.086943618953228
6.184999942779541,-9.052338600158691,-0.046933550387620926
6.190000057220459,-8.784505844116211,-0.003327075159177184
6.195000171661377,-8.512645721435547,0.037582095712423325
6.199999809265137,-8.403450012207031,0.07579395920038223
6.204999923706055,-8.09071159362793,0.11265717446804047
6.210000038146973,-8.000414848327637,0.1504194736480713
6.215000152587891,-7.845940589904785,0.19042953848838806
6.21999979019165,-7.610108852386475,0.22909095883369446
6.224999904632568,-7.413341045379639,0.26370641589164734
6.230000019073486,-7.23838996887207,0.29697322845458984
6.235000133514404,-7.05823278427124,0.32934093475341797
6.239999771118164,-6.927064418792725,0.36485546827316284
6.244999885559082,-6.709835052490234,0.4012691378593445
6.25,-6.5323333740234375,0.4336368441581726
6.255000114440918,-6.396129131317139,0.46150901913642883
6.260000228881836,-6.238489151000977,0.4929776191711426
6.264999866485596,-6.072301387786865,0.5271435379981995
6.269999980926514,-5.891225814819336,0.5568138957023621
6.275000095367432,-5.769510746002197,0.5806401371955872
6.28000020980835,-5.643547058105469,0.6053654551506042
6.284999847412109,-5.514999866485596,0.6305403709411621
6.289999961853027,-5.376620769500732,0.6530179381370544
6.295000076293945,-5.256823539733887,0.672798216342926
6.300000190734863,-5.169910907745361,0.6921289563179016
6.304999828338623,-5.073003768920898,0.7132578492164612
6.309999942779541,-4.967405319213867,0.7334876656532288
6.315000057220459,-4.8704729080200195,0.7514697313308716
6.320000171661377,-4.799679279327393,0.7685526609420776
6.324999809265137,-4.719597816467285,0.7797914147377014
6.329999923706055,-4.658536911010742,0.7968743443489075
6.335000038146973,-4.540551662445068,0.8175537586212158
6.340000152587891,-4.558313369750977,0.8283429145812988
6.34499979019165,-4.551344871520996,0.8296915888786316
6.349999904632568,-4.546614646911621,0.8355358242988586
6.355000019073486,-4.50678014755249,0.8440772294998169
6.360000133514404,-4.487422943115234,0.8476736545562744
6.364999771118164,-4.435800552368164,0.8490223288536072
6.369999885559082,-4.4435648918151855,0.8490223288536072
6.375,-4.46509313583374,0.8472241163253784
6.380000114440918,-4.471590042114258,0.8463249802589417
6.385000228881836,-4.505873203277588,0.8409304022789001
6.389999866485596,-4.547210693359375,0.8332879543304443
6.394999980926514,-4.618484020233154,0.8278933763504028
6.400000095367432,-4.690151214599609,0.8220492601394653
6.40500020980835,-4.651281833648682,0.8117095828056335
6.409999847412109,-4.779374122619629,0.800021231174469
6.414999961853027,-4.8104329109191895,0.7865346670150757
6.420000076293945,-4.94412088394165,0.7734977006912231
6.425000190734863,-4.9639081954956055,0.7591120600700378
6.429999828338623,-5.126745223999023,0.7397813200950623
6.434999942779541,-5.21518611907959,0.7177533507347107
6.440000057220459,-5.378633499145508,0.6970739364624023
6.445000171661377,-5.484487533569336,0.6808900833129883
6.449999809265137,-5.6057538986206055,0.6597611904144287
6.454999923706055,-6.012506008148193,0.6332376599311829
6.460000038146973,-5.931330680847168,0.6112096309661865
6.465000152587891,-6.183992385864258,0.589631199836731
6.46999979019165,-6.443919658660889,0.5613094568252563
6.474999904632568,-6.286484241485596,0.5280426144599915
6.480000019073486,-6.512760162353516,0.49567490816116333
6.485000133514404,-6.679111480712891,0.4624080955982208
6.489999771118164,-6.8905768394470215,0.43093952536582947
6.494999885559082,-6.997602462768555,0.3994709253311157
6.5,-7.2022809982299805,0.36980053782463074
6.505000114440918,-7.360023498535156,0.337432861328125
6.510000228881836,-7.544488430023193,0.3032669723033905
6.514999866485596,-7.77803373336792,0.2655045986175537
6.519999980926514,-8.004945755004883,0.2277422994375229
6.525000095367432,-8.170428276062012,0.19312684237957
6.53000020980835,-8.35457706451416,0.15896093845367432
6.534999847412109,-8.595885276794434,0.1207490861415863
6.539999961853027,-8.818184852600098,0.08118857443332672
6.545000076293945,-9.002411842346191,0.043426260352134705
6.550000190734863,-9.186585426330566,0.004315298516303301
6.554999828338623,-9.235148429870605,-0.033447012305259705
6.559999942779541,-9.64282512664795,-0.0676129087805748
6.565000057220459,-9.89200496673584,-0.10537522286176682
6.570000171661377,-10.123868942260742,-0.14538529515266418
6.574999809265137,-10.29784870147705,-0.1880926936864853
6.579999923706055,-10.449740409851074,-0.2267541140317917
6.585000038146973,-10.721136093139648,-0.25732359290122986
6.590000152587891,-10.923788070678711,-0.2865443825721741
6.59499979019165,-11.072297096252441,-0.32115983963012695
6.599999904632568,-11.262918472290039,-0.3562248647212982
6.605000019073486,-11.472142219543457,-0.38994118571281433
6.610000133514404,-11.677961349487305,-0.4286026358604431
6.614999771118164,-11.910035133361816,-0.4672640860080719
6.619999885559082,-12.060735702514648,-0.5036777257919312
6.625,-12.21390151977539,-0.5396418571472168
6.630000114440918,-12.418780326843262,-0.5738077163696289
6.635000228881836,-12.65617561340332,-0.6039276123046875
6.639999866485596,-12.796183586120605,-0.6362952589988708
6.644999980926514,-12.981695175170898,-0.6713602542877197
6.650000095367432,-13.145803451538086,-0.7028288245201111
6.65500020980835,-13.33233642578125,-0.7329488396644592
6.659999847412109,-13.53097152709961,-0.7617201209068298
6.664999961853027,-13.640530586242676,-0.7868949770927429
6.670000076293945,-13.780226707458496,-0.8143176436424255
6.675000190734863,-13.913060188293457,-0.8421897888183594
6.679999828338623,-14.028829574584961,-0.8669151067733765
6.684999942779541,-14.19742202758789,-0.8889431357383728
6.690000057220459,-14.267956733703613,-0.9096224904060364
6.695000171661377,-14.330727577209473,-0.9347973465919495
6.699999809265137,-14.527091979980469,-0.9590731263160706
6.704999923706055,-14.589761734008789,-0.9770551919937134
6.710000038146973,-14.654035568237305,-0.9936885833740234
6.715000152587891,-14.740828514099121,-1.009872555732727
6.71999979019165,-14.802062034606934,-1.0260564088821411
6.724999904632568,-14.890888214111328,-1.0399925708770752
6.730000019073486,-14.94214916229248,-1.0498826503753662
6.735000133514404,-15.01655387878418,-1.0624700784683228
6.739999771118164,-15.048791885375977,-1.0732592344284058
6.744999885559082,-15.066837310791016,-1.0768557786941528
6.75,-15.135978698730469,-1.0786539316177368
6.755000114440918,-15.15786075592041,-1.0804522037506104
6.760000228881836,-15.132453918457031,-1.0800026655197144
6.764999866485596,-15.119568824768066,-1.0831494331359863
6.769999980926514,-15.099831581115723,-1.0835989713668823
6.775000095367432,-15.090191841125488,-1.0831494331359863
6.78000020980835,-15.065958976745605,-1.0804522037506104
6.784999847412109,-15.071711540222168,-1.0755070447921753
6.789999961853027,-14.98947525024414,-1.0714612007141113
6.795000076293945,-14.937481880187988,-1.0633691549301147
6.800000190734863,-14.701899528503418,-1.0485339164733887
6.804999828338623,-14.781434059143066,-1.0345978736877441
6.809999942779541,-14.730698585510254,-1.0224599838256836
6.815000057220459,-14.647513389587402,-1.013019323348999
6.820000171661377,-14.51512622833252,-1.000881552696228
6.824999809265137,-14.48168659210205,-0.9833489060401917
6.829999923706055,-14.37302017211914,-0.9653668999671936
6.835000038146973,-14.246323585510254,-0.9491829872131348
6.840000152587891,-14.131532669067383,-0.9285036325454712
6.84499979019165,-14.052240371704102,-0.9033287763595581
6.849999904632568,-13.788076400756836,-0.8786033987998962
6.855000019073486,-13.519509315490723,-0.8561258316040039
6.860000133514404,-13.684334754943848,-0.8314005136489868
6.864999771118164,-13.15287971496582,-0.8053265810012817
6.869999885559082,-12.683181762695312,-0.7765553593635559
6.875,-13.184410095214844,-0.7450867295265198
6.880000114440918,-12.747366905212402,-0.7154163122177124
6.885000228881836,-12.823009490966797,-0.6843972206115723
6.889999866485596,-12.497262001037598,-0.6542773246765137
6.894999980926514,-12.486679077148438,-0.6228088736534119
6.900000095367432,-12.147502899169922,-0.5868447422981262
6.90500020980835,-12.04741382598877,-0.5513302087783813
6.909999847412109,-11.756516456604004,-0.5171642303466797
6.914999961853027,-11.499166488647461,-0.4812001585960388
6.920000076293945,-11.436942100524902,-0.44613516330718994
6.925000190734863,-11.26191234588623,-0.4092719256877899
6.929999828338623,-11.027475357055664,-0.3719591498374939
6.934999942779541,-10.870890617370605,-0.33734366297721863
6.940000057220459,-10.54374885559082,-0.2986822724342346
6.945000171661377,-10.455108642578125,-0.2645164132118225
6.949999809265137,-10.241597175598145,-0.23484604060649872
6.954999923706055,-10.041528701782227,-0.19978101551532745
6.960000038146973,-9.830567359924316,-0.16067004203796387
6.965000152587891,-9.583564758300781,-0.12290773540735245
6.96999979019165,-9.300774574279785,-0.08514540642499924
6.974999904632568,-9.183747291564941,-0.04603445157408714
6.980000019073486,-8.993998527526855,-0.009620795026421547
6.985000133514404,-8.734976768493652,0.0267928633838892
6.989999771118164,-8.507570266723633,0.06545428186655045
6.994999885559082,-8.292269706726074,0.10456524789333344
7,-8.073318481445312,0.14142844080924988
7.005000114440918,-7.934614658355713,0.1791907548904419
7.010000228881836,-7.74051570892334,0.2174026221036911
7.014999866485596,-7.525539875030518,0.2511189579963684
7.019999980926514,-7.348623752593994,0.28303709626197815
7.025000095367432,-7.167449951171875,0.3154048025608063
7.03000020980835,-7.006043434143066,0.3513689637184143
7.034999847412109,-6.821587085723877,0.38868167996406555
7.039999961853027,-6.65036678314209,0.4201503098011017
7.045000076293945,-6.4504170417785645,0.44712337851524353
7.050000190734863,-6.318202018737793,0.4767937660217285
7.054999828338623,-6.176819801330566,0.5087119340896606
7.059999942779541,-6.023398399353027,0.5374832153320312
7.065000057220459,-5.893717288970947,0.5635572075843811
7.070000171661377,-5.758155822753906,0.5927780270576477
7.074999809265137,-5.621558666229248,0.6193015575408936
7.079999923706055,-5.514631271362305,0.6390818357467651
7.085000038146973,-5.35675048828125,0.6629080772399902
7.090000152587891,-5.251864433288574,0.6831378936767578
7.09499979019165,-5.153934001922607,0.7020190358161926
7.099999904632568,-5.064191818237305,0.7226983904838562
7.105000019073486,-4.97141170501709,0.739331841468811
7.110000133514404,-4.912827491760254,0.7541670203208923
7.114999771118164,-4.844676971435547,0.7663048505783081
7.119999885559082,-4.762570858001709,0.7842869758605957
7.125,-4.630693435668945,0.8040671944618225
7.130000114440918,-4.620589733123779,0.8144068121910095
7.135000228881836,-4.627224922180176,0.8153059482574463
7.139999866485596,-4.621781826019287,0.8193519711494446
7.144999980926514,-4.619819164276123,0.8296915888786316
7.150000095367432,-4.588104248046875,0.8341870903968811
7.15500020980835,-4.571296215057373,0.8337375521659851
7.159999847412109,-4.606529235839844,0.8359853029251099
7.164999961853027,-4.612356185913086,0.8346366882324219
7.170000076293945,-4.583582878112793,0.8301411271095276
7.175000190734863,-4.634250640869141,0.8287924528121948
7.179999828338623,-4.664383888244629,0.8260952234268188
7.184999942779541,-4.675962924957275,0.8198014497756958
7.190000057220459,-4.7461419105529785,0.8126086592674255
7.195000171661377,-4.818991661071777,0.800470769405365
7.199999809265137,-4.875123977661133,0.7847364544868469
7.204999923706055,-4.950653076171875,0.7712499499320984
7.210000038146973,-5.073310375213623,0.7586625218391418
7.215000152587891,-5.113803386688232,0.7420291304588318
7.21999979019165,-5.241227149963379,0.7253957390785217
7.224999904632568,-5.270265102386475,0.7092118263244629
7.230000019073486,-5.448244571685791,0.6903306841850281
7.235000133514404,-5.570515155792236,0.6696513295173645
7.239999771118164,-5.70835018157959,0.6498710513114929
7.244999885559082,-5.823410987854004,0.6264944076538086
7.25,-5.9622015953063965,0.6026681661605835
7.255000114440918,-6.095180988311768,0.5774933099746704
7.260000228881836,-6.2434563636779785,0.547822892665863
7.264999866485596,-6.393809795379639,0.5159047245979309
7.269999980926514,-6.548033714294434,0.4889316260814667
7.275000095367432,-6.678350448608398,0.4624080955982208
7.28000020980835,-6.8662590980529785,0.4327377378940582
7.284999847412109,-7.07521915435791,0.40216824412345886
7.289999961853027,-7.226465702056885,0.3698005676269531
7.295000076293945,-7.44541597366333,0.336983323097229
7.300000190734863,-7.62746000289917,0.30191829800605774
7.304999828338623,-7.822174072265625,0.26865148544311523
7.309999942779541,-7.992900371551514,0.23313692212104797
7.315000057220459,-8.188992500305176,0.19447548687458038
7.320000171661377,-8.346420288085938,0.1594104915857315
7.324999809265137,-8.558165550231934,0.12344639748334885
7.329999923706055,-8.75698184967041,0.08433543145656586
7.335000038146973,-9.009839057922363,0.043875809758901596
7.340000152587891,-9.221891403198242,0.007012605667114258
7.34499979019165,-9.412835121154785,-0.029401050880551338
7.349999904632568,-9.57288932800293,-0.0676129087805748
7.355000019073486,-9.79918384552002,-0.10582476854324341
7.360000133514404,-10.007981300354004,-0.1449357569217682
7.364999771118164,-10.198760986328125,-0.18224851787090302
7.369999885559082,-10.42532730102539,-0.21866218745708466
7.375,-10.64333438873291,-0.25237852334976196
7.380000114440918,-10.873052597045898,-0.28159934282302856
7.385000228881836,-11.029565811157227,-0.31171923875808716
7.389999866485596,-11.237691879272461,-0.34588515758514404
7.394999980926514,-11.398702621459961,-0.3809501826763153
7.400000095367432,-11.60534954071045,-0.41781339049339294
7.40500020980835,-11.789363861083984,-0.4542270600795746
7.409999847412109,-11.931563377380371,-0.48974162340164185
7.414999961853027,-12.157879829406738,-0.5257057547569275
7.420000076293945,-12.371688842773438,-0.5607707500457764
7.425000190734863,-12.582083702087402,-0.5940375328063965
7.429999828338623,-12.777141571044922,-0.6268547177314758
7.434999942779541,-12.939678192138672,-0.6614701747894287
7.440000057220459,-13.091113090515137,-0.694736897945404
7.445000171661377,-13.308982849121094,-0.7244073748588562
7.449999809265137,-13.486510276794434,-0.752729058265686
7.454999923706055,-13.608333587646484,-0.7801517248153687
7.460000038146973,-13.913348197937012,-0.8066752552986145
7.465000152587891,-13.769890785217285,-0.8336482644081116
7.46999979019165,-14.14041519165039,-0.8565754294395447
7.474999904632568,-14.265913009643555,-0.879502534866333
7.480000019073486,-14.31982421875,-0.9015305638313293
7.485000133514404,-14.29946231842041,-0.9231090545654297
7.489999771118164,-14.52820873260498,-0.945137083530426
7.494999885559082,-14.514486312866211,-0.9635686874389648
7.5,-14.835970878601074,-0.9784038662910461
7.505000114440918,-15.039173126220703,-0.9932390451431274
7.510000228881836,-14.51304817199707,-1.0058265924453735
7.514999866485596,-15.015148162841797,-1.017065405845642
7.519999980926514,-14.97671127319336,-1.028753638267517
7.525000095367432,-14.955865859985352,-1.0377447605133057
7.53000020980835,-15.020159721374512,-1.0485340356826782
7.534999847412109,-14.963726043701172,-1.0593233108520508
7.539999961853027,-15.041290283203125,-1.0624700784683228
7.545000076293945,-15.06607723236084,-1.0642683506011963
7.550000190734863,-15.02099609375,-1.0669655799865723
7.554999828338623,-14.952210426330566,-1.0665160417556763
7.559999942779541,-14.980143547058105,-1.0642683506011963
7.565000057220459,-14.960160255432129,-1.0624700784683228
7.570000171661377,-14.914680480957031,-1.0620205402374268
7.574999809265137,-14.877348899841309,-1.0566259622573853
7.579999923706055,-14.87394905090332,-1.0485340356826782
7.585000038146973,-14.792393684387207,-1.0413411855697632
7.590000152587891,-14.73797607421875,-1.0341483354568481
7.59499979019165,-14.598444938659668,-1.0238087177276611
7.599999904632568,-14.575779914855957,-1.013019323348999
7.605000019073486,-14.501998901367188,-1.000881552696228
7.610000133514404,-14.421530723571777,-0.9846975803375244
7.614999771118164,-14.346973419189453,-0.9653668999671936
7.619999885559082,-14.182398796081543,-0.9473848342895508
7.625,-14.113015174865723,-0.9271549582481384
7.630000114440918,-14.017394065856934,-0.9064756631851196
7.635000228881836,-13.90548324584961,-0.8844475746154785
7.639999866485596,-13.787607192993164,-0.8619700074195862
7.644999980926514,-13.636679649353027,-0.8367951512336731
7.650000095367432,-13.518828392028809,-0.812069833278656
7.65500020980835,-13.380985260009766,-0.7877941131591797
7.659999847412109,-13.223726272583008,-0.7585732340812683
7.664999961853027,-13.028837203979492,-0.7289028763771057
7.670000076293945,-12.89133358001709,-0.7028288841247559
7.675000190734863,-12.765926361083984,-0.6736080050468445
7.679999828338623,-12.594968795776367,-0.6416899561882019
7.684999942779541,-12.348590850830078,-0.6075240969657898
7.690000057220459,-12.141075134277344,-0.5751563906669617
7.695000171661377,-11.958001136779785,-0.5414400696754456
7.699999809265137,-11.788360595703125,-0.5054759383201599
7.704999923706055,-11.59641170501709,-0.46996137499809265
7.710000038146973,-11.418414115905762,-0.433997243642807
7.715000152587891,-11.230071067810059,-0.39893224835395813
7.71999979019165,-11.010740280151367,-0.36341768503189087
7.724999904632568,-10.846189498901367,-0.3243066966533661
7.730000019073486,-10.649592399597168,-0.28789302706718445
7.735000133514404,-10.405900001525879,-0.2595713436603546
7.739999771118164,-10.15566349029541,-0.22990097105503082
7.744999885559082,-9.95611572265625,-0.19483594596385956
7.75,-9.753559112548828,-0.15797273814678192
7.755000114440918,-9.569265365600586,-0.12110952287912369
7.760000228881836,-9.354601860046387,-0.08154899626970291
7.764999866485596,-9.164326667785645,-0.04198848828673363
7.769999980926514,-8.924891471862793,-0.0046757301315665245
7.775000095367432,-8.74446964263916,0.03263702988624573
7.78000020980835,-8.466594696044922,0.07039934396743774
7.784999847412109,-8.265373229980469,0.10546434670686722
7.789999961853027,-8.069547653198242,0.14142844080924988
7.795000076293945,-7.908012390136719,0.17784211039543152
7.800000190734863,-7.726707458496094,0.21425575017929077
7.804999828338623,-7.539332389831543,0.2506694197654724
7.809999942779541,-7.329578399658203,0.28708308935165405
7.815000057220459,-7.146035671234131,0.32124900817871094
7.820000171661377,-7.012777328491211,0.35361671447753906
7.824999809265137,-6.818720817565918,0.3904798924922943
7.829999923706055,-6.605833053588867,0.4246458411216736
7.835000038146973,-6.455353260040283,0.45071980357170105
7.840000152587891,-6.306684494018555,0.4767937660217285
7.84499979019165,-6.182945728302002,0.5051155090332031
7.849999904632568,-5.734440803527832,0.531639039516449
7.855000019073486,-5.883378028869629,0.5559148192405701
7.860000133514404,-5.7585015296936035,0.5801905989646912
7.864999771118164,-5.65654182434082,0.605815052986145
7.869999885559082,-5.5218729972839355,0.6305403709411621
7.875,-5.397780418395996,0.6534674763679504
7.880000114440918,-5.261153697967529,0.673697292804718
7.885000228881836,-5.177430629730225,0.6943766474723816
7.889999866485596,-5.1328325271606445,0.7105605006217957
7.894999980926514,-5.076170444488525,0.724496603012085
7.900000095367432,-4.94524621963501,0.739781379699707
7.90500020980835,-4.87861442565918,0.7550661563873291
7.909999847412109,-4.858112335205078,0.7681030631065369
7.914999961853027,-4.761496543884277,0.7797914147377014
7.920000076293945,-4.728414535522461,0.7892320156097412
7.925000190734863,-4.721335411071777,0.7977734208106995
7.929999828338623,-4.6742262840271,0.8076635599136353
7.934999942779541,-4.636699199676514,0.817553699016571
7.940000057220459,-4.6710662841796875,0.8198014497756958
7.945000171661377,-4.631850242614746,0.8180032968521118
7.949999809265137,-4.623455047607422,0.8189023733139038
7.954999923706055,-4.695103645324707,0.8184528350830078
7.960000038146973,-4.717381477355957,0.8157554864883423
7.965000152587891,-4.714104652404785,0.8108104467391968
7.96999979019165,-4.739825248718262,0.8049662709236145
7.974999904632568,-4.82260799407959,0.7986724972724915
7.980000019073486,-4.867424488067627,0.792378842830658
7.985000133514404,-4.869123935699463,0.7824887037277222
7.989999771118164,-4.9671807289123535,0.7712499499320984
7.994999885559082,-5.028923034667969,0.7591120600700378
8,-5.07656192779541,0.7451760172843933
8.005000114440918,-5.200081825256348,0.731239914894104
8.010000228881836,-5.263083457946777,0.7128083109855652
8.015000343322754,-5.432006359100342,0.6916794180870056
8.020000457763672,-5.503202438354492,0.6714495420455933
8.024999618530273,-5.638562202453613,0.6525683999061584
8.029999732971191,-6.3711323738098145,0.6350358724594116
8.03499984741211,-6.013661861419678,0.6094114184379578
8.039999961853027,-5.618441581726074,0.5810896754264832
8.045000076293945,-6.258037567138672,0.5595112442970276
8.050000190734863,-6.426856517791748,0.5361346006393433
8.055000305175781,-6.4794111251831055,0.5109596252441406
8.0600004196167,-6.517163276672363,0.4830875098705292
8.0649995803833,-6.723711013793945,0.45071980357170105
8.069999694824219,-6.8906755447387695,0.4192512035369873
8.074999809265137,-7.066442966461182,0.3895808160305023
8.079999923706055,-7.244290351867676,0.35856175422668457
8.085000038146973,-7.434367656707764,0.3234967589378357
8.09000015258789,-7.629581928253174,0.2893308401107788
8.095000267028809,-7.836246013641357,0.2565135955810547
8.100000381469727,-8.038991928100586,0.22414588928222656
8.104999542236328,-8.131949424743652,0.19132864475250244
8.109999656677246,-8.320194244384766,0.1549149751663208
8.114999771118164,-8.544529914855957,0.11490492522716522
8.119999885559082,-8.77356243133545,0.07579395920038223
8.125,-8.958508491516113,0.04072895646095276
8.130000114440918,-9.198057174682617,0.004764848854392767
8.135000228881836,-9.393457412719727,-0.033447012305259705
8.140000343322754,-9.601865768432617,-0.09323734790086746
8.145000457763672,-10.121443748474121,-0.16516557335853577
8.149999618530273,-10.351786613464355,-0.2024783343076706
8.154999732971191,-10.170352935791016,-0.2069738358259201
8.15999984741211,-10.351531028747559,-0.22270815074443817
8.164999961853027,-10.621654510498047,-0.2555253803730011
8.170000076293945,-10.839643478393555,-0.28294798731803894
8.175000190734863,-11.024396896362305,-0.31216880679130554
8.180000305175781,-11.212935447692871,-0.3463347256183624
8.1850004196167,-11.411185264587402,-0.3845466077327728
8.1899995803833,-11.592394828796387,-0.42275846004486084
8.194999694824219,-11.73772144317627,-0.45602524280548096
8.199999809265137,-11.936125755310059,-0.48974162340164185
8.204999923706055,-12.115635871887207,-0.522558867931366
8.210000038146973,-12.301130294799805,-0.5567247867584229
8.21500015258789,-12.545989990234375,-0.5935879349708557
8.220000267028809,-12.742173194885254,-0.6250565052032471
8.225000381469727,-12.909442901611328,-0.6529287099838257
8.229999542236328,-13.115361213684082,-0.6825991272926331
8.234999656677246,-13.246224403381348,-0.7145172357559204
8.239999771118164,-13.403176307678223,-0.7459858655929565
8.244999885559082,-13.537761688232422,-0.7729589343070984
8.25,-13.671813011169434,-0.7985833287239075
8.255000114440918,-13.807351112365723,-0.8233086466789246
8.260000228881836,-13.949774742126465,-0.8484835028648376
8.265000343322754,-14.075654029846191,-0.8750070333480835
8.270000457763672,-14.169485092163086,-0.8992828130722046
8.274999618530273,-14.270295143127441,-0.9177144169807434
8.279999732971191,-14.38017463684082,-0.9352469444274902
8.28499984741211,-14.43772029876709,-0.9532290101051331
8.289999961853027,-14.540414810180664,-0.9694128632545471
8.295000076293945,-14.605023384094238,-0.9833489656448364
8.300000190734863,-14.661192893981934,-0.9977346062660217
8.305000305175781,-14.721047401428223,-1.011221170425415
8.3100004196167,-14.813384056091309,-1.0238087177276611
8.3149995803833,-14.841875076293945,-1.0305519104003906
8.319999694824219,-14.857966423034668,-1.0363961458206177
8.324999809265137,-14.723408699035645,-1.0431393384933472
8.329999923706055,-15.032634735107422,-1.0489835739135742
8.335000038146973,-14.80482292175293,-1.0539286136627197
8.34000015258789,-14.883296012878418,-1.0575250387191772
8.345000267028809,-14.900853157043457,-1.0588736534118652
8.350000381469727,-15.034290313720703,-1.0561764240264893
8.354999542236328,-14.871026039123535,-1.0534790754318237
8.359999656677246,-14.93984603881836,-1.0512312650680542
8.364999771118164,-14.747522354125977,-1.0462862253189087
8.369999885559082,-14.853012084960938,-1.0386438369750977
8.375,-14.864426612854004,-1.0319006443023682
8.380000114440918,-14.675670623779297,-1.0224601030349731
8.385000228881836,-14.648889541625977,-1.0134689807891846
8.390000343322754,-14.582195281982422,-1.0040284395217896
8.395000457763672,-14.545025825500488,-0.9900921583175659
8.399999618530273,-14.48111629486084,-0.9734587669372559
8.404999732971191,-14.265408515930176,-0.9586236476898193
8.40999984741211,-14.228706359863281,-0.9419901967048645
8.414999961853027,-14.203831672668457,-0.9226595163345337
8.420000076293945,-14.093804359436035,-0.9015305638313293
8.425000190734863,-13.728838920593262,-0.8795025944709778
8.430000305175781,-13.769137382507324,-0.8592727184295654
8.4350004196167,-13.674581527709961,-0.8363456726074219
8.4399995803833,-13.563252449035645,-0.8098220825195312
8.444999694824219,-13.402213096618652,-0.7815003991127014
8.449999809265137,-13.241351127624512,-0.7576740980148315
8.454999923706055,-13.068216323852539,-0.733847975730896
8.460000038146973,-12.932100296020508,-0.7055262327194214
8.46500015258789,-12.575987815856934,-0.6740576028823853
8.470000267028809,-12.594252586364746,-0.6434881687164307
8.475000381469727,-12.393278121948242,-0.6115701198577881
8.479999542236328,-12.182982444763184,-0.579651951789856
8.484999656677246,-11.951559066772461,-0.5450364351272583
8.489999771118164,-11.733562469482422,-0.5104209780693054
8.494999885559082,-11.533835411071777,-0.4771542251110077
8.5,-11.329026222229004,-0.4434378445148468
8.505000114440918,-11.090312957763672,-0.4065746068954468
8.510000228881836,-11.018654823303223,-0.3670141100883484
8.515000343322754,-10.84276008605957,-0.3323986530303955
8.520000457763672,-10.627487182617188,-0.3009300231933594
8.524999618530273,-10.41944408416748,-0.26766324043273926
8.529999732971191,-10.140507698059082,-0.2361946702003479
8.53499984741211,-9.925368309020996,-0.20337744057178497
8.539999961853027,-9.779577255249023,-0.16606466472148895
8.545000076293945,-9.587590217590332,-0.12650413811206818
8.550000190734863,-9.406688690185547,-0.0914391353726387
8.555000305175781,-9.225886344909668,-0.05637413263320923
8.5600004196167,-9.015924453735352,-0.01681361347436905
8.5649995803833,-8.798162460327148,0.02139824628829956
8.569999694824219,-8.550408363342285,0.05421549826860428
8.574999809265137,-8.31814193725586,0.08973004668951035
8.579999923706055,-8.131430625915527,0.12839145958423615
8.585000038146973,-7.983524322509766,0.1648050993680954
8.59000015258789,-7.803203582763672,0.1980719119310379
8.595000267028809,-7.602878093719482,0.23358647525310516
8.600000381469727,-7.450955867767334,0.270449697971344
8.604999542236328,-7.272191047668457,0.30686333775520325
8.609999656677246,-7.110570430755615,0.3387815058231354
8.614999771118164,-6.947240352630615,0.36890143156051636
8.619999885559082,-6.739952087402344,0.39812228083610535
8.625,-6.559169769287109,0.4286917746067047
8.630000114440918,-6.440145492553711,0.45926129817962646
8.635000228881836,-6.317877292633057,0.4911794066429138
8.640000343322754,-6.151904106140137,0.5199507474899292
8.645000457763672,-6.021757125854492,0.5460246801376343
8.649999618530273,-5.896245956420898,0.5707499980926514
8.654999732971191,-5.792688369750977,0.5923284888267517
8.65999984741211,-5.650295734405518,0.6130078434944153
8.664999961853027,-5.554981231689453,0.6345863342285156
8.670000076293945,-5.397432327270508,0.657063901424408
8.675000190734863,-5.2971577644348145,0.6772937774658203
8.680000305175781,-5.232414722442627,0.6957253813743591
8.6850004196167,-5.144806861877441,0.7119092345237732
8.6899995803833,-5.088658809661865,0.7280930876731873
8.694999694824219,-5.015064716339111,0.740680456161499
8.699999809265137,-4.974235534667969,0.7528184056282043
8.704999923706055,-4.9042439460754395,0.7649562358856201
8.710000038146973,-4.838152885437012,0.7770941257476807
8.71500015258789,-4.795938491821289,0.7842869162559509
8.720000267028809,-4.7864990234375,0.791479766368866
8.725000381469727,-4.7498273849487305,0.7973239421844482
8.729999542236328,-4.719568252563477,0.8031680583953857
8.734999656677246,-4.711226463317871,0.80766361951828
8.739999771118164,-4.698953151702881,0.8099113702774048
8.744999885559082,-4.7548370361328125,0.8090122938156128
8.75,-4.761693477630615,0.8054158091545105
8.755000114440918,-4.7671074867248535,0.800021231174469
8.760000228881836,-4.7786641120910645,0.7937275171279907
8.765000343322754,-4.7877607345581055,0.7865347266197205
8.770000457763672,-4.8784708976745605,0.7788923382759094
8.774999618530273,-5.221365451812744,0.7712499499320984
8.779999732971191,-5.36279821395874,0.7636076211929321
8.78499984741211,-5.36177921295166,0.7532678842544556
8.789999961853027,-5.342325210571289,0.738432765007019
8.795000076293945,-5.1647114753723145,0.7253957390785217
8.800000190734863,-5.32907247543335,0.7110100984573364
8.805000305175781,-5.3703413009643555,0.6925784945487976
8.8100004196167,-5.501945495605469,0.6714495420455933
8.8149995803833,-5.565093517303467,0.6525683403015137
8.819999694824219,-5.744601249694824,0.6345863342285156
8.824999809265137,-5.859523296356201,0.6116591691970825
8.829999923706055,-5.977706432342529,0.5873834490776062
8.835000038146973,-6.129996299743652,0.5626581311225891
8.84000015258789,-6.257762432098389,0.531639039516449
8.845000267028809,-6.413691997528076,0.5046659708023071
8.850000381469727,-6.547463893890381,0.48039019107818604
8.854999542236328,-6.686699867248535,0.4547657370567322
8.859999656677246,-6.8312458992004395,0.42284759879112244
8.864999771118164,-6.98463249206543,0.3909294605255127
8.869999885559082,-7.257915496826172,0.36035996675491333
8.875,-7.414782524108887,0.32619407773017883
8.880000114440918,-7.624941825866699,0.29157862067222595
8.885000228881836,-7.791457176208496,0.2601099908351898
8.890000343322754,-7.98345947265625,0.2272927463054657
8.895000457763672,-8.14037799835205,0.19492505490779877
8.899999618530273,-8.327900886535645,0.1603095978498459
8.904999732971191,-8.513937950134277,0.12389595806598663
8.90999984741211,-8.730000495910645,0.09017959982156754
8.914999961853027,-8.908856391906738,0.05376594513654709
8.920000076293945,-9.224303245544434,0.009709914214909077
8.925000190734863,-9.413243293762207,-0.03074970841407776
8.930000305175781,-9.604595184326172,-0.08469586819410324
8.9350004196167,-10.151854515075684,-0.15302768349647522
8.9399995803833,-10.376558303833008,-0.19034042954444885
8.944999694824219,-10.16787338256836,-0.19483594596385956
8.949999809265137,-10.339461326599121,-0.21506576240062714
8.954999923706055,-10.56588077545166,-0.24743346869945526
8.960000038146973,-10.772971153259277,-0.2712596654891968
8.96500015258789,-10.943758964538574,-0.3000309467315674
8.970000267028809,-11.125995635986328,-0.3382427990436554
8.975000381469727,-11.318192481994629,-0.3764546811580658
8.979999542236328,-11.547798156738281,-0.41241878271102905
8.984999656677246,-11.711764335632324,-0.44703423976898193
8.989999771118164,-11.882231712341309,-0.47850286960601807
8.994999885559082,-12.065763473510742,-0.5104210376739502
9,-12.264335632324219,-0.5598716139793396
9.005000114440918,-12.700927734375,-0.6169646382331848
9.010000228881836,-12.962557792663574,-0.6479836702346802
9.015000343322754,-12.973913192749023,-0.6515800356864929
9.020000457763672,-12.958656311035156,-0.665965735912323
9.024999618530273,-13.124594688415527,-0.6983333826065063
9.029999732971191,-13.305379867553711,-0.727104663848877
9.03499984741211,-13.385687828063965,-0.752729058265686
9.039999961853027,-13.5007963180542,-0.7761057615280151
9.045000076293945,-13.664275169372559,-0.8030788898468018
9.050000190734863,-13.7741117477417,-0.8314005732536316
9.055000305175781,-13.906524658203125,-0.8543276786804199
9.0600004196167,-14.020849227905273,-0.8732088804244995
9.0649995803833,-14.12162971496582,-0.8938881754875183
9.069999694824219,-14.188878059387207,-0.9141180515289307
9.074999809265137,-14.27381706237793,-0.9298523664474487
9.079999923706055,-14.384468078613281,-0.9464857578277588
9.085000038146973,-14.436366081237793,-0.9604218006134033
9.09000015258789,-14.502204895019531,-0.9730092883110046
9.095000267028809,-14.563672065734863,-0.9878444671630859
9.100000381469727,-14.67763900756836,-1.002679705619812
9.104999542236328,-14.699756622314453,-1.0116708278656006
9.109999656677246,-14.77596664428711,-1.018863558769226
9.114999771118164,-14.778258323669434,-1.0251573324203491
9.119999885559082,-14.830348014831543,-1.0323501825332642
9.125,-14.884922981262207,-1.0395430326461792
9.130000114440918,-14.858541488647461,-1.0422402620315552
9.135000228881836,-14.859273910522461,-1.0399925708770752
9.140000343322754,-14.915240287780762,-1.0381944179534912
9.145000457763672,-14.812413215637207,-1.0341484546661377
9.149999618530273,-14.855825424194336,-1.0319006443023682
9.154999732971191,-14.822898864746094,-1.0301023721694946
9.15999984741211,-14.798136711120605,-1.0274051427841187
9.164999961853027,-14.708256721496582,-1.0197627544403076
9.170000076293945,-14.6862154006958,-1.007624864578247
9.175000190734863,-14.633238792419434,-0.9981842041015625
9.180000305175781,-14.623226165771484,-0.9869453310966492
9.1850004196167,-14.35081672668457,-0.9739083647727966
9.1899995803833,-14.431130409240723,-0.9581740498542786
9.194999694824219,-14.371201515197754,-0.945137083530426
9.199999809265137,-14.284381866455078,-0.9271550178527832
9.204999923706055,-14.183277130126953,-0.9073747396469116
9.210000038146973,-14.075774192810059,-0.8880440592765808
9.21500015258789,-13.686457633972168,-0.8669151067733765
9.220000267028809,-13.505348205566406,-0.8453366756439209
9.225000381469727,-13.534954071044922,-0.8246573209762573
9.229999542236328,-13.368101119995117,-0.8008310794830322
9.234999656677246,-13.423340797424316,-0.7734084725379944
9.239999771118164,-13.1449613571167,-0.7459858655929565
9.244999885559082,-13.01568603515625,-0.7181136608123779
9.25,-12.982437133789062,-0.6884432435035706
9.255000114440918,-12.711254119873047,-0.6578737497329712
9.260000228881836,-12.601075172424316,-0.6273043751716614
9.265000343322754,-12.175979614257812,-0.5971844792366028
9.270000457763672,-12.09872055053711,-0.5679636001586914
9.274999618530273,-11.895466804504395,-0.5405409932136536
9.279999732971191,-11.766524314880371,-0.5077236890792847
9.28499984741211,-11.63354206085205,-0.4717595875263214
9.289999961853027,-11.434289932250977,-0.43624502420425415
9.295000076293945,-11.226297378540039,-0.40162956714630127
9.300000190734863,-10.983492851257324,-0.36521589756011963
9.305000305175781,-10.7975492477417,-0.328802227973938
9.3100004196167,-10.69455337524414,-0.2964344918727875
9.3149995803833,-10.487479209899902,-0.269461452960968
9.319999694824219,-10.227245330810547,-0.23754334449768066
9.324999809265137,-9.993598937988281,-0.20427653193473816
9.329999923706055,-9.850918769836426,-0.1692115217447281
9.335000038146973,-9.686297416687012,-0.13189876079559326
9.34000015258789,-9.496638298034668,-0.09278778731822968
9.345000267028809,-9.30176830291748,-0.053227271884679794
9.350000381469727,-9.107354164123535,-0.016364064067602158
9.354999542236328,-8.936883926391602,0.020049596205353737
9.359999656677246,-8.69964599609375,0.05511460080742836
9.364999771118164,-8.50289535522461,0.08838140219449997
9.369999885559082,-8.311697006225586,0.12029954791069031
9.375,-8.110555648803711,0.15311677753925323
9.380000114440918,-7.952072620391846,0.18638357520103455
9.385000228881836,-7.77915620803833,0.22099903225898743
9.390000343322754,-7.57214879989624,0.25786224007606506
9.395000457763672,-7.4008870124816895,0.2933768332004547
9.399999618530273,-7.247525215148926,0.32574450969696045
9.404999732971191,-7.099876403808594,0.3563140332698822
9.40999984741211,-6.925772666931152,0.3873330354690552
9.414999961853027,-6.747081756591797,0.41655391454696655
9.420000076293945,-6.565372943878174,0.4448756277561188
9.425000190734863,-6.4080634117126465,0.47454601526260376
9.430000305175781,-6.277370929718018,0.5010695457458496
9.4350004196167,-6.117230415344238,0.5248957872390747
9.4399995803833,-5.998153209686279,0.5491715669631958
9.444999694824219,-5.904091835021973,0.5716491341590881
9.449999809265137,-5.790057182312012,0.5950258374214172
9.454999923706055,-5.713029861450195,0.6188520193099976
9.460000038146973,-5.563872337341309,0.6417791843414307
9.46500015258789,-5.437315940856934,0.6611098647117615
9.470000267028809,-5.330639362335205,0.6799910664558411
9.475000381469727,-5.234793663024902,0.6970739960670471
9.479999542236328,-5.1390790939331055,0.7123587727546692
9.484999656677246,-5.106573104858398,0.7276434898376465
9.489999771118164,-5.041027545928955,0.740230917930603
9.494999885559082,-4.97744607925415,0.7501210570335388
9.5,-4.9199981689453125,0.7577634453773499
9.505000114440918,-4.886260986328125,0.7645066976547241
9.510000228881836,-4.844672203063965,0.7721490859985352
9.515000343322754,-4.82237434387207,0.7793418169021606
9.520000457763672,-4.784538745880127,0.7842869162559509
9.524999618530273,-4.778158664703369,0.7865346670150757
9.529999732971191,-4.755708694458008,0.7865346670150757
9.53499984741211,-4.777314186096191,0.7851860523223877
9.539999961853027,-4.806197166442871,0.7815895676612854
9.545000076293945,-4.802228927612305,0.7793418169021606
9.550000190734863,-4.838189601898193,0.7797914147377014
9.555000305175781,-4.86442756652832,0.7743968367576599
9.5600004196167,-4.893218040466309,0.7663049101829529
9.5649995803833,-4.971864700317383,0.7582130432128906
9.569999694824219,-4.99225378036499,0.748772382736206
9.574999809265137,-5.0906267166137695,0.7370840907096863
9.579999923706055,-5.143320083618164,0.723597526550293
9.585000038146973,-5.220864772796631,0.7110100984573364
9.59000015258789,-5.337129592895508,0.6966244578361511
9.595000267028809,-5.442250728607178,0.6808901429176331
9.600000381469727,-5.5537109375,0.6642566919326782
9.604999542236328,-5.66919469833374,0.6408800482749939
9.609999656677246,-5.774762153625488,0.6040168404579163
9.614999771118164,-6.039403915405273,0.5586121678352356
9.619999885559082,-6.303146839141846,0.5334372520446777
9.625,-6.22207498550415,0.529840886592865
9.630000114440918,-6.311737060546875,0.5212993621826172
9.635000228881836,-6.444491386413574,0.49522536993026733
9.640000343322754,-6.613961696624756,0.473197340965271
9.645000457763672,-6.7692413330078125,0.4480224847793579
9.649999618530273,-6.934110164642334,0.4183520972728729
9.654999732971191,-7.070321559906006,0.3864339590072632
9.65999984741211,-7.233673095703125,0.35541486740112305
9.664999961853027,-7.408987998962402,0.3230471909046173
9.670000076293945,-7.605528831481934,0.2888813018798828
9.675000190734863,-7.8033270835876465,0.2547154128551483
9.680000305175781,-7.997467994689941,0.22009992599487305
9.6850004196167,-8.147917747497559,0.18593402206897736
9.6899995803833,-8.33664321899414,0.15221768617630005
9.694999694824219,-8.55129337310791,0.1158040314912796
9.699999809265137,-8.71993350982666,0.08028946816921234
9.704999923706055,-8.954349517822266,0.04612356796860695
9.710000038146973,-9.155113220214844,0.010609015822410583
9.71500015258789,-9.321318626403809,-0.02490554004907608
9.720000267028809,-9.512840270996094,-0.06221830099821091
9.725000381469727,-9.693963050842285,-0.1008797138929367
9.729999542236328,-9.904781341552734,-0.13594472408294678
9.734999656677246,-10.060192108154297,-0.17235839366912842
9.739999771118164,-10.325915336608887,-0.20877206325531006
9.744999885559082,-10.468524932861328,-0.24248839914798737
9.75,-10.73388385772705,-0.269461452960968
9.755000114440918,-10.900267601013184,-0.2959849536418915
9.760000228881836,-11.101168632507324,-0.3332977294921875
9.765000343322754,-11.22664737701416,-0.37016093730926514
9.770000457763672,-11.386983871459961,-0.403877317905426
9.774999618530273,-11.632282257080078,-0.4384927749633789
9.779999732971191,-11.796277046203613,-0.4731082320213318
9.78499984741211,-12.011551856994629,-0.5059254765510559
9.789999961853027,-12.154281616210938,-0.537394106388092
9.795000076293945,-12.30604362487793,-0.5675140619277954
9.800000190734863,-12.406108856201172,-0.5958357453346252
9.805000305175781,-12.580205917358398,-0.6255061030387878
9.8100004196167,-12.840712547302246,-0.6569746732711792
9.8149995803833,-13.112618446350098,-0.684846818447113
9.819999694824219,-13.333622932434082,-0.7109208106994629
9.824999809265137,-13.62989616394043,-0.7365452647209167
9.829999923706055,-13.551907539367676,-0.7648669481277466
9.835000038146973,-13.789905548095703,-0.793188750743866
9.84000015258789,-13.746780395507812,-0.8152167797088623
9.845000267028809,-14.006566047668457,-0.8336483240127563
9.850000381469727,-14.050858497619629,-0.8547772169113159
9.854999542236328,-14.098103523254395,-0.878153920173645
9.859999656677246,-14.212788581848145,-0.8979341983795166
9.864999771118164,-14.2091064453125,-0.9132189750671387
9.869999885559082,-14.362432479858398,-0.9271550178527832
9.875,-14.469420433044434,-0.945137083530426
9.880000114440918,-14.501642227172852,-0.9626696109771729
9.885000228881836,-14.5652494430542,-0.9770552515983582
9.890000343322754,-14.636219024658203,-0.9869453310966492
9.895000457763672,-14.667386054992676,-0.9936886429786682
9.899999618530273,-14.6485595703125,-1.000881552696228
9.904999732971191,-14.748051643371582,-1.007624864578247
9.90999984741211,-14.774999618530273,-1.0130194425582886
9.914999961853027,-14.807464599609375,-1.0184141397476196
9.920000076293945,-14.795141220092773,-1.0238087177276611
9.925000190734863,-14.80539321899414,-1.0229096412658691
9.930000305175781,-14.808480262756348,-1.0175150632858276
9.9350004196167,-14.782824516296387,-1.017065405845642
9.9399995803833,-14.767146110534668,-1.015716791152954
9.944999694824219,-14.673491477966309,-1.0125699043273926
9.949999809265137,-14.655841827392578,-1.007624864578247
9.954999923706055,-14.635726928710938,-1.000881552696228
9.960000038146973,-14.597556114196777,-0.9936886429786682
9.96500015258789,-14.476426124572754,-0.9842480421066284
9.970000267028809,-14.40323257446289,-0.9734588265419006
9.975000381469727,-14.339606285095215,-0.9604218006134033
9.979999542236328,-14.294809341430664,-0.945137083530426
9.984999656677246,-14.189582824707031,-0.927604615688324
9.989999771118164,-14.097039222717285,-0.9100720882415771
9.994999885559082,-14.009916305541992,-0.8925395607948303
10,-13.885055541992188,-0.8745574951171875
10.005000114440918,-13.763556480407715,-0.8534285426139832
10.010000228881836,-13.67920970916748,-0.8300518989562988
10.015000343322754,-13.527810096740723,-0.8075743317604065
10.020000457763672,-13.392965316772461,-0.7846472263336182
10.024999618530273,-13.267621040344238,-0.7626191973686218
10.029999732971191,-13.102190017700195,-0.7369948029518127
10.03499984741211,-12.995904922485352,-0.7091226577758789
10.039999961853027,-12.828875541687012,-0.6830486059188843
10.045000076293945,-12.646862030029297,-0.6529287695884705
10.050000190734863,-12.460119247436523,-0.6205611228942871
10.055000305175781,-12.273825645446777,-0.5913403034210205
10.0600004196167,-12.103797912597656,-0.5607708096504211
10.0649995803833,-11.942614555358887,-0.528403103351593
10.069999694824219,-11.76203727722168,-0.4951362609863281
10.074999809265137,-11.607010841369629,-0.461869478225708
10.079999923706055,-11.435468673706055,-0.4299513101577759
10.085000038146973,-11.261757850646973,-0.3957854211330414
10.09000015258789,-11.070404052734375,-0.3571239709854126
10.095000267028809,-10.902337074279785,-0.32071027159690857
10.100000381469727,-10.711252212524414,-0.2883426249027252
10.104999542236328,-10.553849220275879,-0.25732359290122986
10.109999656677246,-10.279114723205566,-0.2258550077676773
10.114999771118164,-10.061967849731445,-0.1921386420726776
10.119999885559082,-9.895345687866211,-0.15797273814678192
10.125,-9.723703384399414,-0.12470594048500061
10.130000114440918,-9.512921333312988,-0.09009047597646713
10.135000228881836,-9.300884246826172,-0.05097951367497444
10.140000343322754,-9.06104850769043,-0.011868550442159176
10.145000457763672,-8.951441764831543,0.02184779942035675
10.149999618530273,-8.67862606048584,0.05511460080742836
10.154999732971191,-8.466829299926758,0.08838140219449997
10.15999984741211,-8.199737548828125,0.12164820730686188
10.164999961853027,-8.045782089233398,0.15806184709072113
10.170000076293945,-7.959615230560303,0.19537460803985596
10.175000190734863,-7.772401809692383,0.22954051196575165
10.180000305175781,-7.572760581970215,0.26325687766075134
10.1850004196167,-7.386183261871338,0.2933768033981323
10.1899995803833,-7.235236644744873,0.3221481144428253
10.194999694824219,-7.063468933105469,0.3518185019493103
10.199999809265137,-6.910597324371338,0.38238799571990967
10.204999923706055,-6.76412296295166,0.41340702772140503
10.210000038146973,-6.559555530548096,0.4439765512943268
10.21500015258789,-6.432740211486816,0.4731973707675934
10.220000267028809,-6.3058576583862305,0.5010695457458496
10.225000381469727,-6.152622222900391,0.5271435379981995
10.229999542236328,-6.013970375061035,0.5536670684814453
10.234999656677246,-5.702889442443848,0.5756950974464417
10.239999771118164,-5.623151779174805,0.5923284888267517
10.244999885559082,-5.780966758728027,0.6098610162734985
10.25,-5.649441242218018,0.6305403709411621
10.255000114440918,-5.435120105743408,0.6503206491470337
10.260000228881836,-5.1045918464660645,0.6669540405273438
10.265000343322754,-5.3293352127075195,0.6849361658096313
10.270000457763672,-5.253290176391602,0.6970739960670471
10.274999618530273,-5.191165924072266,0.7083127498626709
10.279999732971191,-5.096985340118408,0.7195515632629395
10.28499984741211,-5.021246433258057,0.7298912405967712
10.289999961853027,-4.9633684158325195,0.7411300539970398
10.295000076293945,-4.9173583984375,0.7501210570335388
10.300000190734863,-4.892237186431885,0.7555156946182251
10.305000305175781,-4.887903690338135,0.7627085447311401
10.3100004196167,-4.866329669952393,0.7694517970085144
10.3149995803833,-4.851375579833984,0.7721490263938904
10.319999694824219,-4.843283176422119,0.7721490859985352
10.324999809265137,-4.8783135414123535,0.7690021991729736
10.329999923706055,-4.889752388000488,0.7685526609420776
10.335000038146973,-4.893934726715088,0.7672040462493896
10.34000015258789,-4.940937042236328,0.7636075615882874
10.345000267028809,-4.961112976074219,0.7600111961364746
10.350000381469727,-4.994265079498291,0.7546166181564331
10.354999542236328,-5.054622173309326,0.7420291304588318
10.359999656677246,-5.109396457672119,0.7289921641349792
10.364999771118164,-5.14329195022583,0.7177533507347107
10.369999885559082,-5.287379741668701,0.7047163844108582
10.375,-5.338649272918701,0.6880829334259033
10.380000114440918,-5.440454483032227,0.6701009273529053
10.385000228881836,-5.507479190826416,0.6543666124343872
10.390000343322754,-5.641505718231201,0.6386322975158691
10.395000457763672,-5.7611403465271,0.6206502318382263
10.399999618530273,-5.854968070983887,0.6013195514678955
10.404999732971191,-5.991701602935791,0.5815392732620239
10.40999984741211,-6.1250152587890625,0.5577130317687988
10.414999961853027,-6.253701210021973,0.5329877138137817
10.420000076293945,-6.362009525299072,0.5091614723205566
10.425000190734863,-6.50568151473999,0.48353704810142517
10.430000305175781,-6.659170150756836,0.45566487312316895
10.4350004196167,-6.8184733390808105,0.4277926981449127
10.4399995803833,-7.005069732666016,0.3994709551334381
10.444999694824219,-7.164874076843262,0.36980053782463074
10.449999809265137,-7.307925224304199,0.3387815058231354
10.454999923706055,-7.503258228302002,0.3046156167984009
10.460000038146973,-7.689868927001953,0.2708992660045624
10.46500015258789,-7.852483749389648,0.23988018929958344
10.470000267028809,-7.998650074005127,0.20616382360458374
10.475000381469727,-8.185380935668945,0.1737961322069168
10.479999542236328,-8.351367950439453,0.13873113691806793
10.484999656677246,-8.560877799987793,0.10006973892450333
10.489999771118164,-8.771631240844727,0.06590382754802704
10.494999885559082,-8.975492477416992,0.03488478437066078
10.5,-9.16694450378418,0.0016179897356778383
10.505000114440918,-9.35508918762207,-0.033896565437316895
10.510000228881836,-9.481660842895508,-0.07075977325439453
10.515000343322754,-9.735957145690918,-0.10897164046764374
10.520000457763672,-9.89676570892334,-0.14538529515266418
10.524999618530273,-10.113696098327637,-0.18089987337589264
10.529999732971191,-10.3442964553833,-0.2168639749288559
10.53499984741211,-10.533750534057617,-0.24923168122768402
10.539999961853027,-10.73321533203125,-0.27710384130477905
10.545000076293945,-10.92598819732666,-0.3054255545139313
10.550000190734863,-11.128006935119629,-0.33644458651542664
10.555000305175781,-11.254260063171387,-0.3706105053424835
10.5600004196167,-11.396812438964844,-0.4043268859386444
10.5649995803833,-11.635433197021484,-0.4375936985015869
10.569999694824219,-11.856049537658691,-0.47041094303131104
10.574999809265137,-12.002562522888184,-0.5041272640228271
10.579999923706055,-12.13702392578125,-0.5364950299263
10.585000038146973,-12.37753677368164,-0.5688627362251282
10.59000015258789,-12.609349250793457,-0.6012303233146667
10.595000267028809,-12.784481048583984,-0.6295520067214966
10.600000381469727,-12.932053565979004,-0.6551764607429504
10.604999542236328,-13.031891822814941,-0.6812504529953003
10.609999656677246,-13.178276062011719,-0.7100216746330261
10.614999771118164,-13.376945495605469,-0.7374443411827087
10.619999885559082,-13.452827453613281,-0.7635183334350586
10.625,-13.632303237915039,-0.7891427874565125
10.630000114440918,-13.732421875,-0.8138681054115295
10.635000228881836,-13.867391586303711,-0.8376942873001099
10.640000343322754,-13.959985733032227,-0.8579241037368774
10.645000457763672,-14.040033340454102,-0.8745574951171875
10.649999618530273,-14.16569995880127,-0.8929890990257263
10.654999732971191,-14.242012023925781,-0.9132189750671387
10.65999984741211,-14.274239540100098,-0.9280540943145752
10.664999961853027,-14.337442398071289,-0.9410911798477173
10.670000076293945,-14.493474960327148,-0.9554767608642578
10.675000190734863,-14.508855819702148,-0.9698624014854431
10.680000305175781,-14.538308143615723,-0.9766057133674622
10.6850004196167,-14.600240707397461,-0.9851471781730652
10.6899995803833,-14.667866706848145,-0.9959364533424377
10.694999694824219,-14.691936492919922,-1.0035789012908936
10.699999809265137,-14.707172393798828,-1.006725788116455
10.704999923706055,-14.709192276000977,-1.009423017501831
10.710000038146973,-14.675810813903809,-1.0121203660964966
10.71500015258789,-14.67746639251709,-1.0139185190200806
10.720000267028809,-14.729863166809082,-1.0139185190200806
10.725000381469727,-14.668987274169922,-1.0103222131729126
10.729999542236328,-14.624103546142578,-1.005826711654663
10.734999656677246,-14.611411094665527,-1.000432014465332
10.739999771118164,-14.579329490661621,-0.995936393737793
10.744999885559082,-14.569849014282227,-0.9896426796913147
10.75,-14.48481559753418,-0.9815507531166077
10.755000114440918,-14.289260864257812,-0.9703119397163391
10.760000228881836,-14.335237503051758,-0.9577245116233826
10.765000343322754,-14.308465003967285,-0.9424397945404053
10.770000457763672,-14.250508308410645,-0.9271550178527832
10.774999618530273,-14.151330947875977,-0.9159162640571594
10.779999732971191,-14.06354808807373,-0.9019801020622253
10.78499984741211,-13.984759330749512,-0.8826494216918945
10.789999961853027,-13.860090255737305,-0.861970067024231
10.795000076293945,-13.715935707092285,-0.8430888652801514
10.800000190734863,-13.624075889587402,-0.821510374546051
10.805000305175781,-13.489858627319336,-0.7981338500976562
10.8100004196167,-13.376330375671387,-0.7711607217788696
10.8149995803833,-13.259758949279785,-0.743288516998291
10.819999694824219,-13.081144332885742,-0.7185631990432739
10.824999809265137,-12.931370735168457,-0.6929387450218201
10.829999923706055,-12.76325511932373,-0.6659656763076782
10.835000038146973,-12.626232147216797,-0.6380935907363892
10.84000015258789,-12.435121536254883,-0.6106709837913513
10.845000267028809,-12.19813346862793,-0.580101490020752
10.850000381469727,-12.027453422546387,-0.5486329197883606
10.854999542236328,-11.868035316467285,-0.5194120407104492
10.859999656677246,-11.736696243286133,-0.48929208517074585
10.864999771118164,-11.550203323364258,-0.4537775218486786
10.869999885559082,-11.314607620239258,-0.4160152077674866
10.875,-11.17766284942627,-0.38409703969955444
10.880000114440918,-11.008352279663086,-0.3539770841598511
10.885000228881836,-10.830355644226074,-0.3202607333660126
10.890000343322754,-10.61705493927002,-0.2847461998462677
10.895000457763672,-10.437649726867676,-0.25822269916534424
10.899999618530273,-10.21960735321045,-0.23304782807826996
10.904999732971191,-10.043994903564453,-0.19888192415237427
10.90999984741211,-9.844819068908691,-0.16111959517002106
10.914999961853027,-9.664283752441406,-0.12875190377235413
10.920000076293945,-9.464620590209961,-0.096384197473526
10.925000190734863,-9.28073787689209,-0.058621883392333984
10.930000305175781,-9.113658905029297,-0.019061371684074402
10.9350004196167,-8.867361068725586,0.016453184187412262
10.9399995803833,-8.662460327148438,0.04971998557448387
10.944999694824219,-8.473731994628906,0.08433544635772705
10.949999809265137,-8.314041137695312,0.11760224401950836
10.954999923706055,-8.145248413085938,0.15086902678012848
10.960000038146973,-7.954906463623047,0.18638357520103455
10.96500015258789,-7.771766185760498,0.21920081973075867
10.970000267028809,-7.581331729888916,0.24842166900634766
10.975000381469727,-7.260542392730713,0.2807893753051758
10.979999542236328,-7.2380523681640625,0.3131570816040039
10.984999656677246,-6.9982500076293945,0.3432770371437073
10.989999771118164,-6.910536766052246,0.3715987503528595
10.994999885559082,-6.801146507263184,0.3990213871002197
11,-6.618353843688965,0.4286917746067047
11.005000114440918,-6.463200092315674,0.4597108066082001
11.010000228881836,-6.325794696807861,0.4862343370914459
11.015000343322754,-6.188334941864014,0.5105100870132446
11.020000457763672,-6.066935062408447,0.5343363285064697
11.024999618530273,-5.956645488739014,0.5581625699996948
11.029999732971191,-5.879242897033691,0.5801905989646912
11.03499984741211,-5.762218952178955,0.6031177043914795
11.039999961853027,-5.644777774810791,0.6255953311920166
11.045000076293945,-5.5590643882751465,0.6440269351005554
11.050000190734863,-5.3270039558410645,0.6579629778862
11.055000305175781,-5.292558670043945,0.671899139881134
11.0600004196167,-5.296281337738037,0.6862847805023193
11.0649995803833,-5.243185997009277,0.7020190954208374
11.069999694824219,-5.1539483070373535,0.7155055999755859
11.074999809265137,-5.107321262359619,0.7240471243858337
11.079999923706055,-5.0788493156433105,0.731239914894104
11.085000038146973,-5.026989459991455,0.7402309775352478
11.09000015258789,-5.0270209312438965,0.7465246915817261
11.095000267028809,-4.989188194274902,0.7510201334953308
11.100000381469727,-5.004101753234863,0.7555156946182251
11.104999542236328,-4.952104568481445,0.7582130432128906
11.109999656677246,-4.946977138519287,0.7586625814437866
11.114999771118164,-4.926847457885742,0.7577634453773499
11.119999885559082,-4.953960418701172,0.7546166181564331
11.125,-4.972120761871338,0.7510201930999756
11.130000114440918,-4.98390531539917,0.7474237084388733
11.135000228881836,-5.062274932861328,0.7420291900634766
11.140000343322754,-5.087229251861572,0.732138991355896
11.145000457763672,-5.118830680847168,0.722248911857605
11.149999618530273,-5.156195163726807,0.7146064639091492
11.154999732971191,-5.254324913024902,0.7065145969390869
11.15999984741211,-5.285497665405273,0.6912298202514648
11.164999961853027,-5.393709182739258,0.6754955649375916
11.170000076293945,-5.481379508972168,0.6611098647117615
11.175000190734863,-5.598443508148193,0.6453755497932434
11.180000305175781,-5.7434797286987305,0.6309899091720581
11.1850004196167,-5.829729080200195,0.614356517791748
11.1899995803833,-5.919532775878906,0.5918789505958557
11.194999694824219,-6.035609722137451,0.5667040944099426
11.199999809265137,-6.1880621910095215,0.5415291786193848
11.204999923706055,-6.270195960998535,0.5172533988952637
11.210000038146973,-6.39592981338501,0.4929776191711426
11.21500015258789,-6.555540561676025,0.47050005197525024
11.220000267028809,-6.695481777191162,0.44622430205345154
11.225000381469727,-6.819904804229736,0.4183521270751953
11.229999542236328,-7.030093193054199,0.3859843909740448
11.234999656677246,-7.1831955909729,0.35361671447753906
11.239999771118164,-7.338316440582275,0.3221481144428253
11.244999885559082,-7.45136833190918,0.2906795144081116
11.25,-7.6516337394714355,0.25786224007606506
11.255000114440918,-7.842222213745117,0.22414588928222656
11.260000228881836,-8.017194747924805,0.19177819788455963
11.265000343322754,-8.234031677246094,0.1594104915857315
11.270000457763672,-8.391509056091309,0.12884101271629333
11.274999618530273,-8.598264694213867,0.0964733213186264
11.279999732971191,-8.811976432800293,0.0627569705247879
11.28499984741211,-9.010945320129395,0.02814151719212532
11.289999961853027,-9.186827659606934,-0.008721690624952316
11.295000076293945,-9.370540618896484,-0.04423624649643898
11.300000190734863,-9.556100845336914,-0.07930125296115875
11.305000305175781,-9.755326271057129,-0.11256805062294006
11.3100004196167,-9.969619750976562,-0.14808261394500732
11.3149995803833,-10.13253402709961,-0.18404671549797058
11.319999694824219,-10.260425567626953,-0.21956127882003784
11.324999809265137,-10.527289390563965,-0.2505803108215332
11.329999923706055,-10.768692016601562,-0.2757551670074463
11.335000038146973,-10.953608512878418,-0.30272820591926575
11.34000015258789,-11.125253677368164,-0.3377932608127594
11.345000267028809,-11.313569068908691,-0.37420690059661865
11.350000381469727,-11.47525691986084,-0.4052259922027588
11.354999542236328,-11.609184265136719,-0.4375936985015869
11.359999656677246,-11.816461563110352,-0.471310019493103
11.364999771118164,-12.022905349731445,-0.5023291110992432
11.369999885559082,-12.150299072265625,-0.5319994688034058
11.375,-12.34995174407959,-0.5625690221786499
11.380000114440918,-12.567099571228027,-0.5958356857299805
11.385000228881836,-12.703885078430176,-0.6250565052032471
11.390000343322754,-12.865657806396484,-0.6520296335220337
11.395000457763672,-12.996939659118652,-0.6821495890617371
11.399999618530273,-13.129279136657715,-0.7100216746330261
11.404999732971191,-13.279182434082031,-0.733847975730896
11.40999984741211,-13.422696113586426,-0.7549768686294556
11.414999961853027,-13.547455787658691,-0.7779039740562439
11.420000076293945,-13.620317459106445,-0.8035284280776978
11.425000190734863,-13.758970260620117,-0.8278041481971741
11.430000305175781,-13.910025596618652,-0.8457862138748169
11.4350004196167,-13.94343376159668,-0.862419605255127
11.4399995803833,-14.027667045593262,-0.8813008069992065
11.444999694824219,-14.094502449035645,-0.9006314873695374
11.449999809265137,-14.166635513305664,-0.9186135530471802
11.454999923706055,-14.268869400024414,-0.9325496554374695
11.460000038146973,-14.389223098754883,-0.9424397945404053
11.46500015258789,-14.416513442993164,-0.954577624797821
11.470000267028809,-14.445268630981445,-0.9649173617362976
11.475000381469727,-14.474605560302734,-0.9716606140136719
11.479999542236328,-14.543913841247559,-0.9797525405883789
11.484999656677246,-14.571699142456055,-0.986945390701294
11.489999771118164,-14.536705017089844,-0.9909913539886475
11.494999885559082,-14.648064613342285,-0.9936886429786682
11.5,-14.658252716064453,-0.9977346062660217
11.505000114440918,-14.618556022644043,-0.9977346062660217
11.510000228881836,-14.640600204467773,-0.9972850680351257
11.515000343322754,-14.592894554138184,-0.9932390451431274
11.520000457763672,-14.542976379394531,-0.986945390701294
11.524999618530273,-14.549568176269531,-0.9833489656448364
11.529999732971191,-14.574732780456543,-0.9748075008392334
11.53499984741211,-14.421894073486328,-0.9599723219871521
11.539999961853027,-14.325818061828613,-0.9518803358078003
11.545000076293945,-14.407846450805664,-0.9505316615104675
11.550000190734863,-14.3273344039917,-0.944238007068634
11.555000305175781,-14.272297859191895,-0.928503692150116
11.5600004196167,-14.191407203674316,-0.9145675897598267
11.5649995803833,-14.103726387023926,-0.9001819491386414
11.569999694824219,-14.02462387084961,-0.8826494216918945
11.574999809265137,-13.924186706542969,-0.8646674156188965
11.579999923706055,-13.816246032714844,-0.8498321771621704
11.585000038146973,-13.706070899963379,-0.8314005732536316
11.59000015258789,-13.42220687866211,-0.8098220825195312
11.595000267028809,-13.387750625610352,-0.7864454388618469
11.600000381469727,-13.206052780151367,-0.7612705826759338
11.604999542236328,-13.148784637451172,-0.735196590423584
11.609999656677246,-12.983010292053223,-0.7095721364021301
11.614999771118164,-12.831130981445312,-0.683947741985321
11.619999885559082,-12.72342586517334,-0.657873809337616
11.625,-12.533007621765137,-0.6273044347763062
11.630000114440918,-12.18952465057373,-0.597184419631958
11.635000228881836,-12.125670433044434,-0.5684131383895874
11.640000343322754,-11.963957786560059,-0.537843644618988
11.645000457763672,-11.755780220031738,-0.5032281875610352
11.649999618530273,-11.619214057922363,-0.47086048126220703
11.654999732971191,-11.481348991394043,-0.44029098749160767
11.65999984741211,-11.282341957092285,-0.4101710319519043
11.664999961853027,-11.112372398376465,-0.37780335545539856
11.670000076293945,-10.926088333129883,-0.34498605132102966
11.675000190734863,-10.625422477722168,-0.3090219497680664
11.680000305175781,-10.53596305847168,-0.2762047350406647
11.6850004196167,-10.396629333496094,-0.25282809138298035
11.6899995803833,-10.053993225097656,-0.22540545463562012
11.694999694824219,-9.93353271484375,-0.18989089131355286
11.699999809265137,-9.793182373046875,-0.1543763279914856
11.704999923706055,-9.618300437927246,-0.11976087093353271
11.710000038146973,-9.404751777648926,-0.0869436115026474
11.71500015258789,-9.247897148132324,-0.05187861993908882
11.720000267028809,-9.07763957977295,-0.015464961528778076
11.725000381469727,-8.850813865661621,0.02049914561212063
11.729999542236328,-8.656023025512695,0.05421549826860428
11.734999656677246,-8.45635986328125,0.087032750248909
11.739999771118164,-7.553879261016846,0.11985000222921371
11.744999885559082,-8.167128562927246,0.15311677753925323
11.75,-8.01145076751709,0.19087909162044525
11.755000114440918,-7.818763256072998,0.22459545731544495
11.760000228881836,-7.655126094818115,0.25291720032691956
11.765000343322754,-7.472459316253662,0.28168848156929016
11.770000457763672,-7.307044506072998,0.3131570816040039
11.774999618530273,-7.129215240478516,0.3423779308795929
11.779999732971191,-6.9678802490234375,0.3724978566169739
11.78499984741211,-6.8071370124816895,0.4008195996284485
11.789999961853027,-6.665477275848389,0.42779266834259033
11.795000076293945,-6.567785739898682,0.4543161988258362
11.800000190734863,-6.4618988037109375,0.47949105501174927
11.805000305175781,-6.299803256988525,0.5051155090332031
11.8100004196167,-6.153246879577637,0.5284922122955322
11.8149995803833,-6.060611248016357,0.546923816204071
11.819999694824219,-5.951858997344971,0.5667040944099426
11.824999809265137,-5.811387538909912,0.588732123374939
11.829999923706055,-5.697758674621582,0.6080628037452698
11.835000038146973,-5.602877140045166,0.6255952715873718
11.84000015258789,-5.533272743225098,0.6422287225723267
11.845000267028809,-5.450625896453857,0.6597612500190735
11.850000381469727,-5.366481304168701,0.6754955053329468
11.854999542236328,-5.282278060913086,0.6867343187332153
11.859999656677246,-5.228029251098633,0.6979731321334839
11.864999771118164,-5.158552646636963,0.7114596366882324
11.869999885559082,-5.103562355041504,0.721799373626709
11.875,-5.064416408538818,0.731239914894104
11.880000114440918,-5.022180080413818,0.738432765007019
11.885000228881836,-5.020900726318359,0.7402309775352478
11.890000343322754,-5.014486312866211,0.7402309775352478
11.895000457763672,-5.026879787445068,0.7429282665252686
11.899999618530273,-4.980655670166016,0.7469741702079773
11.904999732971191,-5.015231132507324,0.7514697313308716
11.90999984741211,-5.0089592933654785,0.7510201930999756
11.914999961853027,-5.0391716957092285,0.7438273429870605
11.920000076293945,-4.990466117858887,0.7370840907096863
11.925000190734863,-5.084903240203857,0.7307903170585632
11.930000305175781,-5.1416096687316895,0.723147988319397
11.9350004196167,-5.218670845031738,0.7123587727546692
11.9399995803833,-5.256727695465088,0.7015694975852966
11.944999694824219,-5.32203483581543,0.6903307437896729
11.949999809265137,-5.377453804016113,0.6750459671020508
11.954999923706055,-5.449521064758301,0.6606603264808655
11.960000038146973,-5.55871057510376,0.6494215130805969
11.96500015258789,-5.6637396812438965,0.6359350085258484
11.970000267028809,-5.79094123840332,0.6175034046173096
11.975000381469727,-5.8637871742248535,0.598172664642334
11.979999542236328,-6.011374473571777,0.5783923864364624
11.984999656677246,-6.127801418304443,0.5559148788452148
11.989999771118164,-6.249507427215576,0.5334372520446777
11.994999885559082,-6.368906021118164,0.5087119340896606
12,-6.5074052810668945,0.4857847988605499
12.005000114440918,-6.65986442565918,0.4624081254005432
12.010000228881836,-6.775751113891602,0.4372332692146301
12.015000343322754,-6.960030555725098,0.4102602005004883
12.020000457763672,-7.131609916687012,0.38328707218170166
12.024999618530273,-7.305867671966553,0.3536166846752167
12.029999732971191,-7.471802234649658,0.32124900817871094
12.03499984741211,-7.660516738891602,0.2902299463748932
12.039999961853027,-7.818238735198975,0.25921088457107544
12.045000076293945,-8.012222290039062,0.2268431931734085
12.050000190734863,-8.126054763793945,0.1931268572807312
12.055000305175781,-8.321919441223145,0.15896093845367432
12.0600004196167,-8.510098457336426,0.125244602560997
12.0649995803833,-8.709053993225098,0.09242736548185349
12.069999694824219,-8.929536819458008,0.06050920858979225
12.074999809265137,-9.120809555053711,0.026792865246534348
12.079999923706055,-9.295941352844238,-0.007373036816716194
12.085000038146973,-9.463193893432617,-0.041538938879966736
12.09000015258789,-9.642925262451172,-0.07480573654174805
12.095000267028809,-9.797314643859863,-0.11121939867734909
12.100000381469727,-9.975245475769043,-0.14853216707706451
12.104999542236328,-10.191317558288574,-0.1835971623659134
12.109999656677246,-10.391057014465332,-0.21821263432502747
12.114999771118164,-10.608076095581055,-0.24653436243534088
12.119999885559082,-10.754919052124023,-0.2708101272583008
12.125,-10.94691276550293,-0.29688405990600586
12.130000114440918,-11.104388236999512,-0.33104997873306274
12.135000228881836,-11.064345359802246,-0.3629681468009949
12.140000343322754,-11.323373794555664,-0.39713403582572937
12.145000457763672,-11.666913032531738,-0.43174949288368225
12.149999618530273,-11.831808090209961,-0.46546587347984314
12.154999732971191,-11.963557243347168,-0.5005308985710144
12.15999984741211,-12.111351013183594,-0.5324490666389465
12.164999961853027,-12.26123046875,-0.5612203478813171
12.170000076293945,-12.436253547668457,-0.588642954826355
12.175000190734863,-12.621307373046875,-0.61696457862854
12.180000305175781,-12.756235122680664,-0.6421394944190979
12.1850004196167,-12.968125343322754,-0.6682134866714478
12.1899995803833,-13.112226486206055,-0.6938378810882568
12.194999694824219,-13.270689964294434,-0.7194622755050659
12.199999809265137,-13.371395111083984,-0.7441876530647278
12.204999923706055,-13.574830055236816,-0.7693625092506409
12.210000038146973,-13.649054527282715,-0.7918400764465332
12.21500015258789,-13.749459266662598,-0.8116203546524048
12.220000267028809,-13.837610244750977,-0.8309510350227356
12.225000381469727,-13.948192596435547,-0.8493826389312744
12.229999542236328,-14.025341987609863,-0.8660160303115845
12.234999656677246,-14.134288787841797,-0.8839980959892273
12.239999771118164,-14.225362777709961,-0.9006314873695374
12.244999885559082,-14.138486862182617,-0.9132189154624939
12.25,-14.341853141784668,-0.9271550178527832
12.255000114440918,-14.418221473693848,-0.937494695186615
12.260000228881836,-14.449800491333008,-0.9437884092330933
12.265000343322754,-14.473641395568848,-0.954128086566925
12.270000457763672,-14.523401260375977,-0.9631191492080688
12.274999618530273,-14.549212455749512,-0.9725597500801086
12.279999732971191,-14.606904029846191,-0.9802020788192749
12.28499984741211,-14.626760482788086,-0.9828993678092957
12.289999961853027,-14.605879783630371,-0.9815507531166077
12.295000076293945,-14.436083793640137,-0.9833489656448364
12.300000190734863,-14.629098892211914,-0.9837985634803772
12.305000305175781,-14.623998641967773,-0.9815507531166077
12.3100004196167,-14.570623397827148,-0.9757065773010254
12.3149995803833,-14.418184280395508,-0.9694128632545471
12.319999694824219,-14.412674903869629,-0.9577245116233826
12.324999809265137,-14.324068069458008,-0.9392929077148438
12.329999923706055,-14.192225456237793,-0.9298523664474487
12.335000038146973,-14.272433280944824,-0.92805415391922
12.34000015258789,-14.296913146972656,-0.9249072670936584
12.345000267028809,-14.14399242401123,-0.9123198390007019
12.350000381469727,-14.111387252807617,-0.8970351219177246
12.354999542236328,-13.869750022888184,-0.8821998834609985
12.359999656677246,-13.967845916748047,-0.8660160303115845
12.364999771118164,-13.855496406555176,-0.8480339646339417
12.369999885559082,-13.734341621398926,-0.8305014371871948
12.375,-13.499868392944336,-0.8111706972122192
12.380000114440918,-13.464543342590332,-0.7891427874565125
12.385000228881836,-13.325080871582031,-0.7653165459632874
12.390000343322754,-13.211854934692383,-0.7446371912956238
12.395000457763672,-13.159041404724121,-0.7199118733406067
12.399999618530273,-12.917539596557617,-0.6929387450218201
12.404999732971191,-12.80351448059082,-0.6668647527694702
12.40999984741211,-12.691819190979004,-0.6407908797264099
12.414999961853027,-12.53823184967041,-0.6138178706169128
12.420000076293945,-12.314098358154297,-0.589092493057251
12.425000190734863,-12.148982048034668,-0.5621194243431091
12.430000305175781,-11.991072654724121,-0.5311003923416138
12.4350004196167,-11.835481643676758,-0.4969344437122345
12.4399995803833,-11.676247596740723,-0.46501630544662476
12.444999694824219,-11.412835121154785,-0.433098167181015
12.449999809265137,-11.148239135742188,-0.4011799991130829
12.454999923706055,-11.187132835388184,-0.3719591796398163
12.460000038146973,-11.014337539672852,-0.3391419053077698
12.46500015258789,-10.80432415008545,-0.30227866768836975
12.470000267028809,-10.591876029968262,-0.27305787801742554
12.475000381469727,-10.417914390563965,-0.24698391556739807
12.479999542236328,-10.241650581359863,-0.22001084685325623
12.484999656677246,-10.058112144470215,-0.18629448115825653
12.489999771118164,-9.844207763671875,-0.15347722172737122
12.494999885559082,-9.669635772705078,-0.11841221153736115
12.5,-9.469806671142578,-0.08154899626970291
12.505000114440918,-9.329803466796875,-0.04558490589261055
12.510000228881836,-9.143790245056152,-0.012767653912305832
12.515000343322754,-8.884600639343262,0.018251389265060425
12.520000457763672,-8.696219444274902,0.04971998557448387
12.524999618530273,-8.527070999145508,0.08388588577508926
12.529999732971191,-8.36136531829834,0.11760224401950836
12.53499984741211,-8.16462230682373,0.1495203673839569
12.539999961853027,-7.9896416664123535,0.18278716504573822
12.545000076293945,-7.808055877685547,0.21425576508045197
12.550000190734863,-7.653134346008301,0.24482527375221252
12.555000305175781,-7.48024320602417,0.27764251828193665
12.5600004196167,-7.350559234619141,0.3091111183166504
12.5649995803833,-7.113254547119141,0.337432861328125
12.569999694824219,-7.004524230957031,0.3657545745372772
12.574999809265137,-6.894255638122559,0.3945258855819702
12.579999923706055,-6.714174747467041,0.4241962730884552
12.585000038146973,-6.536995887756348,0.44982069730758667
12.59000015258789,-6.417356014251709,0.47094962000846863
12.595000267028809,-6.323729038238525,0.49432626366615295
12.600000381469727,-6.1841721534729,0.5208498239517212
12.604999542236328,-6.0736589431762695,0.5455751419067383
12.609999656677246,-5.94870138168335,0.5680527091026306
12.614999771118164,-5.850516319274902,0.590080738067627
12.619999885559082,-5.777082920074463,0.6085123419761658
12.625,-5.662123680114746,0.6246961951255798
12.630000114440918,-5.5542426109313965,0.6408800482749939
12.635000228881836,-5.46372127532959,0.657063901424408
12.640000343322754,-5.405635833740234,0.672798216342926
12.645000457763672,-5.312252044677734,0.6853856444358826
12.649999618530273,-5.2410078048706055,0.6952757835388184
12.654999732971191,-5.206241130828857,0.7038172483444214
12.65999984741211,-5.169460296630859,0.7132578492164612
12.664999961853027,-5.140853404998779,0.7244966626167297
12.670000076293945,-5.117790222167969,0.7294416427612305
12.675000190734863,-5.117340087890625,0.731239914894104
12.680000305175781,-5.0779218673706055,0.7343867421150208
12.6850004196167,-5.041114330291748,0.7361849546432495
12.6899995803833,-5.061338424682617,0.7357354164123535
12.694999694824219,-5.055294513702393,0.7357354164123535
12.699999809265137,-5.074435710906982,0.7334876656532288
12.704999923706055,-5.10468864440918,0.7307903170585632
12.710000038146973,-5.130254745483398,0.7258453369140625
12.71500015258789,-5.222018241882324,0.7204506397247314
12.720000267028809,-5.219776630401611,0.7159551382064819
12.725000381469727,-5.239563465118408,0.7069641351699829
12.729999542236328,-5.334644794464111,0.6912298202514648
12.734999656677246,-5.414299964904785,0.6759451031684875
12.739999771118164,-5.4752631187438965,0.665155827999115
12.744999885559082,-5.542504787445068,0.6521188020706177
12.75,-5.655736923217773,0.6341367959976196
12.755000114440918,-5.722209453582764,0.6193016171455383
12.760000228881836,-5.851907253265381,0.6040168404579163
12.765000343322754,-5.930375099182129,0.5873834490776062
12.770000457763672,-6.055844783782959,0.5694013833999634
12.774999618530273,-6.127758026123047,0.547822892665863
12.779999732971191,-6.30938720703125,0.5235471725463867
12.78499984741211,-6.411981105804443,0.5010695457458496
12.789999961853027,-6.564944744110107,0.4781424403190613
12.795000076293945,-6.673267841339111,0.4579125940799713
12.800000190734863,-6.854795932769775,0.4331873059272766
12.805000305175781,-6.9903364181518555,0.40306735038757324
12.8100004196167,-7.050863742828369,0.3724978566169739
12.8149995803833,-7.239643096923828,0.34417614340782166
12.819999694824219,-7.473639965057373,0.31630393862724304
12.824999809265137,-7.539244174957275,0.28753262758255005
12.829999923706055,-7.786383152008057,0.2556144893169403
12.835000038146973,-7.9329400062561035,0.2218981385231018
12.84000015258789,-8.16244888305664,0.18728268146514893
12.845000267028809,-8.293309211730957,0.15581409633159637
12.850000381469727,-8.436273574829102,0.1256941556930542
12.854999542236328,-8.612115859985352,0.09062915295362473
12.859999656677246,-8.86317253112793,0.05646325275301933
12.864999771118164,-9.036314964294434,0.025444211438298225
12.869999885559082,-9.233851432800293,-0.010519896633923054
12.875,-9.428988456726074,-0.048282209783792496
12.880000114440918,-9.584534645080566,-0.08334721624851227
12.885000228881836,-9.696243286132812,-0.11391671001911163
12.890000343322754,-9.960464477539062,-0.14628441631793976
12.895000457763672,-10.211292266845703,-0.18000075221061707
12.899999618530273,-10.364225387573242,-0.21326756477355957
12.904999732971191,-10.559225082397461,-0.24338750541210175
12.90999984741211,-10.693615913391113,-0.269011914730072
12.914999961853027,-10.837418556213379,-0.2955354154109955
12.920000076293945,-10.996438980102539,-0.3279031217098236
12.925000190734863,-11.200204849243164,-0.3625185787677765
12.930000305175781,-11.402531623840332,-0.395335853099823
12.9350004196167,-11.515874862670898,-0.42635488510131836
12.9399995803833,-11.696290969848633,-0.4573739171028137
12.944999694824219,-11.903331756591797,-0.48884254693984985
12.949999809265137,-12.08069133758545,-0.5203111171722412
12.954999923706055,-12.16502857208252,-0.5526788830757141
12.960000038146973,-12.336196899414062,-0.5836979150772095
12.96500015258789,-12.598148345947266,-0.6106709241867065
12.970000267028809,-12.723955154418945,-0.6349467039108276
12.975000381469727,-12.852261543273926,-0.6614702343940735
12.979999542236328,-12.97470760345459,-0.6884432435035706
12.984999656677246,-13.131654739379883,-0.7127190232276917
12.989999771118164,-13.325343132019043,-0.736095666885376
12.994999885559082,-13.437438011169434,-0.7576741576194763
13,-13.565569877624512,-0.7797021865844727
13.005000114440918,-13.665142059326172,-0.800831139087677
13.010000228881836,-13.753645896911621,-0.818813145160675
13.015000343322754,-13.893143653869629,-0.8349969983100891
13.020000457763672,-13.971757888793945,-0.8520799279212952
13.024999618530273,-14.012235641479492,-0.8682637810707092
13.029999732971191,-14.087204933166504,-0.8844476342201233
13.03499984741211,-14.177115440368652,-0.8992828726768494
13.039999961853027,-14.225701332092285,-0.9132189154624939
13.045000076293945,-14.312432289123535,-0.9249072670936584
13.050000190734863,-14.370399475097656,-0.9329992532730103
13.055000305175781,-14.388415336608887,-0.9406415224075317
13.0600004196167,-14.427399635314941,-0.9500821828842163
13.0649995803833,-14.441553115844727,-0.9590731859207153
13.069999694824219,-14.48229694366455,-0.9653668999671936
13.074999809265137,-14.495965957641602,-0.9689633250236511
13.079999923706055,-14.497122764587402,-0.9676147103309631
13.085000038146973,-14.494297981262207,-0.9667155742645264
13.09000015258789,-14.482954978942871,-0.9703119993209839
13.095000267028809,-14.472978591918945,-0.9703119993209839
13.100000381469727,-14.447325706481934,-0.9653668999671936
13.104999542236328,-14.321434020996094,-0.9608713388442993
13.109999656677246,-14.288901329040527,-0.9545776844024658
13.114999771118164,-14.350699424743652,-0.9491830468177795
13.119999885559082,-14.284647941589355,-0.9428892731666565
13.125,-14.214335441589355,-0.9325495958328247
13.130000114440918,-14.171026229858398,-0.9199622273445129
13.135000228881836,-14.13485336303711,-0.9069252014160156
13.140000343322754,-14.042623519897461,-0.8961359858512878
13.145000457763672,-13.972501754760742,-0.8813008069992065
13.149999618530273,-13.871854782104492,-0.861070990562439
13.154999732971191,-13.632765769958496,-0.8435384631156921
13.15999984741211,-13.652297019958496,-0.8273546099662781
13.164999961853027,-13.562548637390137,-0.8093725442886353
13.170000076293945,-13.493118286132812,-0.7864454388618469
13.175000190734863,-13.356436729431152,-0.7630687952041626
13.180000305175781,-13.227380752563477,-0.7401416301727295
13.1850004196167,-13.04736328125,-0.7163154482841492
13.1899995803833,-12.798809051513672,-0.6906909942626953
13.194999694824219,-12.780138969421387,-0.6659656763076782
13.199999809265137,-12.658219337463379,-0.6407908797264099
13.204999923706055,-12.479118347167969,-0.6124691963195801
13.210000038146973,-12.32597827911377,-0.5868447422981262
13.21500015258789,-12.18163776397705,-0.5594221353530884
13.220000267028809,-12.00234317779541,-0.528403103351593
13.225000381469727,-11.754605293273926,-0.4960353672504425
13.229999542236328,-11.581877708435059,-0.4636676609516144
13.234999656677246,-11.451936721801758,-0.43219903111457825
13.239999771118164,-11.316798210144043,-0.4007304608821869
13.244999885559082,-11.16209602355957,-0.3679131865501404
13.25,-11.010784149169922,-0.3341968357563019
13.255000114440918,-10.804267883300781,-0.30182912945747375
13.260000228881836,-10.50702953338623,-0.27305787801742554
13.265000343322754,-10.489395141601562,-0.24833256006240845
13.270000457763672,-10.26656723022461,-0.21956129372119904
13.274999618530273,-10.067575454711914,-0.18629448115825653
13.279999732971191,-9.879287719726562,-0.1539267748594284
13.28499984741211,-9.72242259979248,-0.12290773540735245
13.289999961853027,-9.481000900268555,-0.08829227834939957
13.295000076293945,-9.325901985168457,-0.04873175919055939
13.300000190734863,-8.922313690185547,-0.012318101711571217
13.305000305175781,-8.95748519897461,0.019600043073296547
13.3100004196167,-8.861478805541992,0.0483713299036026
13.3149995803833,-8.583900451660156,0.07939037680625916
13.319999694824219,-8.358759880065918,0.11310672760009766
13.324999809265137,-8.197131156921387,0.14817170798778534
13.329999923706055,-8.043575286865234,0.17604389786720276
13.335000038146973,-7.846673488616943,0.20886115729808807
13.34000015258789,-7.70511531829834,0.24257749319076538
13.345000267028809,-7.533259868621826,0.2708992660045624
13.350000381469727,-7.416243076324463,0.2992209792137146
13.354999542236328,-7.232097148895264,0.32979050278663635
13.359999656677246,-7.089818000793457,0.35991042852401733
13.364999771118164,-6.909004211425781,0.3859843909740448
13.369999885559082,-6.767205715179443,0.41160884499549866
13.375,-6.4690093994140625,0.4390314519405365
13.380000114440918,-6.482333660125732,0.4669036269187927
13.385000228881836,-6.358333110809326,0.4920785427093506
13.390000343322754,-6.233708381652832,0.5123083591461182
13.395000457763672,-6.158412933349609,0.5334372520446777
13.399999618530273,-5.9674201011657715,0.5532175302505493
13.404999732971191,-5.909556865692139,0.5720986723899841
13.40999984741211,-5.817806243896484,0.5882825255393982
13.414999961853027,-5.744930267333984,0.6031177639961243
13.420000076293945,-5.650876522064209,0.6202006936073303
13.425000190734863,-5.573731899261475,0.6363845467567444
13.430000305175781,-5.51700496673584,0.6485224366188049
13.4350004196167,-5.426247596740723,0.6597612500190735
13.4399995803833,-5.341541290283203,0.673247754573822
13.444999694824219,-5.296954154968262,0.6871838569641113
13.449999809265137,-5.299261093139648,0.6952757835388184
13.454999923706055,-5.221012115478516,0.6993217468261719
13.460000038146973,-5.189088344573975,0.7056155204772949
13.46500015258789,-5.175271034240723,0.7137073874473572
13.470000267028809,-5.185880184173584,0.7173038125038147
13.475000381469727,-5.183060646057129,0.7177533507347107
13.479999542236328,-5.174708843231201,0.7173038125038147
13.484999656677246,-5.163784503936768,0.7177533507347107
13.489999771118164,-5.208702087402344,0.7182028889656067
13.494999885559082,-5.179184913635254,0.7150560021400452
13.5,-5.189029216766357,0.7096614837646484
13.505000114440918,-5.238455772399902,0.7033677101135254
13.510000228881836,-5.304512977600098,0.6952758431434631
13.515000343322754,-5.343478679656982,0.6858352422714233
13.520000457763672,-5.408714294433594,0.6763946413993835
13.524999618530273,-5.495098114013672,0.665605366230011
13.529999732971191,-5.614174842834473,0.6530179381370544
13.53499984741211,-5.756229400634766,0.6404305100440979
13.539999961853027,-5.618645191192627,0.6269439458847046
13.545000076293945,-5.922440528869629,0.6089619398117065
13.550000190734863,-5.866532802581787,0.589631199836731
13.555000305175781,-5.965302467346191,0.5707500576972961
13.5600004196167,-6.069097518920898,0.5500706434249878
13.5649995803833,-6.2320756912231445,0.531639039516449
13.569999694824219,-6.334657669067383,0.5109596848487854
13.574999809265137,-6.455288410186768,0.4875829815864563
13.579999923706055,-6.569953918457031,0.46510544419288635
13.585000038146973,-6.663516044616699,0.44217830896377563
13.59000015258789,-6.860311985015869,0.4143061339855194
13.595000267028809,-7.035267353057861,0.38373664021492004
13.600000381469727,-7.162868976593018,0.3567635416984558
13.604999542236328,-7.27927827835083,0.33113911747932434
13.609999656677246,-7.44651460647583,0.3041660487651825
13.614999771118164,-7.624922752380371,0.27269744873046875
13.619999885559082,-7.775249481201172,0.24032974243164062
13.625,-7.916182518005371,0.21110890805721283
13.630000114440918,-7.89942741394043,0.18098895251750946
13.635000228881836,-8.226327896118164,0.14772216975688934
13.640000343322754,-8.460797309875488,0.11805178970098495
13.645000457763672,-8.670572280883789,0.08658318966627121
13.649999618530273,-8.798140525817871,0.04971998184919357
13.654999732971191,-8.984048843383789,0.017352288588881493
13.65999984741211,-9.197361946105957,-0.015015410259366035
13.664999961853027,-9.369860649108887,-0.04963086172938347
13.670000076293945,-9.521183967590332,-0.0815490111708641
13.675000190734863,-9.707801818847656,-0.11391670256853104
13.680000305175781,-9.907532691955566,-0.14763306081295013
13.6850004196167,-10.11924934387207,-0.18179897964000702
13.6899995803833,-10.332781791687012,-0.2164144217967987
13.694999694824219,-10.52275562286377,-0.2460848093032837
13.699999809265137,-10.670848846435547,-0.2703605592250824
13.704999923706055,-10.817366600036621,-0.2955354154109955
13.710000038146973,-11.02234935760498,-0.3274535536766052
13.71500015258789,-11.24419116973877,-0.3620690405368805
13.720000267028809,-11.363018989562988,-0.39353764057159424
13.725000381469727,-11.556388854980469,-0.4232080280780792
13.729999542236328,-11.706770896911621,-0.4528784155845642
13.734999656677246,-11.861466407775879,-0.48389750719070435
13.739999771118164,-12.01386833190918,-0.5135678648948669
13.744999885559082,-12.181082725524902,-0.5423391461372375
13.75,-12.281294822692871,-0.5733582377433777
13.755000114440918,-12.481232643127441,-0.6043772101402283
13.760000228881836,-12.6648530960083,-0.6326988935470581
13.765000343322754,-12.853426933288574,-0.6596720218658447
13.770000457763672,-12.993706703186035,-0.6839478015899658
13.774999618530273,-13.108870506286621,-0.7055261731147766
13.779999732971191,-13.186668395996094,-0.7284532785415649
13.78499984741211,-13.342708587646484,-0.7549768686294556
13.789999961853027,-13.467421531677246,-0.7770048975944519
13.795000076293945,-13.580216407775879,-0.793638288974762
13.800000190734863,-13.66347599029541,-0.8129689693450928
13.805000305175781,-13.755594253540039,-0.8314005732536316
13.8100004196167,-13.887054443359375,-0.8498321771621704
13.8149995803833,-13.997625350952148,-0.8642178177833557
13.819999694824219,-14.02735424041748,-0.879502534866333
13.824999809265137,-14.071678161621094,-0.8943377137184143
13.829999923706055,-14.137859344482422,-0.9078243374824524
13.835000038146973,-14.174657821655273,-0.9163658022880554
13.84000015258789,-14.175115585327148,-0.9217604398727417
13.845000267028809,-14.257002830505371,-0.929852306842804
13.850000381469727,-14.321551322937012,-0.936595618724823
13.854999542236328,-14.371354103088379,-0.9415406584739685
13.859999656677246,-14.350508689880371,-0.9473848342895508
13.864999771118164,-14.403682708740234,-0.954128086566925
13.869999885559082,-14.366351127624512,-0.9599722623825073
13.875,-14.393110275268555,-0.9595227241516113
13.880000114440918,-14.380943298339844,-0.9599723219871521
13.885000228881836,-14.336465835571289,-0.9622200727462769
13.890000343322754,-14.38787841796875,-0.9568254351615906
13.895000457763672,-14.32653522491455,-0.9478344321250916
13.899999618530273,-14.326735496520996,-0.9352469444274902
13.904999732971191,-14.24441909790039,-0.9204117655754089
13.90999984741211,-14.088089942932129,-0.9091729521751404
13.914999961853027,-14.124691009521484,-0.9082738161087036
13.920000076293945,-14.089825630187988,-0.9042279124259949
13.925000190734863,-14.068350791931152,-0.8925395607948303
13.930000305175781,-13.932863235473633,-0.8795025944709778
13.9350004196167,-13.908236503601074,-0.8633187413215637
13.9399995803833,-13.798267364501953,-0.8462357521057129
13.944999694824219,-13.774864196777344,-0.8291528224945068
13.949999809265137,-13.670570373535156,-0.81162029504776
13.954999923706055,-13.56598949432373,-0.7927391529083252
13.960000038146973,-13.413030624389648,-0.7747570872306824
13.96500015258789,-13.301411628723145,-0.7536281943321228
13.970000267028809,-13.193760871887207,-0.7307010889053345
13.975000381469727,-12.85855770111084,-0.7068748474121094
13.979999542236328,-12.898639678955078,-0.6821494698524475
13.984999656677246,-12.712006568908691,-0.6574242115020752
13.989999771118164,-12.602612495422363,-0.6313503384590149
13.994999885559082,-12.432947158813477,-0.604377269744873
14,-12.127965927124023,-0.5747068524360657
14.005000114440918,-12.02001953125,-0.5468347072601318
14.010000228881836,-11.855180740356445,-0.5194120407104492
14.015000343322754,-11.785473823547363,-0.48884254693984985
14.020000457763672,-11.563451766967773,-0.45647484064102173
14.024999618530273,-11.308026313781738,-0.42590534687042236
14.029999732971191,-11.270098686218262,-0.39353761076927185
14.03499984741211,-11.078116416931152,-0.3625185787677765
14.039999961853027,-10.915003776550293,-0.3337472677230835
14.045000076293945,-10.693191528320312,-0.30227866768836975
14.050000190734863,-10.568693161010742,-0.27260833978652954
14.055000305175781,-10.261597633361816,-0.24698391556739807
14.0600004196167,-10.026985168457031,-0.2213594913482666
14.0649995803833,-9.997066497802734,-0.19348730146884918
14.069999694824219,-9.809553146362305,-0.16067004203796387
14.074999809265137,-9.606473922729492,-0.126054584980011
14.079999923706055,-9.429400444030762,-0.0918886810541153
14.085000038146973,-9.279435157775879,-0.053676825016736984
14.09000015258789,-9.091608047485352,-0.01816227100789547
14.095000267028809,-8.89988899230957,0.009260362945497036
14.100000381469727,-8.738143920898438,0.038481198251247406
14.104999542236328,-8.607137680053711,0.07219754904508591
14.109999656677246,-8.390522956848145,0.10546435415744781
14.114999771118164,-8.178760528564453,0.13738247752189636
14.119999885559082,-8.043639183044434,0.1688510775566101
14.125,-7.851813316345215,0.1985214650630951
14.130000114440918,-7.722823619842529,0.23043960332870483
14.135000228881836,-7.545722961425781,0.26370641589164734
14.140000343322754,-7.400793552398682,0.29247772693634033
14.145000457763672,-7.2511420249938965,0.3176526129245758
14.149999618530273,-7.115922927856445,0.34372657537460327
14.154999732971191,-6.971667289733887,0.3715987503528595
14.15999984741211,-6.781148910522461,0.39767271280288696
14.164999961853027,-6.6527509689331055,0.4241962730884552
14.170000076293945,-6.4445109367370605,0.4489215612411499
14.175000190734863,-6.375364303588867,0.47409647703170776
14.180000305175781,-6.311256408691406,0.49882176518440247
14.1850004196167,-6.210474491119385,0.5181525349617004
14.1899995803833,-5.958122253417969,0.5361345410346985
14.194999694824219,-5.985804080963135,0.5541166067123413
14.199999809265137,-5.951806545257568,0.5747959613800049
14.204999923706055,-5.831018924713135,0.5959249138832092
14.210000038146973,-5.739103317260742,0.613457441329956
14.21500015258789,-5.674227714538574,0.6269439458847046
14.220000267028809,-5.58613395690918,0.6390818953514099
14.225000381469727,-5.526521682739258,0.6512197256088257
14.229999542236328,-5.438141345977783,0.6629080772399902
14.234999656677246,-5.361851692199707,0.672798216342926
14.239999771118164,-5.343969345092773,0.6808901429176331
14.244999885559082,-5.3261566162109375,0.6867343187332153
14.25,-5.301403999328613,0.6907802820205688
14.255000114440918,-5.258975505828857,0.6961748600006104
14.260000228881836,-5.244358062744141,0.6997713446617126
14.265000343322754,-5.2176666259765625,0.7006704211235046
14.270000457763672,-5.202122211456299,0.6997712850570679
14.274999618530273,-5.218137741088867,0.7002208232879639
14.279999732971191,-5.2508769035339355,0.7006704211235046
14.28499984741211,-5.287213325500488,0.6988721489906311
14.289999961853027,-5.312796115875244,0.6957253217697144
14.295000076293945,-5.352328777313232,0.6921289563179016
14.300000190734863,-5.3520307540893555,0.6871838569641113
14.305000305175781,-5.400148868560791,0.6790919899940491
14.3100004196167,-5.487817764282227,0.6674035787582397
14.3149995803833,-5.5936384201049805,0.6543666124343872
14.319999694824219,-5.649751663208008,0.6417791843414307
14.324999809265137,-5.713402271270752,0.6300908327102661
14.329999923706055,-5.78373384475708,0.6175034046173096
14.335000038146973,-5.879756927490234,0.6040168404579163
14.34000015258789,-5.949214935302734,0.5851356387138367
14.345000267028809,-6.0695977210998535,0.5653554201126099
14.350000381469727,-6.182389259338379,0.5446760058403015
14.354999542236328,-6.282658100128174,0.5257948637008667
14.359999656677246,-6.271893501281738,0.5046659111976624
14.364999771118164,-6.500801086425781,0.47994062304496765
14.369999885559082,-6.64560604095459,0.45611441135406494
14.375,-6.80723237991333,0.43228819966316223
14.380000114440918,-6.95659065246582,0.40711331367492676
14.385000228881836,-7.088491439819336,0.3814888596534729
14.390000343322754,-7.228600025177002,0.35451579093933105
14.395000457763672,-7.391099452972412,0.32574450969696045
14.399999618530273,-7.522964954376221,0.29697322845458984
14.404999732971191,-7.654976844787598,0.2700001299381256
14.40999984741211,-7.8553547859191895,0.24032974243164062
14.414999961853027,-8.025039672851562,0.2079620510339737
14.420000076293945,-8.203682899475098,0.17559434473514557
14.425000190734863,-8.337343215942383,0.1454744040966034
14.430000305175781,-8.517751693725586,0.11805178970098495
14.4350004196167,-8.647027015686035,0.08883094787597656
14.4399995803833,-8.79854965209961,0.05556414648890495
14.444999694824219,-9.152005195617676,0.02229735255241394
14.449999809265137,-9.295405387878418,-0.008721691556274891
14.454999923706055,-9.473465919494629,-0.03974073380231857
14.460000038146973,-9.619973182678223,-0.07435618340969086
14.46500015258789,-9.822299003601074,-0.11121939867734909
14.470000267028809,-9.970100402832031,-0.1494312733411789
14.475000381469727,-10.177692413330078,-0.18224851787090302
14.479999542236328,-10.32751750946045,-0.21326756477355957
14.484999656677246,-10.521343231201172,-0.24338750541210175
14.489999771118164,-10.69493293762207,-0.26811283826828003
14.494999885559082,-10.825489044189453,-0.2937372326850891
14.5,-11.056352615356445,-0.3225085139274597
14.505000114440918,-11.218798637390137,-0.35487619042396545
14.510000228881836,-11.40534782409668,-0.3863448202610016
14.515000343322754,-11.545868873596191,-0.4151161015033722
14.520000457763672,-11.698343276977539,-0.4425387382507324
14.524999618530273,-11.838858604431152,-0.4767046868801117
14.529999732971191,-11.963282585144043,-0.5095219016075134
14.53499984741211,-12.1650390625,-0.5364949703216553
14.539999961853027,-12.334297180175781,-0.5643671751022339
14.545000076293945,-12.49250316619873,-0.590441107749939
14.550000190734863,-12.641973495483398,-0.616515040397644
14.555000305175781,-12.79223918914795,-0.6434881687164307
14.5600004196167,-12.94516372680664,-0.6691125631332397
14.5649995803833,-13.082252502441406,-0.6942874193191528
14.569999694824219,-13.203579902648926,-0.7158659100532532
14.574999809265137,-13.268136024475098,-0.73564612865448
14.579999923706055,-13.422569274902344,-0.7590228319168091
14.585000038146973,-13.564043045043945,-0.7801517844200134
14.59000015258789,-13.641213417053223,-0.7990329265594482
14.595000267028809,-13.695487022399902,-0.8156662583351135
14.600000381469727,-13.800118446350098,-0.8305014371871948
14.604999542236328,-13.886591911315918,-0.8489331007003784
14.609999656677246,-13.995087623596191,-0.8673647046089172
14.614999771118164,-14.064875602722168,-0.8808512091636658
14.619999885559082,-14.037368774414062,-0.8916404843330383
14.625,-14.093188285827637,-0.9006314873695374
14.630000114440918,-14.218454360961914,-0.9082738161087036
14.635000228881836,-14.264612197875977,-0.9168154001235962
14.640000343322754,-14.28903579711914,-0.9267054796218872
14.645000457763672,-14.299185752868652,-0.9321000576019287
14.649999618530273,-14.32925033569336,-0.935696542263031
14.654999732971191,-14.345298767089844,-0.9397424459457397
14.65999984741211,-14.361181259155273,-0.9428893327713013
14.664999961853027,-14.36013126373291,-0.944238007068634
14.670000076293945,-14.307912826538086,-0.9437884092330933
14.675000190734863,-14.30384635925293,-0.9383938312530518
14.680000305175781,-14.323078155517578,-0.9347974061965942
14.6850004196167,-14.282651901245117,-0.9312009811401367
14.6899995803833,-14.205143928527832,-0.9267054200172424
14.694999694824219,-14.168890953063965,-0.9186135530471802
14.699999809265137,-14.159360885620117,-0.9109711647033691
14.704999923706055,-14.063136100769043,-0.9024296998977661
14.710000038146973,-14.003969192504883,-0.8916404843330383
14.71500015258789,-13.94796371459961,-0.877704381942749
14.720000267028809,-13.863621711730957,-0.861970067024231
14.725000381469727,-13.855928421020508,-0.8466852903366089
14.729999542236328,-13.74638557434082,-0.8322996497154236
14.734999656677246,-13.620153427124023,-0.8174644708633423
14.739999771118164,-13.457465171813965,-0.7985833287239075
14.744999885559082,-13.46359920501709,-0.7806013226509094
14.75,-13.340136528015137,-0.7617201209068298
14.755000114440918,-13.188533782958984,-0.7414903044700623
14.760000228881836,-13.103246688842773,-0.7163153886795044
14.765000343322754,-12.93702507019043,-0.6906909942626953
14.770000457763672,-12.573780059814453,-0.667763888835907
14.774999618530273,-12.649406433105469,-0.6475341320037842
14.779999732971191,-12.557339668273926,-0.6214602589607239
14.78499984741211,-12.355469703674316,-0.596734881401062
14.789999961853027,-12.153524398803711,-0.5720095634460449
14.795000076293945,-12.038613319396973,-0.5432382822036743
14.800000190734863,-11.916956901550293,-0.512219250202179
14.805000305175781,-11.742256164550781,-0.47985151410102844
14.8100004196167,-11.555259704589844,-0.4479333460330963
14.8149995803833,-11.40959358215332,-0.41736385226249695
14.819999694824219,-11.28433609008789,-0.38679438829421997
14.824999809265137,-10.720409393310547,-0.35577529668807983
14.829999923706055,-10.80320930480957,-0.3243066966533661
14.835000038146973,-10.762672424316406,-0.29193902015686035
14.84000015258789,-10.562590599060059,-0.2645164132118225
14.845000267028809,-10.388168334960938,-0.24338750541210175
14.850000381469727,-10.205854415893555,-0.21911172568798065
14.854999542236328,-10.02424430847168,-0.1871935874223709
14.859999656677246,-9.841442108154297,-0.1543763130903244
14.864999771118164,-9.681145668029785,-0.12245818227529526
14.869999885559082,-9.505927085876465,-0.08739316463470459
14.875,-9.339232444763184,-0.05502547696232796
14.880000114440918,-9.160870552062988,-0.02445598877966404
14.885000228881836,-8.984273910522461,0.00881081074476242
14.890000343322754,-8.778966903686523,0.03982985392212868
14.895000457763672,-8.573450088500977,0.07219754904508591
14.899999618530273,-8.410737991333008,0.10771211236715317
14.904999732971191,-8.217082023620605,0.1396302431821823
14.90999984741211,-8.096776962280273,0.1688510775566101
14.914999961853027,-7.907708168029785,0.1985214799642563
14.920000076293945,-7.7317094802856445,0.2272927612066269
14.925000190734863,-7.591715335845947,0.25336673855781555
14.930000305175781,-7.437123775482178,0.28213801980018616
14.9350004196167,-7.271824836730957,0.3131570816040039
14.9399995803833,-7.094135761260986,0.34417614340782166
14.944999694824219,-6.9203200340271,0.36980053782463074
14.949999809265137,-6.797461986541748,0.39272767305374146
14.954999923706055,-6.731719970703125,0.41655391454696655
14.960000038146973,-6.616740703582764,0.4403800964355469
14.96500015258789,-6.442817211151123,0.464206337928772
14.970000267028809,-6.339299201965332,0.48533526062965393
14.975000381469727,-6.204156875610352,0.5064641833305359
14.979999542236328,-6.131428241729736,0.5284921526908875
14.984999656677246,-6.000049114227295,0.548272430896759
14.989999771118164,-5.923826694488525,0.5640068054199219
14.994999885559082,-5.841617584228516,0.5788419842720032
15,-5.7824530601501465,0.5932275652885437
15.005000114440918,-5.732867240905762,0.6080628037452698
15.010000228881836,-5.639954566955566,0.6255953311920166
15.015000343322754,-5.585886001586914,0.6368340849876404
15.020000457763672,-5.491581439971924,0.6444764733314514
15.024999618530273,-5.470116138458252,0.6548161506652832
15.029999732971191,-5.395735740661621,0.6665045022964478
15.03499984741211,-5.365743160247803,0.6750459671020508
15.039999961853027,-5.331284523010254,0.6831378936767578
15.045000076293945,-5.324374675750732,0.6871838569641113
15.050000190734863,-5.313702583312988,0.6894316077232361
15.055000305175781,-5.290817737579346,0.6889820694923401
15.0600004196167,-5.286386489868164,0.6862847805023193
15.0649995803833,-5.3192524909973145,0.6871838569641113
15.069999694824219,-5.328494071960449,0.6889820694923401
15.074999809265137,-5.350322723388672,0.6880829930305481
15.079999923706055,-5.403454780578613,0.6831378936767578
15.085000038146973,-5.389867305755615,0.6786423921585083
15.09000015258789,-5.428635120391846,0.671899139881134
15.095000267028809,-5.478621482849121,0.6620090007781982
15.100000381469727,-5.549928665161133,0.6498710513114929
15.104999542236328,-5.66864013671875,0.6381827592849731
15.109999656677246,-5.71137809753418,0.6269439458847046
15.114999771118164,-5.778634071350098,0.613906979560852
15.119999885559082,-5.837857246398926,0.598172664642334
15.125,-5.944163799285889,0.5828879475593567
15.130000114440918,-6.0235395431518555,0.5698509216308594
15.135000228881836,-6.1289825439453125,0.5509697794914246
15.140000343322754,-6.2523908615112305,0.531639039516449
15.145000457763672,-6.321999549865723,0.5132074356079102
15.149999618530273,-6.441749572753906,0.4916289746761322
15.154999732971191,-6.591426372528076,0.4673531949520111
15.15999984741211,-6.704888343811035,0.4444260895252228
15.164999961853027,-6.800676345825195,0.4201503098011017
15.170000076293945,-7.0000691413879395,0.3945258855819702
15.175000190734863,-7.122175216674805,0.36845189332962036
15.180000305175781,-7.241273880004883,0.34462565183639526
15.1850004196167,-7.394153118133545,0.32079944014549255
15.1899995803833,-7.60184907913208,0.29247769713401794
15.194999694824219,-7.736342430114746,0.26190823316574097
15.199999809265137,-7.881838798522949,0.2313387095928192
15.204999923706055,-8.011968612670898,0.20391607284545898
15.210000038146973,-8.20258617401123,0.17469525337219238
15.21500015258789,-8.387234687805176,0.14322665333747864
15.220000267028809,-8.573287010192871,0.1108589693903923
15.225000381469727,-8.708889961242676,0.0771426185965538
15.229999542236328,-8.878016471862793,0.044325362890958786
15.234999656677246,-9.106710433959961,0.012856772169470787
15.239999771118164,-9.3082857131958,-0.01861182041466236
15.244999885559082,-9.468544960021973,-0.05097951367497444
15.25,-9.604085922241211,-0.08334721624851227
15.255000114440918,-9.727374076843262,-0.11391671001911163
15.260000228881836,-9.951430320739746,-0.14628441631793976
15.265000343322754,-10.14051342010498,-0.18134942650794983
15.270000457763672,-10.301243782043457,-0.22810272872447968
15.274999618530273,-10.716164588928223,-0.2802506685256958
15.279999732971191,-11.030197143554688,-0.30632463097572327
15.28499984741211,-10.911491394042969,-0.3094714879989624
15.289999961853027,-11.04461669921875,-0.3243066966533661
15.295000076293945,-11.17761516571045,-0.3566744327545166
15.300000190734863,-11.395124435424805,-0.3858952522277832
15.305000305175781,-11.503751754760742,-0.4115196764469147
15.3100004196167,-11.632067680358887,-0.4384927749633789
15.3149995803833,-11.765268325805664,-0.46996140480041504
15.319999694824219,-11.933393478393555,-0.5009804368019104
15.324999809265137,-12.12888240814209,-0.5302013158798218
15.329999923706055,-12.276060104370117,-0.5571743249893188
15.335000038146973,-12.437079429626465,-0.5827988386154175
15.34000015258789,-12.590620994567871,-0.6088727116584778
15.345000267028809,-12.759130477905273,-0.6344971060752869
15.350000381469727,-12.929301261901855,-0.658772885799408
15.354999542236328,-13.013809204101562,-0.6821495890617371
15.359999656677246,-13.124293327331543,-0.7059757113456726
15.364999771118164,-13.250458717346191,-0.7257559895515442
15.369999885559082,-13.387014389038086,-0.7482336163520813
15.375,-13.484930992126465,-0.7684634327888489
15.380000114440918,-13.55410099029541,-0.7855463624000549
15.385000228881836,-13.699973106384277,-0.8039779663085938
15.390000343322754,-13.794443130493164,-0.8224095106124878
15.395000457763672,-13.850398063659668,-0.8390429615974426
15.399999618530273,-13.9258451461792,-0.8529790043830872
15.404999732971191,-13.954129219055176,-0.8678142428398132
15.40999984741211,-14.047139167785645,-0.8808512091636658
15.414999961853027,-14.085868835449219,-0.8898422718048096
15.420000076293945,-14.121463775634766,-0.8965855240821838
15.425000190734863,-14.183324813842773,-0.9055765271186829
15.430000305175781,-14.213197708129883,-0.9118703007698059
15.4350004196167,-14.261404991149902,-0.9177144765853882
15.4399995803833,-14.270755767822266,-0.9235585927963257
15.444999694824219,-14.265507698059082,-0.9271550178527832
15.449999809265137,-14.264568328857422,-0.9303019046783447
15.454999923706055,-14.26335334777832,-0.929402768611908
15.460000038146973,-14.255802154541016,-0.9271550178527832
15.46500015258789,-14.247206687927246,-0.9249072074890137
15.470000267028809,-14.23831558227539,-0.9226595163345337
15.475000381469727,-14.219143867492676,-0.9154666662216187
15.479999542236328,-14.160382270812988,-0.9078242778778076
15.484999656677246,-14.099234580993652,-0.9037783145904541
15.489999771118164,-14.084892272949219,-0.8970350623130798
15.494999885559082,-14.037674903869629,-0.8853467702865601
15.5,-13.969585418701172,-0.8745574951171875
15.505000114440918,-13.901429176330566,-0.8651168942451477
15.510000228881836,-13.843440055847168,-0.8502817153930664
15.515000343322754,-13.776872634887695,-0.8358960151672363
15.520000457763672,-13.679801940917969,-0.819262683391571
15.524999618530273,-13.4960298538208,-0.7999320030212402
15.529999732971191,-13.47362995147705,-0.7832986116409302
15.53499984741211,-13.376538276672363,-0.7671147584915161
15.539999961853027,-13.245156288146973,-0.750930905342102
15.545000076293945,-13.044536590576172,-0.7324993014335632
15.550000190734863,-12.939010620117188,-0.7091225981712341
15.555000305175781,-12.919659614562988,-0.6839476823806763
15.5600004196167,-12.744860649108887,-0.6569746732711792
15.5649995803833,-12.61457633972168,-0.6317998766899109
15.569999694824219,-12.478392601013184,-0.6066250205039978
15.574999809265137,-12.254827499389648,-0.5783032774925232
15.579999923706055,-12.158722877502441,-0.5531284213066101
15.585000038146973,-11.975231170654297,-0.5270544290542603
15.59000015258789,-11.73583698272705,-0.4960353672504425
15.595000267028809,-11.699153900146484,-0.4668145477771759
15.600000381469727,-11.523538589477539,-0.4389423131942749
15.604999542236328,-11.293047904968262,-0.4101710319519043
15.609999656677246,-11.246164321899414,-0.3805006444454193
15.614999771118164,-11.062397956848145,-0.35038068890571594
15.619999885559082,-10.91367244720459,-0.3180129826068878
15.625,-10.749166488647461,-0.28699395060539246
15.630000114440918,-10.538646697998047,-0.26316776871681213
15.635000228881836,-10.278104782104492,-0.24158930778503418
15.640000343322754,-10.112345695495605,-0.21461622416973114
15.645000457763672,-10.021841049194336,-0.18224851787090302
15.649999618530273,-9.853039741516113,-0.14853216707706451
15.654999732971191,-9.690006256103516,-0.11346714943647385
15.65999984741211,-9.490446090698242,-0.07975079119205475
15.664999961853027,-9.329188346862793,-0.04648400470614433
15.670000076293945,-9.173678398132324,-0.014565858989953995
15.675000190734863,-8.944356918334961,0.015554082579910755
15.680000305175781,-8.82193374633789,0.04297671467065811
15.6850004196167,-8.640292167663574,0.0726471021771431
15.6899995803833,-8.440893173217773,0.10366614907979965
15.694999694824219,-7.729745388031006,0.13648338615894318
15.699999809265137,-8.125982284545898,0.16795197129249573
15.704999923706055,-7.958347797393799,0.1976223737001419
15.710000038146973,-7.857263565063477,0.2272927612066269
15.71500015258789,-7.638120174407959,0.25291717052459717
15.720000267028809,-7.496459484100342,0.2798902690410614
15.725000381469727,-7.348471641540527,0.31090933084487915
15.729999542236328,-7.207693099975586,0.3387815058231354
15.734999656677246,-7.076533794403076,0.3662041127681732
15.739999771118164,-6.93497896194458,0.39272767305374146
15.744999885559082,-6.799195766448975,0.41610434651374817
15.75,-6.682680130004883,0.4372332692146301
15.755000114440918,-6.5577263832092285,0.46016037464141846
15.760000228881836,-6.417098045349121,0.4826379120349884
15.765000343322754,-6.308207988739014,0.5042164325714111
15.770000457763672,-6.2083740234375,0.5248957872390747
15.774999618530273,-6.111886024475098,0.5415291786193848
15.779999732971191,-6.023538112640381,0.5563643574714661
15.78499984741211,-5.904894828796387,0.5738968849182129
15.789999961853027,-5.8773956298828125,0.5918789505958557
15.795000076293945,-5.813891887664795,0.6067141890525818
15.800000190734863,-5.731773853302002,0.6179529428482056
15.805000305175781,-5.66845178604126,0.6287421584129333
15.8100004196167,-5.598237991333008,0.6395313739776611
15.8149995803833,-5.5139994621276855,0.6498710513114929
15.819999694824219,-5.4709625244140625,0.6597612500190735
15.824999809265137,-5.143792629241943,0.6692017912864685
15.829999923706055,-5.346935749053955,0.673247754573822
15.835000038146973,-5.1377058029174805,0.673247754573822
15.84000015258789,-5.360783100128174,0.6750460267066956
15.845000267028809,-5.393830299377441,0.6799910068511963
15.850000381469727,-5.341151237487793,0.6849361062049866
15.854999542236328,-5.371110916137695,0.6835874319076538
15.859999656677246,-5.381527900695801,0.6790919303894043
15.864999771118164,-5.403735160827637,0.673247754573822
15.869999885559082,-5.432701110839844,0.6678531169891357
15.875,-5.470441818237305,0.6611098647117615
15.880000114440918,-5.549111843109131,0.6543666124343872
15.885000228881836,-5.597254753112793,0.6498710513114929
15.890000343322754,-5.678985595703125,0.6404305100440979
15.895000457763672,-5.697113990783691,0.6246961951255798
15.899999618530273,-5.787529468536377,0.6098610162734985
15.904999732971191,-5.8443779945373535,0.5959249138832092
15.90999984741211,-5.905250549316406,0.5828879475593567
15.914999961853027,-6.0247673988342285,0.5725482106208801
15.920000076293945,-6.076850891113281,0.5599607825279236
15.925000190734863,-6.164621829986572,0.5406301021575928
15.930000305175781,-6.294898986816406,0.5195011496543884
15.9350004196167,-6.392824172973633,0.4965740442276001
15.9399995803833,-6.467734336853027,0.47454601526260376
15.944999694824219,-6.646052837371826,0.4529675543308258
15.949999809265137,-6.7787251472473145,0.43543505668640137
15.954999923706055,-6.907407283782959,0.41295748949050903
15.960000038146973,-7.025967121124268,0.3909294605255127
15.96500015258789,-7.1370463371276855,0.36800235509872437
15.970000267028809,-7.304074764251709,0.33923104405403137
15.975000381469727,-7.4661688804626465,0.3091111183166504
15.979999542236328,-7.598077297210693,0.28213801980018616
15.984999656677246,-7.801328182220459,0.2551649510860443
15.989999771118164,-7.9193220138549805,0.22414588928222656
15.994999885559082,-8.071859359741211,0.19582416117191315
16,-8.183547019958496,0.16615377366542816
16.0049991607666,-8.357954978942871,0.13783204555511475
16.010000228881836,-8.55324649810791,0.10906076431274414
16.014999389648438,-8.711586952209473,0.07534440606832504
16.020000457763672,-8.943497657775879,0.04252715781331062
16.024999618530273,-9.119059562683105,0.012856772169470787
16.030000686645508,-9.267942428588867,-0.01861182041466236
16.03499984741211,-9.436957359313965,-0.05097951367497444
16.040000915527344,-9.633298873901367,-0.08334721624851227
16.045000076293945,-9.753318786621094,-0.11796266585588455
16.049999237060547,-9.932047843933105,-0.15212857723236084
16.05500030517578,-10.095083236694336,-0.18449628353118896
16.059999465942383,-10.225980758666992,-0.21461622416973114
16.065000534057617,-10.482622146606445,-0.24338750541210175
16.06999969482422,-10.657273292541504,-0.2667641341686249
16.075000762939453,-10.85358715057373,-0.2892417013645172
16.079999923706055,-10.999415397644043,-0.32071027159690857
16.084999084472656,-11.175975799560547,-0.3535275459289551
16.09000015258789,-11.328160285949707,-0.3827483654022217
16.094999313354492,-11.493413925170898,-0.4115196764469147
16.100000381469727,-11.615189552307129,-0.44208917021751404
16.104999542236328,-11.743456840515137,-0.471759557723999
16.110000610351562,-11.963299751281738,-0.5023290514945984
16.114999771118164,-12.133187294006348,-0.530201256275177
16.1200008392334,-12.262073516845703,-0.5558257102966309
16.125,-12.381731986999512,-0.5818997025489807
16.1299991607666,-12.598398208618164,-0.607973575592041
16.135000228881836,-12.719621658325195,-0.6317997574806213
16.139999389648438,-12.859211921691895,-0.6569746732711792
16.145000457763672,-12.976583480834961,-0.6816999912261963
16.149999618530273,-13.12756633758545,-0.7050766348838806
16.155000686645508,-13.204082489013672,-0.7262055277824402
16.15999984741211,-13.348965644836426,-0.743288516998291
16.165000915527344,-13.439129829406738,-0.7630687355995178
16.170000076293945,-13.557218551635742,-0.7846472263336182
16.174999237060547,-13.655299186706543,-0.7990328669548035
16.18000030517578,-13.712406158447266,-0.8134185075759888
16.184999465942383,-13.798042297363281,-0.8296023011207581
16.190000534057617,-13.850988388061523,-0.8435384035110474
16.19499969482422,-13.90687370300293,-0.8556762933731079
16.200000762939453,-14.000997543334961,-0.8669151067733765
16.204999923706055,-14.077939987182617,-0.878603458404541
16.209999084472656,-14.108794212341309,-0.8902917504310608
16.21500015258789,-14.098618507385254,-0.9001819491386414
16.219999313354492,-14.17311954498291,-0.9046775102615356
16.225000381469727,-14.191519737243652,-0.9073747396469116
16.229999542236328,-14.190435409545898,-0.9118702411651611
16.235000610351562,-14.222156524658203,-0.9159162044525146
16.239999771118164,-14.250544548034668,-0.9168153405189514
16.2450008392334,-14.191435813903809,-0.9168153405189514
16.25,-14.170598030090332,-0.9154666662216187
16.2549991607666,-14.141838073730469,-0.9150171279907227
16.260000228881836,-14.153188705444336,-0.9141180515289307
16.264999389648438,-14.189825057983398,-0.9082738161087036
16.270000457763672,-14.002123832702637,-0.9001819491386414
16.274999618530273,-14.073602676391602,-0.8925395607948303
16.280000686645508,-14.078933715820312,-0.8853467702865601
16.28499984741211,-13.931058883666992,-0.8759061098098755
16.290000915527344,-13.8079195022583,-0.8655664324760437
16.295000076293945,-13.871767044067383,-0.8561258912086487
16.299999237060547,-13.791037559509277,-0.8444375395774841
16.30500030517578,-13.750940322875977,-0.8309510350227356
16.309999465942383,-13.612990379333496,-0.8125194311141968
16.315000534057617,-13.547323226928711,-0.7927391529083252
16.31999969482422,-13.461886405944824,-0.7752066254615784
16.325000762939453,-13.2770414352417,-0.7585732340812683
16.329999923706055,-13.235502243041992,-0.7401416897773743
16.334999084472656,-13.136748313903809,-0.7226091027259827
16.34000015258789,-12.974862098693848,-0.7032784223556519
16.344999313354492,-12.879477500915527,-0.6799017786979675
16.350000381469727,-12.722610473632812,-0.6565250754356384
16.354999542236328,-12.539531707763672,-0.6291025876998901
16.360000610351562,-12.354654312133789,-0.603478193283081
16.364999771118164,-12.213374137878418,-0.5796518921852112
16.3700008392334,-12.054510116577148,-0.5553761720657349
16.375,-11.918420791625977,-0.529302179813385
16.3799991607666,-11.75786304473877,-0.5005308985710144
16.385000228881836,-11.635660171508789,-0.47355780005455017
16.389999389648438,-11.468888282775879,-0.44523605704307556
16.395000457763672,-11.311223983764648,-0.4146665632724762
16.399999618530273,-11.151604652404785,-0.38454657793045044
16.405000686645508,-10.995546340942383,-0.3521788716316223
16.40999984741211,-10.868446350097656,-0.32160937786102295
16.415000915527344,-10.674684524536133,-0.29148945212364197
16.420000076293945,-10.51088809967041,-0.26361730694770813
16.424999237060547,-10.301931381225586,-0.241139754652977
16.43000030517578,-10.13864517211914,-0.21731352806091309
16.434999465942383,-9.918667793273926,-0.18629448115825653
16.440000534057617,-9.772592544555664,-0.15257811546325684
16.44499969482422,-9.611517906188965,-0.12155908346176147
16.450000762939453,-9.455920219421387,-0.09098958224058151
16.454999923706055,-9.298918724060059,-0.05907144397497177
16.459999084472656,-9.139490127563477,-0.02490554004907608
16.46500015258789,-8.953431129455566,0.0074621569365262985
16.469999313354492,-8.742308616638184,0.038481198251247406
16.475000381469727,-8.599394798278809,0.06994979083538055
16.479999542236328,-8.409638404846191,0.09917063266038895
16.485000610351562,-8.236504554748535,0.12794192135334015
16.489999771118164,-8.10673713684082,0.16165825724601746
16.4950008392334,-7.955010414123535,0.1940259486436844
16.5,-7.839945316314697,0.22369635105133057
16.5049991607666,-7.672977447509766,0.25336673855781555
16.510000228881836,-7.515854358673096,0.27629387378692627
16.514999389648438,-7.365823745727539,0.2996705174446106
16.520000457763672,-7.208425045013428,0.3275427222251892
16.524999618530273,-7.083677291870117,0.3536166846752167
16.530000686645508,-6.941451072692871,0.3769933581352234
16.53499984741211,-6.823264122009277,0.3999204635620117
16.540000915527344,-6.6990156173706055,0.42059987783432007
16.545000076293945,-6.590810298919678,0.4444260597229004
16.549999237060547,-6.457541465759277,0.4700504541397095
16.55500030517578,-6.371706962585449,0.48983073234558105
16.559999465942383,-6.25063943862915,0.5073632597923279
16.565000534057617,-6.154871940612793,0.5271435379981995
16.56999969482422,-6.054254531860352,0.5455751419067383
16.575000762939453,-5.963549613952637,0.5613094568252563
16.579999923706055,-5.894448280334473,0.5734473466873169
16.584999084472656,-5.839532375335693,0.5882825255393982
16.59000015258789,-5.771439552307129,0.6040168404579163
16.594999313354492,-5.721926212310791,0.614356517791748
16.600000381469727,-5.700747013092041,0.6219989061355591
16.604999542236328,-5.619780540466309,0.6300908327102661
16.610000610351562,-5.590455055236816,0.6395314335823059
16.614999771118164,-5.50799560546875,0.6476233005523682
16.6200008392334,-5.375209331512451,0.6525683999061584
16.625,-5.462616443634033,0.6534674763679504
16.6299991607666,-5.473927021026611,0.6579630374908447
16.635000228881836,-5.478428363800049,0.6638071537017822
16.639999389648438,-5.459153175354004,0.6647062301635742
16.645000457763672,-5.471151828765869,0.6615594029426575
16.649999618530273,-5.484892845153809,0.6584125757217407
16.655000686645508,-5.513465404510498,0.6548161506652832
16.65999984741211,-5.565559387207031,0.6539170145988464
16.665000915527344,-5.566482067108154,0.6498710513114929
16.670000076293945,-5.615397930145264,0.6413295865058899
16.674999237060547,-5.662596702575684,0.6314394474029541
16.68000030517578,-5.715451240539551,0.6237971186637878
16.684999465942383,-5.776031017303467,0.614356517791748
16.690000534057617,-5.846773624420166,0.6031177043914795
16.69499969482422,-5.903840065002441,0.590080738067627
16.700000762939453,-5.985118865966797,0.5756950974464417
16.704999923706055,-6.070394515991211,0.5617589950561523
16.709999084472656,-6.083064556121826,0.548721969127655
16.71500015258789,-6.1600165367126465,0.5302903652191162
16.719999313354492,-6.335679531097412,0.5078127980232239
16.725000381469727,-6.519084930419922,0.4880325496196747
16.729999542236328,-6.353113174438477,0.46555495262145996
16.735000610351562,-7.176202774047852,0.44082966446876526
16.739999771118164,-6.836760520935059,0.4161043167114258
16.7450008392334,-6.81839656829834,0.39407631754875183
16.75,-7.062461853027344,0.3711491823196411
16.7549991607666,-7.226151943206787,0.34552475810050964
16.760000228881836,-7.348326683044434,0.3199003338813782
16.764999389648438,-7.490471363067627,0.29697322845458984
16.770000457763672,-7.671937942504883,0.2695505917072296
16.774999618530273,-7.826550483703613,0.23898108303546906
16.780000686645508,-7.994410037994385,0.2120080143213272
16.78499984741211,-8.131875991821289,0.18593403697013855
16.790000915527344,-8.287495613098145,0.15716272592544556
16.795000076293945,-8.436434745788574,0.125244602560997
16.799999237060547,-8.591743469238281,0.09287691116333008
16.80500030517578,-8.800475120544434,0.06230741739273071
16.809999465942383,-8.955028533935547,0.03533434122800827
16.815000534057617,-9.019271850585938,0.006563054397702217
16.81999969482422,-9.270477294921875,-0.025804642587900162
16.825000762939453,-9.464599609375,-0.055025480687618256
16.829999923706055,-9.655081748962402,-0.08424631506204605
16.834999084472656,-9.829355239868164,-0.11661401391029358
16.84000015258789,-9.966174125671387,-0.1498808115720749
16.844999313354492,-10.142725944519043,-0.18134941160678864
16.850000381469727,-10.287936210632324,-0.21326754987239838
16.854999542236328,-10.488683700561523,-0.24383705854415894
16.860000610351562,-10.676006317138672,-0.26811280846595764
16.864999771118164,-10.85311222076416,-0.29059037566185
16.8700008392334,-10.999839782714844,-0.31711387634277344
16.875,-11.164054870605469,-0.34588518738746643
16.8799991607666,-11.285924911499023,-0.37555554509162903
16.885000228881836,-11.39594841003418,-0.4052259624004364
16.889999389648438,-11.569117546081543,-0.433547705411911
16.895000457763672,-11.728784561157227,-0.4641171991825104
16.899999618530273,-11.867091178894043,-0.4915398359298706
16.905000686645508,-12.038575172424316,-0.5180633664131165
16.90999984741211,-12.179553985595703,-0.5450364947319031
16.915000915527344,-12.345176696777344,-0.5688626766204834
16.920000076293945,-12.485391616821289,-0.5935879349708557
16.924999237060547,-12.679418563842773,-0.6219096183776855
16.93000030517578,-12.761735916137695,-0.6488827466964722
16.934999465942383,-12.871109962463379,-0.667763888835907
16.940000534057617,-12.991541862487793,-0.6861954927444458
16.94499969482422,-13.113933563232422,-0.7082234621047974
16.950000762939453,-13.29853630065918,-0.7383434772491455
16.954999923706055,-13.516838073730469,-0.7747570872306824
16.959999084472656,-13.603193283081055,-0.7918400764465332
16.96500015258789,-13.583634376525879,-0.79498690366745
16.969999313354492,-13.604142189025879,-0.8035284280776978
16.975000381469727,-13.696683883666992,-0.819262683391571
16.979999542236328,-13.766136169433594,-0.8322996497154236
16.985000610351562,-13.841740608215332,-0.8444375395774841
16.989999771118164,-13.896142959594727,-0.8556763529777527
16.9950008392334,-13.95154094696045,-0.8655664324760437
17,-13.999341011047363,-0.8714106678962708
17.0049991607666,-14.088676452636719,-0.880401611328125
17.010000228881836,-14.091811180114746,-0.8916404247283936
17.014999389648438,-14.089339256286621,-0.8983836770057678
17.020000457763672,-14.091062545776367,-0.9019801616668701
17.024999618530273,-14.146499633789062,-0.9024296998977661
17.030000686645508,-14.1283540725708,-0.9015305638313293
17.03499984741211,-14.144123077392578,-0.9024296998977661
17.040000915527344,-14.178308486938477,-0.9042279124259949
17.045000076293945,-14.143810272216797,-0.9024296998977661
17.049999237060547,-14.118782043457031,-0.8974846005439758
17.05500030517578,-14.074816703796387,-0.8902918100357056
17.059999465942383,-14.061039924621582,-0.8839980959892273
17.065000534057617,-13.879006385803223,-0.8759061694145203
17.06999969482422,-13.963770866394043,-0.8673647046089172
17.075000762939453,-13.932023048400879,-0.8583736419677734
17.079999923706055,-13.881803512573242,-0.8511807918548584
17.084999084472656,-13.791511535644531,-0.8403915762901306
17.09000015258789,-13.692643165588379,-0.8264554738998413
17.094999313354492,-13.647202491760254,-0.8129689693450928
17.100000381469727,-13.54885482788086,-0.8003815412521362
17.104999542236328,-13.460224151611328,-0.7850967645645142
17.110000610351562,-13.322964668273926,-0.7675642967224121
17.114999771118164,-13.308572769165039,-0.750930905342102
17.1200008392334,-13.188572883605957,-0.7320497035980225
17.125,-12.952492713928223,-0.7104712724685669
17.1299991607666,-12.218809127807617,-0.6875441074371338
17.135000228881836,-13.342185974121094,-0.6659656167030334
17.139999389648438,-11.949466705322266,-0.6443872451782227
17.145000457763672,-12.942076683044434,-0.6210106611251831
17.149999618530273,-12.325660705566406,-0.5944871306419373
17.155000686645508,-12.318799018859863,-0.5652662515640259
17.15999984741211,-12.135544776916504,-0.5396418571472168
17.165000915527344,-11.885089874267578,-0.5180633664131165
17.170000076293945,-11.837471961975098,-0.49468672275543213
17.174999237060547,-11.629434585571289,-0.46906226873397827
17.18000030517578,-11.26522159576416,-0.4398413896560669
17.184999465942383,-11.303972244262695,-0.40792328119277954
17.190000534057617,-11.218683242797852,-0.37915199995040894
17.19499969482422,-11.01716423034668,-0.34993112087249756
17.200000762939453,-10.876075744628906,-0.31801295280456543
17.204999923706055,-10.727211952209473,-0.2896912693977356
17.209999084472656,-10.555521965026855,-0.2649659514427185
17.21500015258789,-10.385782241821289,-0.24203884601593018
17.219999313354492,-10.187871932983398,-0.21461622416973114
17.225000381469727,-9.918644905090332,-0.18629448115825653
17.229999542236328,-9.786955833435059,-0.15617452561855316
17.235000610351562,-9.66537857055664,-0.12380682677030563
17.239999771118164,-9.559785842895508,-0.09054002910852432
17.2450008392334,-9.335660934448242,-0.05637412890791893
17.25,-9.163895606994629,-0.023556886240839958
17.2549991607666,-9.03504753112793,0.0070126052014529705
17.260000228881836,-8.842852592468262,0.03668299317359924
17.264999389648438,-8.630255699157715,0.06815159320831299
17.270000457763672,-8.464898109436035,0.09827153384685516
17.274999618530273,-8.313676834106445,0.1252446174621582
17.280000686645508,-8.149636268615723,0.15311677753925323
17.28499984741211,-8.02157974243164,0.1836862713098526
17.290000915527344,-7.864217758178711,0.21470531821250916
17.295000076293945,-7.673059463500977,0.2416784018278122
17.299999237060547,-7.551805019378662,0.2650550603866577
17.30500030517578,-7.398407936096191,0.28708308935165405
17.309999465942383,-7.236502647399902,0.3127075135707855
17.315000534057617,-7.110567569732666,0.33923107385635376
17.31999969482422,-7.001758575439453,0.36485546827316284
17.325000762939453,-6.880039215087891,0.38913124799728394
17.329999923706055,-6.71846866607666,0.41340702772140503
17.334999084472656,-6.632129192352295,0.4376828074455261
17.34000015258789,-6.4896016120910645,0.46060988306999207
17.344999313354492,-6.3925065994262695,0.4817388355731964
17.350000381469727,-6.312790870666504,0.5010695457458496
17.354999542236328,-6.207053184509277,0.5199506878852844
17.360000610351562,-6.114226818084717,0.5374832153320312
17.364999771118164,-6.02548885345459,0.5496211051940918
17.3700008392334,-5.953046798706055,0.5604103207588196
17.375,-5.903428077697754,0.5738968849182129
17.3799991607666,-5.845183372497559,0.5869339108467102
17.385000228881836,-5.786043167114258,0.598172664642334
17.389999389648438,-5.730733394622803,0.6107600927352905
17.395000457763672,-5.666897296905518,0.6206502318382263
17.399999618530273,-5.617003917694092,0.6260448694229126
17.405000686645508,-5.63088321685791,0.6332376599311829
17.40999984741211,-5.541337013244629,0.6413296461105347
17.415000915527344,-5.566923141479492,0.6494215130805969
17.420000076293945,-5.578897953033447,0.6525683999061584
17.424999237060547,-5.568507671356201,0.6516692638397217
17.43000030517578,-5.560454368591309,0.6503205895423889
17.434999465942383,-5.524017333984375,0.6503205895423889
17.440000534057617,-5.561059951782227,0.6476233005523682
17.44499969482422,-5.587714672088623,0.6444764733314514
17.450000762939453,-5.618082046508789,0.6377332210540771
17.454999923706055,-5.631112575531006,0.6323385238647461
17.459999084472656,-5.673282146453857,0.6287421584129333
17.46500015258789,-5.746469497680664,0.6233475804328918
17.469999313354492,-5.7838873863220215,0.6116592288017273
17.475000381469727,-5.822863578796387,0.5995213389396667
17.479999542236328,-5.88730525970459,0.5869338512420654
17.485000610351562,-5.968427658081055,0.5734473466873169
17.489999771118164,-6.024713039398193,0.5590616464614868
17.4950008392334,-6.090362548828125,0.5455751419067383
17.5,-6.192276954650879,0.532538115978241
17.5049991607666,-6.284065246582031,0.5190516114234924
17.510000228881836,-6.4009108543396,0.5024182200431824
17.514999389648438,-6.4995341300964355,0.4817388355731964
17.520000457763672,-6.636683464050293,0.4633072316646576
17.524999618530273,-6.735177040100098,0.443526953458786
17.530000686645508,-6.865421295166016,0.4205998480319977
17.53499984741211,-7.006903648376465,0.3958745300769806
17.540000915527344,-7.054664134979248,0.3724978566169739
17.545000076293945,-7.130936145782471,0.3473229706287384
17.549999237060547,-7.388869285583496,0.32214808464050293
17.55500030517578,-7.551245212554932,0.2933768033981323
17.559999465942383,-7.749965667724609,0.2668532729148865
17.565000534057617,-7.864816665649414,0.24257749319076538
17.56999969482422,-7.980098247528076,0.21425576508045197
17.575000762939453,-8.10662841796875,0.18683312833309174
17.579999923706055,-8.277012825012207,0.15671318769454956
17.584999084472656,-8.446725845336914,0.12344640493392944
17.59000015258789,-8.608572959899902,0.0915282592177391
17.594999313354492,-8.766197204589844,0.06050921231508255
17.600000381469727,-8.973639488220215,0.029939724132418633
17.604999542236328,-9.162206649780273,0.0025170925073325634
17.610000610351562,-9.351128578186035,-0.02535509131848812
17.614999771118164,-9.47528076171875,-0.054575927555561066
17.6200008392334,-9.622811317443848,-0.08874183148145676
17.625,-9.762863159179688,-0.1251554936170578
17.6299991607666,-9.937787055969238,-0.15482588112354279
17.635000228881836,-10.09032917022705,-0.182698056101799
17.639999389648438,-10.287358283996582,-0.21281801164150238
17.645000457763672,-10.465551376342773,-0.24338750541210175
17.649999618530273,-10.640530586242676,-0.26631462574005127
17.655000686645508,-10.811291694641113,-0.28789305686950684
17.65999984741211,-10.952451705932617,-0.3148661255836487
17.665000915527344,-11.127387046813965,-0.3440869450569153
17.670000076293945,-11.274571418762207,-0.37465646862983704
17.674999237060547,-11.378629684448242,-0.40297821164131165
17.68000030517578,-11.551922798156738,-0.43129995465278625
17.684999465942383,-11.735496520996094,-0.4591721296310425
17.690000534057617,-11.851438522338867,-0.4856956899166107
17.69499969482422,-12.021003723144531,-0.5090723633766174
17.700000762939453,-12.206489562988281,-0.5342472195625305
17.704999923706055,-12.275830268859863,-0.5616698861122131
17.709999084472656,-12.44544792175293,-0.5859456062316895
17.71500015258789,-12.61371898651123,-0.6093222498893738
17.719999313354492,-12.718832015991211,-0.6326988935470581
17.725000381469727,-12.839150428771973,-0.6547269225120544
17.729999542236328,-13.012943267822266,-0.6740576028823853
17.735000610351562,-13.119853973388672,-0.6933883428573608
17.739999771118164,-13.213387489318848,-0.7136180996894836
17.7450008392334,-13.332464218139648,-0.7365452647209167
17.75,-13.430609703063965,-0.7585732340812683
17.7549991607666,-13.47028636932373,-0.7774544358253479
17.760000228881836,-13.58855152130127,-0.7949869632720947
17.764999389648438,-13.66147518157959,-0.8066752552986145
17.770000457763672,-13.734247207641602,-0.8192627429962158
17.774999618530273,-13.829543113708496,-0.8340978622436523
17.780000686645508,-13.905180931091309,-0.8453366160392761
17.78499984741211,-13.882295608520508,-0.8493825793266296
17.790000915527344,-13.904184341430664,-0.8534286022186279
17.795000076293945,-13.984277725219727,-0.862869143486023
17.799999237060547,-14.04011344909668,-0.8723097443580627
17.80500030517578,-14.042426109313965,-0.879052996635437
17.809999465942383,-14.05116081237793,-0.8826494216918945
17.815000534057617,-14.085412979125977,-0.8853467106819153
17.81999969482422,-14.07092571258545,-0.8875945210456848
17.825000762939453,-14.07437515258789,-0.885796308517456
17.829999923706055,-14.046900749206543,-0.8844476342201233
17.834999084472656,-14.017221450805664,-0.8844476342201233
17.84000015258789,-13.995518684387207,-0.8817503452301025
17.844999313354492,-13.967440605163574,-0.8772547841072083
17.850000381469727,-13.980934143066406,-0.8718602061271667
17.854999542236328,-13.95339584350586,-0.8664655685424805
17.860000610351562,-13.882978439331055,-0.8570249676704407
17.864999771118164,-13.849328994750977,-0.8475843667984009
17.8700008392334,-13.769796371459961,-0.8372447490692139
17.875,-13.714218139648438,-0.8278041481971741
17.8799991607666,-13.570467948913574,-0.8147671818733215
17.885000228881836,-13.49189567565918,-0.8012806177139282
17.889999389648438,-13.472234725952148,-0.7873445749282837
17.895000457763672,-13.42851734161377,-0.7743075489997864
17.899999618530273,-13.30488395690918,-0.7603714466094971
17.905000686645508,-13.197587966918945,-0.741939902305603
17.90999984741211,-13.108734130859375,-0.7185631394386292
17.915000915527344,-12.983572006225586,-0.6965351700782776
17.920000076293945,-12.851710319519043,-0.6731584668159485
17.924999237060547,-12.758234024047852,-0.6497818231582642
17.93000030517578,-12.651599884033203,-0.6282034516334534
17.934999465942383,-12.451661109924316,-0.606175422668457
17.940000534057617,-12.267072677612305,-0.5832483768463135
17.94499969482422,-12.038670539855957,-0.5576239228248596
17.950000762939453,-12.003679275512695,-0.5351462960243225
17.954999923706055,-11.838258743286133,-0.5113201141357422
17.959999084472656,-11.705739974975586,-0.48434701561927795
17.96500015258789,-11.612786293029785,-0.4573739171028137
17.969999313354492,-11.4961576461792,-0.43085038661956787
17.975000381469727,-11.320096969604492,-0.39893224835395813
17.979999542236328,-11.192214012145996,-0.36926186084747314
17.985000610351562,-11.03354549407959,-0.3422887623310089
17.989999771118164,-10.897550582885742,-0.31576523184776306
17.9950008392334,-10.702049255371094,-0.2860948443412781
18,-10.55384349822998,-0.2595713436603546
18.0049991607666,-10.3263521194458,-0.23529557883739471
18.010000228881836,-9.984557151794434,-0.20787294209003448
18.014999389648438,-9.925934791564941,-0.17640434205532074
18.020000457763672,-9.839972496032715,-0.14718350768089294
18.024999618530273,-9.699792861938477,-0.1206599771976471
18.030000686645508,-9.509929656982422,-0.09098958224058151
18.03499984741211,-9.359291076660156,-0.05907144024968147
18.040000915527344,-9.215157508850098,-0.027153296396136284
18.045000076293945,-9.022915840148926,0.0020675407722592354
18.049999237060547,-8.79065227508545,0.03308658301830292
18.05500030517578,-8.651899337768555,0.06680293381214142
18.059999465942383,-8.472272872924805,0.09872108697891235
18.065000534057617,-8.324875831604004,0.1261437088251114
18.06999969482422,-8.189000129699707,0.15221767127513885
18.075000762939453,-8.027740478515625,0.18053941428661346
18.079999923706055,-7.877180099487305,0.20886115729808807
18.084999084472656,-7.725194931030273,0.2371828705072403
18.09000015258789,-7.472447395324707,0.26235777139663696
18.094999313354492,-7.422056674957275,0.2888813018798828
18.100000381469727,-7.277193546295166,0.3122579753398895
18.104999542236328,-7.1764068603515625,0.33428600430488586
18.110000610351562,-7.077774524688721,0.36035996675491333
18.114999771118164,-6.937166690826416,0.3859843909740448
18.1200008392334,-6.780006408691406,0.40891149640083313
18.125,-6.565134525299072,0.43228816986083984
18.1299991607666,-6.294017791748047,0.4529675245285034
18.135000228881836,-6.526561260223389,0.47499555349349976
18.139999389648438,-6.316850185394287,0.49477580189704895
18.145000457763672,-6.266846179962158,0.5109596848487854
18.149999618530273,-6.163915157318115,0.5244461894035339
18.155000686645508,-6.075687885284424,0.5383822917938232
18.15999984741211,-6.047195911407471,0.5554652810096741
18.165000915527344,-5.9507975578308105,0.5716491341590881
18.170000076293945,-5.900798797607422,0.5851356387138367
18.174999237060547,-5.834275722503662,0.5936771631240845
18.18000030517578,-5.775115966796875,0.6008699536323547
18.184999465942383,-5.755864143371582,0.6085123419761658
18.190000534057617,-5.696484565734863,0.6175033450126648
18.19499969482422,-5.707945346832275,0.6237971186637878
18.200000762939453,-5.695009708404541,0.6278430819511414
18.204999923706055,-5.676748275756836,0.6291916966438293
18.209999084472656,-5.637121677398682,0.6332376003265381
18.21500015258789,-5.604231834411621,0.6386322975158691
18.219999313354492,-5.601412773132324,0.6408800482749939
18.225000381469727,-5.634143829345703,0.6395313739776611
18.229999542236328,-5.622451305389404,0.6354854106903076
18.235000610351562,-5.670348644256592,0.6336871981620789
18.239999771118164,-5.692770004272461,0.6291916966438293
18.2450008392334,-5.72915506362915,0.6237971186637878
18.25,-5.792180061340332,0.6179528832435608
18.2549991607666,-5.795626163482666,0.6098610162734985
18.260000228881836,-5.860169887542725,0.5990718007087708
18.264999389648438,-5.888733386993408,0.5873833894729614
18.270000457763672,-5.956146240234375,0.5765941739082336
18.274999618530273,-5.999356269836426,0.5667040348052979
18.280000686645508,-6.083831310272217,0.5532175302505493
18.28499984741211,-6.162143230438232,0.5379327535629272
18.290000915527344,-6.2842254638671875,0.52264803647995
18.295000076293945,-6.337543964385986,0.5064641237258911
18.299999237060547,-6.4912261962890625,0.48983076214790344
18.30500030517578,-6.530153274536133,0.4736469089984894
18.309999465942383,-6.732936859130859,0.4525179862976074
18.315000534057617,-6.802633762359619,0.43093952536582947
18.31999969482422,-7.1227946281433105,0.4111592769622803
18.325000762939453,-6.8610429763793945,0.3868834972381592
18.329999923706055,-7.151251792907715,0.3617086112499237
18.334999084472656,-7.232256889343262,0.33698326349258423
18.34000015258789,-7.422023296356201,0.3095606565475464
18.344999313354492,-7.598191738128662,0.28708308935165405
18.350000381469727,-7.66072940826416,0.2659541666507721
18.354999542236328,-7.856722831726074,0.23943063616752625
18.360000610351562,-7.974797248840332,0.20661337673664093
18.364999771118164,-8.13717269897461,0.17379611730575562
18.3700008392334,-8.283318519592285,0.1450248658657074
18.375,-8.419124603271484,0.11895088851451874
18.3799991607666,-8.594772338867188,0.0919778123497963
18.385000228881836,-8.799973487854004,0.06230741739273071
18.389999389648438,-8.97997760772705,0.031737927347421646
18.395000457763672,-9.097906112670898,0.002517092041671276
18.399999618530273,-9.290664672851562,-0.02445598877966404
18.405000686645508,-9.450838088989258,-0.05187861993908882
18.40999984741211,-9.641899108886719,-0.08379676192998886
18.415000915527344,-9.778742790222168,-0.11751311272382736
18.420000076293945,-9.943902969360352,-0.14808261394500732
18.424999237060547,-10.094904899597168,-0.17685389518737793
18.43000030517578,-10.221532821655273,-0.20472608506679535
18.434999465942383,-10.42124080657959,-0.23304782807826996
18.440000534057617,-10.661725997924805,-0.2757551968097687
18.44499969482422,-11.000741958618164,-0.32655444741249084
18.450000762939453,-11.293896675109863,-0.35442662239074707
18.454999923706055,-11.19744873046875,-0.3584725856781006
18.459999084472656,-11.296280860900879,-0.3688122630119324
18.46500015258789,-11.43499755859375,-0.395335853099823
18.469999313354492,-11.593873977661133,-0.42230892181396484
18.475000381469727,-11.732658386230469,-0.45197930932044983
18.479999542236328,-11.83197021484375,-0.48030105233192444
18.485000610351562,-11.976628303527832,-0.5068246126174927
18.489999771118164,-12.153775215148926,-0.5324490070343018
18.4950008392334,-12.33177661895752,-0.5594221353530884
18.5,-12.434427261352539,-0.5832483172416687
18.5049991607666,-12.583459854125977,-0.6052762866020203
18.510000228881836,-12.725105285644531,-0.6273042559623718
18.514999389648438,-12.88183879852295,-0.6497818827629089
18.520000457763672,-12.949080467224121,-0.6722593903541565
18.524999618530273,-13.092426300048828,-0.6933882832527161
18.530000686645508,-13.187273025512695,-0.7127190232276917
18.53499984741211,-13.230377197265625,-0.7311506271362305
18.540000915527344,-13.351096153259277,-0.7486830949783325
18.545000076293945,-13.467015266418457,-0.7653164863586426
18.549999237060547,-13.516664505004883,-0.7841976881027222
18.55500030517578,-13.57617473602295,-0.7990328669548035
18.559999465942383,-13.663211822509766,-0.8084734678268433
18.565000534057617,-13.755013465881348,-0.8192627429962158
18.56999969482422,-13.762486457824707,-0.8305014371871948
18.575000762939453,-13.848791122436523,-0.8403915762901306
18.579999923706055,-13.884340286254883,-0.8489330410957336
18.584999084472656,-13.911182403564453,-0.8597222566604614
18.59000015258789,-13.964720726013184,-0.8637682795524597
18.594999313354492,-13.939458847045898,-0.8655664920806885
18.600000381469727,-14.003640174865723,-0.870061993598938
18.604999542236328,-14.027837753295898,-0.8754565715789795
18.610000610351562,-13.989604949951172,-0.8763556480407715
18.614999771118164,-13.97134780883789,-0.8772547841072083
18.6200008392334,-14.009862899780273,-0.8777043223381042
18.625,-13.996586799621582,-0.8754565715789795
18.6299991607666,-13.95190143585205,-0.870511531829834
18.635000228881836,-13.931278228759766,-0.8651168942451477
18.639999389648438,-13.974902153015137,-0.8619700074195862
18.645000457763672,-13.835687637329102,-0.8574745655059814
18.649999618530273,-13.729235649108887,-0.8520799279212952
18.655000686645508,-13.807433128356934,-0.8457862138748169
18.65999984741211,-13.794045448303223,-0.8367952108383179
18.665000915527344,-13.685328483581543,-0.8251067996025085
18.670000076293945,-13.545928955078125,-0.81162029504776
18.674999237060547,-13.502106666564941,-0.7967851161956787
18.68000030517578,-13.474261283874512,-0.7815003991127014
18.684999465942383,-13.262383460998535,-0.7648670077323914
18.690000534057617,-13.250530242919922,-0.7477840185165405
18.69499969482422,-13.154241561889648,-0.728003740310669
18.700000762939453,-12.999994277954102,-0.7091225981712341
18.704999923706055,-12.964944839477539,-0.6902413964271545
18.709999084472656,-12.828263282775879,-0.669112503528595
18.71500015258789,-12.616995811462402,-0.6497818231582642
18.719999313354492,-12.651788711547852,-0.6286529898643494
18.725000381469727,-12.442085266113281,-0.604377269744873
18.729999542236328,-12.187228202819824,-0.5827987790107727
18.735000610351562,-12.04033374786377,-0.5594221353530884
18.739999771118164,-11.957718849182129,-0.5315499305725098
18.7450008392334,-11.886551856994629,-0.5045768022537231
18.75,-11.718932151794434,-0.4780533015727997
18.7549991607666,-11.576590538024902,-0.45152974128723145
18.760000228881836,-11.288220405578613,-0.4232080280780792
18.764999389648438,-11.160460472106934,-0.395785391330719
18.770000457763672,-11.084312438964844,-0.3661149740219116
18.774999618530273,-10.973374366760254,-0.3346463739871979
18.780000686645508,-10.801461219787598,-0.30587509274482727
18.78499984741211,-10.639335632324219,-0.2802506685256958
18.790000915527344,-10.434112548828125,-0.25867223739624023
18.795000076293945,-10.214859962463379,-0.23529557883739471
18.799999237060547,-10.004219055175781,-0.20877204835414886
18.80500030517578,-9.925342559814453,-0.18089985847473145
18.809999465942383,-9.78476333618164,-0.1498808115720749
18.815000534057617,-9.615111351013184,-0.1206599771976471
18.81999969482422,-9.475837707519531,-0.0918886810541153
18.825000762939453,-9.320556640625,-0.06131919473409653
18.829999923706055,-9.179119110107422,-0.03030015528202057
18.834999084472656,-8.972521781921387,0.00026933569461107254
18.84000015258789,-8.766985893249512,0.029939724132418633
18.844999313354492,-8.621429443359375,0.057811904698610306
18.850000381469727,-8.467828750610352,0.08298677951097488
18.854999542236328,-8.336203575134277,0.11175806820392609
18.860000610351562,-8.17782211303711,0.14232754707336426
18.864999771118164,-8.029255867004395,0.17109882831573486
18.8700008392334,-7.906904697418213,0.20031966269016266
18.875,-7.7645087242126465,0.2317882627248764
18.8799991607666,-7.581905364990234,0.25831177830696106
18.885000228881836,-7.429442405700684,0.28168848156929016
18.889999389648438,-7.285213470458984,0.3046155869960785
18.895000457763672,-7.18854284286499,0.32664361596107483
18.899999618530273,-7.0519938468933105,0.3477725088596344
18.905000686645508,-6.934929370880127,0.3720483183860779
18.90999984741211,-6.824483871459961,0.3967736065387726
18.915000915527344,-6.724417209625244,0.42059987783432007
18.920000076293945,-6.609569072723389,0.44127920269966125
18.924999237060547,-6.517554759979248,0.4592612385749817
18.93000030517578,-6.390437126159668,0.4767937660217285
18.934999465942383,-6.310080051422119,0.49567490816116333
18.940000534057617,-6.213263988494873,0.5145561099052429
18.94499969482422,-6.163482666015625,0.5284922122955322
18.950000762939453,-6.098287582397461,0.538831889629364
18.954999923706055,-6.027572154998779,0.5518688559532166
18.959999084472656,-5.970881938934326,0.5667040348052979
18.96500015258789,-5.904873371124268,0.5783923864364624
18.969999313354492,-5.845252513885498,0.5882825255393982
18.975000381469727,-5.829889297485352,0.59862220287323
18.979999542236328,-5.757515907287598,0.6044663786888123
18.985000610351562,-5.734500408172607,0.6080628037452698
18.989999771118164,-5.744899749755859,0.6125583052635193
18.9950008392334,-5.746231555938721,0.6188520193099976
19,-5.715138912200928,0.6210997700691223
19.0049991607666,-5.707103729248047,0.6228979825973511
19.010000228881836,-5.7155375480651855,0.6246961951255798
19.014999389648438,-5.729175090789795,0.6242466568946838
19.020000457763672,-5.706789016723633,0.6224484443664551
19.024999618530273,-5.7184224128723145,0.6197510957717896
19.030000686645508,-5.729450225830078,0.615705132484436
19.03499984741211,-5.765807628631592,0.6094114184379578
19.040000915527344,-5.80272912979126,0.6040168404579163
19.045000076293945,-5.873856067657471,0.5963744521141052
19.049999237060547,-5.936404705047607,0.5851356983184814
19.05500030517578,-5.951597213745117,0.5756950974464417
19.059999465942383,-6.005687713623047,0.5658049583435059
19.065000534057617,-6.06955623626709,0.5545661449432373
19.06999969482422,-6.158487796783447,0.539730966091156
19.075000762939453,-6.251683712005615,0.5275930762290955
19.079999923706055,-6.345658779144287,0.5141065120697021
19.084999084472656,-6.418959140777588,0.4970235526561737
19.09000015258789,-6.535046100616455,0.47679373621940613
19.094999313354492,-6.651431560516357,0.45701348781585693
19.100000381469727,-6.736295700073242,0.4385818839073181
19.104999542236328,-6.878118515014648,0.42194849252700806
19.110000610351562,-6.95589017868042,0.4008195996284485
19.114999771118164,-7.098454475402832,0.37789246439933777
19.1200008392334,-7.20166540145874,0.3567635416984558
19.125,-7.342619895935059,0.3329373300075531
19.1299991607666,-7.491821765899658,0.30641379952430725
19.135000228881836,-7.570962429046631,0.28213804960250854
19.139999389648438,-7.701816082000732,0.26325684785842896
19.145000457763672,-7.879141330718994,0.23898108303546906
19.149999618530273,-8.003103256225586,0.2079620361328125
19.155000686645508,-8.181118965148926,0.17559432983398438
19.15999984741211,-8.298174858093262,0.1454744040966034
19.165000915527344,-8.4834623336792,0.11760223656892776
19.170000076293945,-8.660990715026855,0.08928050100803375
19.174999237060547,-8.835848808288574,0.05961010605096817
19.18000030517578,-9.044048309326172,0.02904062159359455
19.184999465942383,-9.22188663482666,-0.001528870197944343
19.190000534057617,-9.372547149658203,-0.029850604012608528
19.19499969482422,-9.51363468170166,-0.05592457950115204
19.200000762939453,-9.707271575927734,-0.08784272521734238
19.204999923706055,-9.809188842773438,-0.12290772795677185
19.209999084472656,-9.958963394165039,-0.17100973427295685
19.21500015258789,-10.450837135314941,-0.22450634837150574
19.219999313354492,-10.692107200622559,-0.25417670607566833
19.225000381469727,-10.577068328857422,-0.2564244866371155
19.229999542236328,-10.702077865600586,-0.2645164132118225
19.235000610351562,-10.832293510437012,-0.2847461700439453
19.239999771118164,-10.930917739868164,-0.30677419900894165
19.2450008392334,-10.99538803100586,-0.33689412474632263
19.25,-11.311396598815918,-0.36926183104515076
19.2549991607666,-11.46951961517334,-0.39713403582572937
19.260000228881836,-11.556774139404297,-0.4227584898471832
19.264999389648438,-11.68426513671875,-0.4528784155845642
19.270000457763672,-11.847187042236328,-0.48030105233192444
19.274999618530273,-12.011964797973633,-0.5072741508483887
19.280000686645508,-12.128570556640625,-0.5337976813316345
19.28499984741211,-12.273689270019531,-0.5585229992866516
19.290000915527344,-12.37845516204834,-0.57920241355896
19.295000076293945,-12.444416046142578,-0.6034780740737915
19.299999237060547,-12.684483528137207,-0.6250565648078918
19.30500030517578,-12.805139541625977,-0.6457358598709106
19.309999465942383,-12.873255729675293,-0.666415274143219
19.315000534057617,-13.01724910736084,-0.6848467588424683
19.31999969482422,-13.17133903503418,-0.7028288841247559
19.325000762939453,-13.189240455627441,-0.7212604880332947
19.329999923706055,-13.303121566772461,-0.7401416301727295
19.334999084472656,-13.366653442382812,-0.7599219083786011
19.34000015258789,-13.502874374389648,-0.7779039740562439
19.344999313354492,-13.575469017028809,-0.7913904786109924
19.350000381469727,-13.64694595336914,-0.802179753780365
19.354999542236328,-13.601719856262207,-0.8138680458068848
19.360000610351562,-13.721108436584473,-0.8215104341506958
19.364999771118164,-13.80965518951416,-0.8318501114845276
19.3700008392334,-13.83614730834961,-0.8412906527519226
19.375,-13.838781356811523,-0.8462357521057129
19.3799991607666,-13.845274925231934,-0.8502817153930664
19.385000228881836,-13.932918548583984,-0.8556763529777527
19.389999389648438,-13.972707748413086,-0.8597222566604614
19.395000457763672,-13.946072578430176,-0.8606213331222534
19.399999618530273,-13.943567276000977,-0.863318681716919
19.405000686645508,-13.923859596252441,-0.8655664324760437
19.40999984741211,-13.90287971496582,-0.8646673560142517
19.415000915527344,-13.921518325805664,-0.863318681716919
19.420000076293945,-13.899017333984375,-0.8592727184295654
19.424999237060547,-13.870423316955566,-0.8543276786804199
19.43000030517578,-13.761234283447266,-0.8457861542701721
19.434999465942383,-13.81659984588623,-0.8408411741256714
19.440000534057617,-13.770325660705566,-0.8354465365409851
19.44499969482422,-13.696023941040039,-0.8260059356689453
19.450000762939453,-13.65377426147461,-0.8125194311141968
19.454999923706055,-13.59582805633545,-0.7999320030212402
19.459999084472656,-13.520830154418945,-0.7877941131591797
19.46500015258789,-13.47580337524414,-0.7774544358253479
19.469999313354492,-13.38623046875,-0.7648670077323914
19.475000381469727,-13.28333854675293,-0.750930905342102
19.479999542236328,-13.127578735351562,-0.7333983778953552
19.485000610351562,-12.947578430175781,-0.7140676379203796
19.489999771118164,-12.965665817260742,-0.6938378810882568
19.4950008392334,-12.857831954956055,-0.675855815410614
19.5,-12.747751235961914,-0.6578737497329712
19.5049991607666,-12.640652656555176,-0.6371944546699524
19.510000228881836,-12.537199020385742,-0.6169646978378296
19.514999389648438,-12.367764472961426,-0.5931384563446045
19.520000457763672,-12.193150520324707,-0.5675140023231506
19.524999618530273,-12.047759056091309,-0.5454860329627991
19.530000686645508,-11.940593719482422,-0.5234580039978027
19.53499984741211,-11.803205490112305,-0.4978335499763489
19.540000915527344,-11.487191200256348,-0.4717595875263214
19.545000076293945,-11.537236213684082,-0.44523605704307556
19.549999237060547,-11.400364875793457,-0.41646474599838257
19.55500030517578,-11.285036087036133,-0.38814300298690796
19.559999465942383,-10.991364479064941,-0.36072036623954773
19.565000534057617,-10.940925598144531,-0.33060044050216675
19.56999969482422,-10.772994041442871,-0.30182912945747375
19.575000762939453,-10.619853973388672,-0.27845248579978943
19.579999923706055,-10.431111335754395,-0.2555253803730011
19.584999084472656,-10.304954528808594,-0.23214873671531677
19.59000015258789,-9.96080493927002,-0.20562519133090973
19.594999313354492,-9.960132598876953,-0.17505568265914917
19.600000381469727,-9.77153205871582,-0.144935742020607
19.604999542236328,-9.6340913772583,-0.11481580883264542
19.610000610351562,-9.454193115234375,-0.08469585329294205
19.614999771118164,-9.297355651855469,-0.05187861993908882
19.6200008392334,-9.167943954467773,-0.021758681163191795
19.625,-8.974831581115723,0.006113503128290176
19.6299991607666,-8.827649116516113,0.03533434122800827
19.635000228881836,-8.674459457397461,0.06635338068008423
19.639999389648438,-8.49342155456543,0.09557422250509262
19.645000457763672,-8.36864185333252,0.12164819985628128
19.649999618530273,-8.19344425201416,0.14637351036071777
19.655000686645508,-8.068663597106934,0.17244747281074524
19.65999984741211,-7.92771577835083,0.20211787521839142
19.665000915527344,-7.753458023071289,0.2313387095928192
19.670000076293945,-7.403707027435303,0.2596604526042938
19.674999237060547,-7.487536907196045,0.2861839830875397
19.68000030517578,-7.329570770263672,0.308212012052536
19.684999465942383,-7.178410530090332,0.33113914728164673
19.690000534057617,-7.08814811706543,0.35496532917022705
19.69499969482422,-6.982613563537598,0.375644713640213
19.700000762939453,-6.865743160247803,0.39227810502052307
19.704999923706055,-6.758161544799805,0.4107097089290619
19.709999084472656,-6.6522135734558105,0.4300404489040375
19.71500015258789,-6.5250043869018555,0.4493710994720459
19.719999313354492,-6.4521870613098145,0.47005048394203186
19.725000381469727,-6.372470855712891,0.48938119411468506
19.729999542236328,-6.326604843139648,0.5055650472640991
19.735000610351562,-6.185028553009033,0.5190516114234924
19.739999771118164,-6.100555419921875,0.5298408269882202
19.7450008392334,-5.93073844909668,0.5433273911476135
19.75,-6.009248733520508,0.5559148192405701
19.7549991607666,-5.941506385803223,0.5662544965744019
19.760000228881836,-5.914384365081787,0.5761446356773376
19.764999389648438,-5.856098651885986,0.5851356387138367
19.770000457763672,-5.820347309112549,0.5918789505958557
19.774999618530273,-5.803362846374512,0.599521279335022
19.780000686645508,-5.775172233581543,0.6107600927352905
19.78499984741211,-5.762148380279541,0.6161547303199768
19.790000915527344,-5.745380401611328,0.6170538067817688
19.795000076293945,-5.766143798828125,0.6184024810791016
19.799999237060547,-5.710878372192383,0.6184024810791016
19.80500030517578,-5.750380992889404,0.614806056022644
19.809999465942383,-5.7716264724731445,0.6116592288017273
19.815000534057617,-5.802929878234863,0.6080628037452698
19.81999969482422,-5.828699111938477,0.606714129447937
19.825000762939453,-5.833425521850586,0.6031177043914795
19.829999923706055,-5.872431755065918,0.5950257778167725
19.834999084472656,-5.923137187957764,0.5828878879547119
19.84000015258789,-5.985680103302002,0.5725482106208801
19.844999313354492,-5.993821144104004,0.5631076693534851
19.850000381469727,-6.070761680603027,0.5550156831741333
19.854999542236328,-6.147150039672852,0.5451256036758423
19.860000610351562,-6.156248569488525,0.531639039516449
19.864999771118164,-6.334421634674072,0.5154551863670349
19.8700008392334,-6.4256062507629395,0.4979226589202881
19.875,-6.5177741050720215,0.4817388355731964
19.8799991607666,-6.599942207336426,0.46465587615966797
19.885000228881836,-6.721296787261963,0.4444260597229004
19.889999389648438,-6.821813106536865,0.4246458113193512
19.895000457763672,-6.895174503326416,0.4053151309490204
19.899999618530273,-7.052182197570801,0.3864339292049408
19.905000686645508,-7.1510796546936035,0.36395636200904846
19.90999984741211,-7.278748035430908,0.3428274393081665
19.915000915527344,-7.416355609893799,0.32079944014549255
19.920000076293945,-7.60432243347168,0.29697322845458984
19.924999237060547,-7.706202507019043,0.27224791049957275
19.93000030517578,-7.829231262207031,0.24842165410518646
19.934999465942383,-7.892244815826416,0.2223476767539978
19.940000534057617,-8.078339576721191,0.19492505490779877
19.94499969482422,-8.221257209777832,0.16705286502838135
19.950000762939453,-8.402316093444824,0.1400797963142395
19.954999923706055,-8.556497573852539,0.11400582641363144
19.959999084472656,-8.732467651367188,0.08343633264303207
19.96500015258789,-8.91717529296875,0.05106863006949425
19.969999313354492,-9.100150108337402,0.025444211438298225
19.975000381469727,-9.201997756958008,-0.0024279726203531027
19.979999542236328,-9.366069793701172,-0.034795667976140976
19.985000610351562,-9.535985946655273,-0.06446605175733566
19.989999771118164,-9.674973487854004,-0.09323734045028687
19.9950008392334,-9.85810661315918,-0.12380683422088623
20,-10.006178855895996,-0.1687619835138321
20.0049991607666,-10.496113777160645,-0.22315768897533417
20.010000228881836,-10.629581451416016,-0.2519289553165436
20.014999389648438,-10.524930953979492,-0.2546262741088867
20.020000457763672,-10.631546974182129,-0.26271820068359375
20.024999618530273,-10.866851806640625,-0.28159934282302856
20.030000686645508,-10.993786811828613,-0.30587509274482727
20.03499984741211,-11.15174388885498,-0.3328481912612915
20.040000915527344,-11.318137168884277,-0.36027082800865173
20.045000076293945,-11.460833549499512,-0.3845466077327728
20.049999237060547,-11.596053123474121,-0.4110701382160187
20.05500030517578,-11.691561698913574,-0.44253870844841003
20.059999465942383,-11.793283462524414,-0.4726586937904358
20.065000534057617,-11.926576614379883,-0.4960353374481201
20.06999969482422,-12.130804061889648,-0.5207606554031372
20.075000762939453,-12.223116874694824,-0.5445868968963623
20.079999923706055,-12.354159355163574,-0.5666149258613586
20.084999084472656,-12.536330223083496,-0.5877438187599182
20.09000015258789,-12.67176628112793,-0.6111204624176025
20.094999313354492,-12.800873756408691,-0.6344971060752869
20.100000381469727,-12.869297981262207,-0.6551764607429504
20.104999542236328,-12.939574241638184,-0.674507200717926
20.110000610351562,-13.052056312561035,-0.6938378214836121
20.114999771118164,-13.215758323669434,-0.7109208106994629
20.1200008392334,-13.349200248718262,-0.727104663848877
20.125,-13.385530471801758,-0.7459858059883118
20.1299991607666,-13.447444915771484,-0.7603715062141418
20.135000228881836,-13.532078742980957,-0.7752066254615784
20.139999389648438,-13.618863105773926,-0.7877941131591797
20.145000457763672,-13.635336875915527,-0.7981337904930115
20.149999618530273,-13.678483963012695,-0.8089230060577393
20.155000686645508,-13.747779846191406,-0.8210608959197998
20.15999984741211,-13.77113151550293,-0.8314005136489868
20.165000915527344,-13.852100372314453,-0.8363456130027771
20.170000076293945,-13.885232925415039,-0.8403915762901306
20.174999237060547,-13.851405143737793,-0.8457861542701721
20.18000030517578,-13.87592601776123,-0.8493826389312744
20.184999465942383,-13.919173240661621,-0.8529790043830872
20.190000534057617,-13.895238876342773,-0.8565754294395447
20.19499969482422,-13.886038780212402,-0.8592727184295654
20.200000762939453,-13.873994827270508,-0.8574745655059814
20.204999923706055,-13.85440731048584,-0.8538781404495239
20.209999084472656,-13.872135162353516,-0.8484835028648376
20.21500015258789,-13.829272270202637,-0.8439880013465881
20.219999313354492,-13.696955680847168,-0.8390429019927979
20.225000381469727,-13.700313568115234,-0.8327491879463196
20.229999542236328,-13.686013221740723,-0.8242077231407166
20.235000610351562,-13.657115936279297,-0.8161157965660095
20.239999771118164,-13.535674095153809,-0.8071247935295105
20.2450008392334,-13.510398864746094,-0.7954365015029907
20.25,-13.443472862243652,-0.7806012630462646
20.2549991607666,-13.334179878234863,-0.7648670077323914
20.260000228881836,-13.236299514770508,-0.7495822310447693
20.264999389648438,-13.198874473571777,-0.7360957264900208
20.270000457763672,-13.097603797912598,-0.7221596240997314
20.274999618530273,-12.998722076416016,-0.7064252495765686
20.280000686645508,-12.734362602233887,-0.6879936456680298
20.28499984741211,-12.82470703125,-0.668662965297699
20.290000915527344,-12.706125259399414,-0.6493322849273682
20.295000076293945,-12.569992065429688,-0.6286529898643494
20.299999237060547,-12.41683292388916,-0.6075240969657898
20.30500030517578,-12.159977912902832,-0.5868447422981262
20.309999465942383,-12.132624626159668,-0.5625689625740051
20.315000534057617,-12.023820877075195,-0.5364949703216553
20.31999969482422,-11.834173202514648,-0.5113201141357422
20.325000762939453,-11.69953441619873,-0.4879434406757355
20.329999923706055,-11.547401428222656,-0.4636676609516144
20.334999084472656,-11.508927345275879,-0.43624502420425415
20.34000015258789,-11.34556770324707,-0.4065746068954468
20.344999313354492,-11.185863494873047,-0.37780332565307617
20.350000381469727,-10.956893920898438,-0.3535275459289551
20.354999542236328,-10.926237106323242,-0.3279030919075012
20.360000610351562,-10.639238357543945,-0.300030916929245
20.364999771118164,-10.614304542541504,-0.27350741624832153
20.3700008392334,-10.418291091918945,-0.25327762961387634
20.375,-10.299102783203125,-0.23214873671531677
20.3799991607666,-10.03087043762207,-0.20427653193473816
20.385000228881836,-9.904763221740723,-0.1732574701309204
20.389999389648438,-9.754851341247559,-0.14313754439353943
20.395000457763672,-9.603023529052734,-0.11391670256853104
20.399999618530273,-9.479620933532715,-0.086943618953228
20.405000686645508,-9.303799629211426,-0.05952099338173866
20.40999984741211,-8.975696563720703,-0.028501950204372406
20.415000915527344,-9.015829086303711,0.0020675405394285917
20.420000076293945,-8.844497680664062,0.031288377940654755
20.424999237060547,-8.648773193359375,0.058261461555957794
20.43000030517578,-8.443948745727539,0.08748229593038559
20.434999465942383,-8.303207397460938,0.11760223656892776
20.440000534057617,-8.152434349060059,0.14412575960159302
20.44499969482422,-8.027201652526855,0.17064927518367767
20.450000762939453,-7.936943531036377,0.1985214799642563
20.454999923706055,-7.801123142242432,0.222347691655159
20.459999084472656,-7.635776996612549,0.24842168390750885
20.46500015258789,-7.507380962371826,0.2744956314563751
20.469999313354492,-7.3490705490112305,0.29697322845458984
20.475000381469727,-7.235300540924072,0.3194507956504822
20.479999542236328,-7.122885227203369,0.34147879481315613
20.485000610351562,-6.974869728088379,0.3657545745372772
20.489999771118164,-6.864519119262695,0.3873330354690552
20.4950008392334,-6.753279209136963,0.404865562915802
20.5,-6.6671061515808105,0.4237467050552368
20.5049991607666,-6.5624895095825195,0.44532516598701477
20.510000228881836,-6.436515808105469,0.4642063081264496
20.514999389648438,-6.371176242828369,0.47904151678085327
20.520000457763672,-6.300809860229492,0.4965740144252777
20.524999618530273,-6.220778942108154,0.5109596848487854
20.530000686645508,-6.162206649780273,0.523097574710846
20.53499984741211,-6.077456474304199,0.5374832153320312
20.540000915527344,-6.038034439086914,0.5536670684814453
20.545000076293945,-5.990643501281738,0.5635572075843811
20.549999237060547,-5.950497150421143,0.5716491341590881
20.55500030517578,-5.882709503173828,0.5770437717437744
20.559999465942383,-5.884174346923828,0.5828878879547119
20.565000534057617,-5.853201866149902,0.589631199836731
20.56999969482422,-5.806844711303711,0.5923284888267517
20.575000762939453,-5.796360969543457,0.5941267013549805
20.579999923706055,-5.787599563598633,0.598172664642334
20.584999084472656,-5.7829365730285645,0.6022186279296875
20.59000015258789,-5.7747039794921875,0.6040168404579163
20.594999313354492,-5.806737422943115,0.6004204154014587
20.600000381469727,-5.820206642150879,0.598172664642334
20.604999542236328,-5.846153259277344,0.5954753756523132
20.610000610351562,-5.860307216644287,0.5918789505958557
20.614999771118164,-5.891144275665283,0.5873833894729614
20.6200008392334,-5.931126594543457,0.5819888114929199
20.625,-5.971613883972168,0.5725482106208801
20.6299991607666,-6.02468729019165,0.5617589950561523
20.635000228881836,-6.081567287445068,0.5532174706459045
20.639999389648438,-6.153931617736816,0.5460246801376343
20.645000457763672,-6.238187313079834,0.5352354645729065
20.649999618530273,-6.311625003814697,0.5208498239517212
20.655000686645508,-6.375979423522949,0.5060145854949951
20.65999984741211,-6.475554466247559,0.4934271574020386
20.665000915527344,-6.554013729095459,0.4772433340549469
20.670000076293945,-6.661523342132568,0.4592612385749817
20.674999237060547,-6.752026557922363,0.44127923250198364
20.68000030517578,-6.879507064819336,0.4205998480319977
20.684999465942383,-6.9995436668396,0.39812228083610535
20.690000534057617,-7.106194496154785,0.3774428963661194
20.69499969482422,-7.1993913650512695,0.3563139736652374
20.700000762939453,-7.334351539611816,0.3338364362716675
20.704999923706055,-7.4755425453186035,0.3127075433731079
20.709999084472656,-7.595280647277832,0.2893308401107788
20.71500015258789,-7.759787559509277,0.26280730962753296
20.719999313354492,-7.875775337219238,0.23808199167251587
20.725000381469727,-7.9990997314453125,0.21335665881633759
20.729999542236328,-8.077136039733887,0.18683312833309174
20.735000610351562,-8.311500549316406,0.1594104915857315
20.739999771118164,-8.421202659606934,0.12974011898040771
20.7450008392334,-8.621419906616211,0.10276704281568527
20.75,-8.75131893157959,0.0771426111459732
20.7549991607666,-8.918092727661133,0.05061907693743706
20.760000228881836,-9.093460083007812,0.025444211438298225
20.764999389648438,-9.235091209411621,-0.004226177930831909
20.770000457763672,-9.397789001464844,-0.03659387305378914
20.774999618530273,-9.542243003845215,-0.06806246936321259
20.780000686645508,-9.73187255859375,-0.09998060762882233
20.78499984741211,-9.850802421569824,-0.12875190377235413
20.790000915527344,-10.270029067993164,-0.1543763279914856
20.795000076293945,-10.154240608215332,-0.1835971623659134
20.799999237060547,-10.41942024230957,-0.211918905377388
20.80500030517578,-10.515924453735352,-0.23889200389385223
20.809999465942383,-10.549541473388672,-0.260919988155365
20.815000534057617,-10.897405624389648,-0.2815993130207062
20.81999969482422,-10.991864204406738,-0.3090219497680664
20.825000762939453,-11.099649429321289,-0.3341968059539795
20.829999923706055,-11.273054122924805,-0.35892218351364136
20.834999084472656,-11.370241165161133,-0.3863447904586792
20.84000015258789,-11.518580436706543,-0.41196924448013306
20.844999313354492,-11.721699714660645,-0.4389423429965973
20.850000381469727,-11.797175407409668,-0.4668145179748535
20.854999542236328,-11.931509971618652,-0.4924389719963074
20.860000610351562,-12.083895683288574,-0.5149165391921997
20.864999771118164,-12.23688793182373,-0.5360454320907593
20.8700008392334,-12.416681289672852,-0.5607707500457764
20.875,-12.519425392150879,-0.5836979150772095
20.8799991607666,-12.61659049987793,-0.6039276123046875
20.885000228881836,-12.774910926818848,-0.6250565052032471
20.889999389648438,-12.882719039916992,-0.6452863812446594
20.895000457763672,-12.983285903930664,-0.6659656763076782
20.899999618530273,-13.036195755004883,-0.6839476823806763
20.905000686645508,-13.138043403625488,-0.6987829208374023
20.90999984741211,-13.203332901000977,-0.7163154482841492
20.915000915527344,-13.33483600616455,-0.7324992418289185
20.920000076293945,-13.423068046569824,-0.7491326332092285
20.924999237060547,-13.457280158996582,-0.7639678716659546
20.93000030517578,-13.472784042358398,-0.7765552997589111
20.934999465942383,-13.601540565490723,-0.7859959006309509
20.940000534057617,-13.617203712463379,-0.7963355779647827
20.94499969482422,-13.678954124450684,-0.8071247935295105
20.950000762939453,-13.733065605163574,-0.8156662583351135
20.954999923706055,-13.724640846252441,-0.8237581849098206
20.959999084472656,-13.772977828979492,-0.8296023607254028
20.96500015258789,-13.775552749633789,-0.8331987857818604
20.969999313354492,-13.800554275512695,-0.8376942873001099
20.975000381469727,-13.835006713867188,-0.8403915762901306
20.979999542236328,-13.800806999206543,-0.8394924998283386
20.985000610351562,-13.775625228881836,-0.8372447490692139
20.989999771118164,-13.823874473571777,-0.8358960747718811
20.9950008392334,-13.81090259552002,-0.8358960747718811
21,-13.736772537231445,-0.8340978622436523
21.0049991607666,-13.674942016601562,-0.8278041481971741
21.010000228881836,-13.677921295166016,-0.8215104341506958
21.014999389648438,-13.670117378234863,-0.8170149326324463
21.020000457763672,-13.620640754699707,-0.8098220825195312
21.024999618530273,-13.555903434753418,-0.801280677318573
21.030000686645508,-13.523275375366211,-0.7909409403800964
21.03499984741211,-13.464460372924805,-0.7792526483535767
21.040000915527344,-13.371489524841309,-0.7666651606559753
21.045000076293945,-13.161384582519531,-0.753628134727478
21.049999237060547,-13.21651840209961,-0.7405911684036255
21.05500030517578,-13.158647537231445,-0.7266550660133362
21.059999465942383,-13.082989692687988,-0.7100217342376709
21.065000534057617,-12.958196640014648,-0.6920396685600281
21.06999969482422,-12.836052894592285,-0.6722593307495117
21.075000762939453,-12.76681900024414,-0.6520295739173889
21.079999923706055,-12.633230209350586,-0.6317998766899109
21.084999084472656,-12.511913299560547,-0.6115700602531433
21.09000015258789,-12.18431568145752,-0.5931384563446045
21.094999313354492,-12.213358879089355,-0.5724591016769409
21.100000381469727,-12.08769416809082,-0.5504311323165894
21.104999542236328,-11.965126037597656,-0.5279535055160522
21.110000610351562,-11.799581527709961,-0.5023290514945984
21.114999771118164,-11.6506929397583,-0.4758055508136749
21.1200008392334,-11.549311637878418,-0.45152977108955383
21.125,-11.390154838562012,-0.42680445313453674
21.1299991607666,-11.238441467285156,-0.4002808928489685
21.135000228881836,-11.175276756286621,-0.37465646862983704
21.139999389648438,-11.00289535522461,-0.35083022713661194
21.145000457763672,-10.877763748168945,-0.32160937786102295
21.149999618530273,-10.653118133544922,-0.29103991389274597
21.155000686645508,-10.385228157043457,-0.26676416397094727
21.15999984741211,-10.368040084838867,-0.24788300693035126
21.165000915527344,-10.223761558532715,-0.2218090444803238
21.170000076293945,-10.003693580627441,-0.19573505222797394
21.174999237060547,-9.87311840057373,-0.16966107487678528
21.18000030517578,-9.73548412322998,-0.14178888499736786
21.184999465942383,-9.499190330505371,-0.11211849749088287
21.190000534057617,-9.443428039550781,-0.08424630016088486
21.19499969482422,-9.302391052246094,-0.05592458322644234
21.200000762939453,-9.142074584960938,-0.026703745126724243
21.204999923706055,-9.004137992858887,0.005663951393216848
21.209999084472656,-8.781188011169434,0.03353613242506981
21.21500015258789,-8.619560241699219,0.057362355291843414
21.219999313354492,-8.49668025970459,0.08478499203920364
21.225000381469727,-8.058175086975098,0.11625358462333679
21.229999542236328,-7.9470744132995605,0.14322663843631744
21.235000610351562,-8.068803787231445,0.1688510626554489
21.239999771118164,-7.9205474853515625,0.19537460803985596
21.2450008392334,-7.7945356369018555,0.21920081973075867
21.25,-7.696107864379883,0.24257750809192657
21.2549991607666,-7.572791576385498,0.26820191740989685
21.260000228881836,-7.431191921234131,0.29247772693634033
21.264999389648438,-7.30728816986084,0.31495529413223267
21.270000457763672,-7.179940223693848,0.33518511056900024
21.274999618530273,-7.086953639984131,0.35541489720344543
21.280000686645508,-6.9524641036987305,0.376094251871109
21.28499984741211,-6.868216514587402,0.3945258557796478
21.290000915527344,-6.775016784667969,0.41655388474464417
21.295000076293945,-6.671844482421875,0.4399305582046509
21.299999237060547,-6.584160327911377,0.4583621323108673
21.30500030517578,-6.478031635284424,0.472298264503479
21.309999465942383,-6.419391632080078,0.48533523082733154
21.315000534057617,-6.331606864929199,0.5010695457458496
21.31999969482422,-6.264772891998291,0.5154551863670349
21.325000762939453,-6.18682336807251,0.5280426144599915
21.329999923706055,-6.116190433502197,0.5415291786193848
21.334999084472656,-6.05099630355835,0.5545661449432373
21.34000015258789,-6.0374016761779785,0.5635572075843811
21.344999313354492,-6.002020835876465,0.5707499980926514
21.350000381469727,-5.962550640106201,0.5752454996109009
21.354999542236328,-5.9286580085754395,0.5815392732620239
21.360000610351562,-5.909730911254883,0.5869338512420654
21.364999771118164,-5.8515625,0.5918789505958557
21.3700008392334,-5.873767852783203,0.597273588180542
21.375,-5.862042427062988,0.596824049949646
21.3799991607666,-5.701478481292725,0.5945762395858765
21.385000228881836,-5.864938259124756,0.5936771631240845
21.389999389648438,-5.876763343811035,0.5914294123649597
21.395000457763672,-5.902862071990967,0.5864843130111694
21.399999618530273,-5.91406774520874,0.5837869644165039
21.405000686645508,-5.925392150878906,0.5810897350311279
21.40999984741211,-5.9634809494018555,0.5734473466873169
21.415000915527344,-6.0242838859558105,0.5631076693534851
21.420000076293945,-6.0988922119140625,0.5536670088768005
21.424999237060547,-6.155566215515137,0.5446760058403015
21.43000030517578,-6.216659069061279,0.532538115978241
21.434999465942383,-6.294937610626221,0.5217489004135132
21.440000534057617,-6.341081619262695,0.5105100870132446
21.44499969482422,-6.46030855178833,0.49432626366615295
21.450000762939453,-6.514326572418213,0.47589465975761414
21.454999923706055,-6.617179870605469,0.4597108066082001
21.459999084472656,-6.684013843536377,0.4444260597229004
21.46500015258789,-6.793277263641357,0.42734310030937195
21.469999313354492,-6.925729274749756,0.4093610644340515
21.475000381469727,-7.073720932006836,0.3909294605255127
21.479999542236328,-7.162062168121338,0.37025007605552673
21.485000610351562,-7.253734111785889,0.34552475810050964
21.489999771118164,-7.39487361907959,0.3225976526737213
21.4950008392334,-7.536520957946777,0.3046155869960785
21.5,-7.65996789932251,0.28258758783340454
21.5049991607666,-7.798768043518066,0.25786224007606506
21.510000228881836,-7.928961753845215,0.23448556661605835
21.514999389648438,-8.054407119750977,0.2129071056842804
21.520000457763672,-8.219612121582031,0.18728266656398773
21.524999618530273,-8.329619407653809,0.15761227905750275
21.530000686645508,-8.47219181060791,0.1310887634754181
21.53499984741211,-8.666857719421387,0.10456525534391403
21.540000915527344,-8.79362678527832,0.07669306546449661
21.545000076293945,-8.947874069213867,0.04792177304625511
21.549999237060547,-9.102668762207031,0.018251389265060425
21.55500030517578,-9.291144371032715,-0.010070345364511013
21.559999465942383,-9.426691055297852,-0.03749297559261322
21.565000534057617,-9.587599754333496,-0.0676129162311554
21.56999969482422,-9.707321166992188,-0.1013292595744133
21.575000762939453,-9.879196166992188,-0.13279786705970764
21.579999923706055,-9.988707542419434,-0.16111961007118225
21.584999084472656,-10.176352500915527,-0.1885422319173813
21.59000015258789,-10.325640678405762,-0.21596486866474152
21.594999313354492,-10.531915664672852,-0.24428659677505493
21.600000381469727,-10.635998725891113,-0.2649659514427185
21.604999542236328,-10.804901123046875,-0.28159934282302856
21.610000610351562,-10.965672492980957,-0.30317777395248413
21.614999771118164,-11.013570785522461,-0.33015087246894836
21.6200008392334,-11.233450889587402,-0.35892215371131897
21.625,-11.340813636779785,-0.3845466077327728
21.6299991607666,-11.529356956481934,-0.4097214937210083
21.635000228881836,-11.656097412109375,-0.4393918812274933
21.639999389648438,-11.782280921936035,-0.4672640562057495
21.645000457763672,-11.934917449951172,-0.4910902976989746
21.649999618530273,-12.047380447387695,-0.5117696523666382
21.655000686645508,-12.128886222839355,-0.5319994688034058
21.65999984741211,-12.292170524597168,-0.5553761124610901
21.665000915527344,-12.457578659057617,-0.580101490020752
21.670000076293945,-12.605502128601074,-0.6030285358428955
21.674999237060547,-12.67806625366211,-0.6219096183776855
21.68000030517578,-12.834274291992188,-0.6421394944190979
21.684999465942383,-12.922528266906738,-0.6632683873176575
21.690000534057617,-13.011094093322754,-0.6834981441497803
21.69499969482422,-13.089569091796875,-0.6983333230018616
21.700000762939453,-13.204797744750977,-0.7136180996894836
21.704999923706055,-13.265024185180664,-0.7302515506744385
21.709999084472656,-13.354276657104492,-0.7441876530647278
21.71500015258789,-13.428077697753906,-0.7567750811576843
21.719999313354492,-13.467738151550293,-0.7671147584915161
21.725000381469727,-13.445305824279785,-0.7761057615280151
21.729999542236328,-13.631033897399902,-0.7855463624000549
21.735000610351562,-13.754035949707031,-0.7958860397338867
21.739999771118164,-13.671732902526855,-0.8048771023750305
21.7450008392334,-13.723785400390625,-0.8084734082221985
21.75,-13.766399383544922,-0.8165653944015503
21.7549991607666,-13.828704833984375,-0.8251067996025085
21.760000228881836,-13.747688293457031,-0.8278041481971741
21.764999389648438,-13.765425682067871,-0.8260059356689453
21.770000457763672,-13.814678192138672,-0.8260059356689453
21.774999618530273,-13.832772254943848,-0.8278040885925293
21.780000686645508,-13.794126510620117,-0.8264554738998413
21.78499984741211,-13.785874366760254,-0.819262683391571
21.790000915527344,-13.623838424682617,-0.8143175840377808
21.795000076293945,-13.566102027893066,-0.8134185075759888
21.799999237060547,-13.63237476348877,-0.810721218585968
21.80500030517578,-13.68403434753418,-0.8053265810012817
21.809999465942383,-13.54164981842041,-0.7958860397338867
21.815000534057617,-13.546101570129395,-0.7873445749282837
21.81999969482422,-13.267744064331055,-0.7806012630462646
21.825000762939453,-13.288752555847168,-0.7702616453170776
21.829999923706055,-13.350269317626953,-0.7572246193885803
21.834999084472656,-13.260406494140625,-0.7450867295265198
21.84000015258789,-13.15737247467041,-0.7320497035980225
21.844999313354492,-13.103960037231445,-0.7185631990432739
21.850000381469727,-13.017276763916016,-0.7028288841247559
21.854999542236328,-12.895172119140625,-0.685296356678009
21.860000610351562,-12.754668235778809,-0.6668647527694702
21.864999771118164,-12.689027786254883,-0.6497818231582642
21.8700008392334,-12.566055297851562,-0.6335980296134949
21.875,-12.368032455444336,-0.6124691963195801
21.8799991607666,-12.270285606384277,-0.5940375924110413
21.885000228881836,-12.142438888549805,-0.5738077759742737
21.889999389648438,-11.988717079162598,-0.5450364351272583
21.895000457763672,-11.873133659362793,-0.5185129046440125
21.899999618530273,-11.75767993927002,-0.49378758668899536
21.905000686645508,-11.618063926696777,-0.46996134519577026
21.90999984741211,-11.489620208740234,-0.4492820203304291
21.915000915527344,-11.382098197937012,-0.42680445313453674
21.920000076293945,-11.249195098876953,-0.3854457139968872
21.924999237060547,-10.792296409606934,-0.3332976996898651
21.93000030517578,-10.745033264160156,-0.30722373723983765
21.934999465942383,-10.777557373046875,-0.3045264184474945
21.940000534057617,-10.70116138458252,-0.29193899035453796
21.94499969482422,-10.526412963867188,-0.26856234669685364
21.950000762939453,-10.33896541595459,-0.24788299202919006
21.954999923706055,-10.14538860321045,-0.22540545463562012
21.959999084472656,-10.014418601989746,-0.19978103041648865
21.96500015258789,-9.883584022521973,-0.17100971937179565
21.969999313354492,-9.74283218383789,-0.1404402256011963
21.975000381469727,-9.518455505371094,-0.10942118614912033
21.979999542236328,-9.38912582397461,-0.07885169237852097
21.985000610351562,-9.314265251159668,-0.049181316047906876
21.989999771118164,-9.146992683410645,-0.023107334971427917
21.9950008392334,-8.985698699951172,0.004315297584980726
22,-8.814535140991211,0.033985685557127
22.0049991607666,-8.65817928314209,0.06140831485390663
22.010000228881836,-8.517131805419922,0.08928050100803375
22.014999389648438,-8.3549222946167,0.11850133538246155
22.020000457763672,-8.219610214233398,0.1450248509645462
22.024999618530273,-8.078468322753906,0.1688510775566101
22.030000686645508,-7.962693691253662,0.19177818298339844
22.03499984741211,-7.853254318237305,0.2169530689716339
22.040000915527344,-7.692059516906738,0.24302704632282257
22.045000076293945,-7.558711051940918,0.26820191740989685
22.049999237060547,-7.439036846160889,0.29202815890312195
22.05500030517578,-7.317814826965332,0.3136066198348999
22.059999465942383,-7.19582462310791,0.3329373300075531
22.065000534057617,-7.076356410980225,0.3522680401802063
22.06999969482422,-6.970712184906006,0.37519514560699463
22.075000762939453,-6.856533050537109,0.39272767305374146
22.079999923706055,-6.7681121826171875,0.40711331367492676
22.084999084472656,-6.673799514770508,0.42644402384757996
22.09000015258789,-6.565896511077881,0.4475729465484619
22.094999313354492,-6.468776226043701,0.4669036269187927
22.100000381469727,-6.202591419219971,0.4817388355731964
22.104999542236328,-6.268406391143799,0.49432626366615295
22.110000610351562,-6.241109371185303,0.5069137215614319
22.114999771118164,-6.203273296356201,0.5190516114234924
22.1200008392334,-6.165111541748047,0.5271434783935547
22.125,-6.118743419647217,0.5338867902755737
22.1299991607666,-6.0518646240234375,0.5442264676094055
22.135000228881836,-6.011333465576172,0.5545661449432373
22.139999389648438,-5.9857072830200195,0.5595111846923828
22.145000457763672,-5.944458961486816,0.5649058222770691
22.149999618530273,-5.924956798553467,0.5720986723899841
22.155000686645508,-5.942030906677246,0.5801905989646912
22.15999984741211,-5.921994209289551,0.5824383497238159
22.165000915527344,-5.9012627601623535,0.5801906585693359
22.170000076293945,-5.914732456207275,0.5779428482055664
22.174999237060547,-5.933582782745361,0.5779428482055664
22.18000030517578,-5.919346809387207,0.5756950974464417
22.184999465942383,-5.963418006896973,0.5720986723899841
22.190000534057617,-5.995968818664551,0.5662544965744019
22.19499969482422,-6.032252788543701,0.5622085332870483
22.200000762939453,-6.107634544372559,0.5563643574714661
22.204999923706055,-6.1059889793396,0.5460246801376343
22.209999084472656,-6.121315002441406,0.5356850028038025
22.21500015258789,-6.197760105133057,0.5275930762290955
22.219999313354492,-6.297391414642334,0.5186020731925964
22.225000381469727,-6.343311786651611,0.5078127980232239
22.229999542236328,-6.448540687561035,0.4929776191711426
22.235000610351562,-6.492042541503906,0.47499555349349976
22.239999771118164,-6.593166828155518,0.46016037464141846
22.2450008392334,-6.833573818206787,0.4444260597229004
22.25,-6.822080612182617,0.43048998713493347
22.2549991607666,-6.877349853515625,0.413856565952301
22.260000228881836,-6.9884185791015625,0.3954249620437622
22.264999389648438,-7.10960578918457,0.3778924345970154
22.270000457763672,-7.226894378662109,0.3572131097316742
22.274999618530273,-7.275004863739014,0.33473554253578186
22.280000686645508,-7.429880142211914,0.31180840730667114
22.28499984741211,-7.518059730529785,0.28798219561576843
22.290000915527344,-7.697068214416504,0.2646055221557617
22.295000076293945,-7.848428249359131,0.24077929556369781
22.299999237060547,-7.985136985778809,0.21515487134456635
22.30500030517578,-8.093435287475586,0.1931268572807312
22.309999465942383,-8.233027458190918,0.17154836654663086
22.315000534057617,-8.424702644348145,0.14637351036071777
22.31999969482422,-8.547643661499023,0.11984999477863312
22.325000762939453,-8.668980598449707,0.09332646429538727
22.329999923706055,-8.842682838439941,0.06545427441596985
22.334999084472656,-9.01542854309082,0.03938029706478119
22.34000015258789,-9.158283233642578,0.012407220900058746
22.344999313354492,-9.296565055847168,-0.01861182041466236
22.350000381469727,-9.447010040283203,-0.05097951367497444
22.354999542236328,-9.57304859161377,-0.07885169237852097
22.360000610351562,-9.72308349609375,-0.10312746465206146
22.364999771118164,-9.80103874206543,-0.1296509951353073
22.3700008392334,-9.988525390625,-0.15707363188266754
22.375,-10.145880699157715,-0.18494580686092377
22.3799991607666,-10.335994720458984,-0.2164144217967987
22.385000228881836,-10.507165908813477,-0.24473614990711212
22.389999389648438,-10.634137153625488,-0.2654154896736145
22.395000457763672,-10.817770957946777,-0.28249841928482056
22.399999618530273,-10.968326568603516,-0.3054255545139313
22.405000686645508,-11.084839820861816,-0.33149951696395874
22.40999984741211,-11.207837104797363,-0.35892215371131897
22.415000915527344,-11.36111068725586,-0.3845466077327728
22.420000076293945,-11.496323585510254,-0.40792328119277954
22.424999237060547,-11.618402481079102,-0.434446781873703
22.43000030517578,-11.71444034576416,-0.46007123589515686
22.434999465942383,-11.867056846618652,-0.48075059056282043
22.440000534057617,-11.986440658569336,-0.5045768022537231
22.44499969482422,-12.118270874023438,-0.530201256275177
22.450000762939453,-12.217630386352539,-0.5513302087783813
22.454999923706055,-12.317669868469238,-0.5715600252151489
22.459999084472656,-12.523398399353027,-0.5926888585090637
22.46500015258789,-12.651256561279297,-0.6129186153411865
22.469999313354492,-12.76073932647705,-0.6335980296134949
22.475000381469727,-12.820064544677734,-0.6529287099838257
22.479999542236328,-12.938611030578613,-0.6713603138923645
22.485000610351562,-13.024532318115234,-0.6897918581962585
22.489999771118164,-13.118390083312988,-0.7064253091812134
22.4950008392334,-13.194153785705566,-0.7212604880332947
22.5,-13.28196907043457,-0.7351965308189392
22.5049991607666,-13.371726989746094,-0.7468849420547485
22.510000228881836,-13.462014198303223,-0.7572246193885803
22.514999389648438,-13.47304916381836,-0.7689129114151001
22.520000457763672,-13.55218505859375,-0.7770048379898071
22.524999618530273,-13.61323070526123,-0.7873445749282837
22.530000686645508,-13.612628936767578,-0.7990328669548035
22.53499984741211,-13.642261505126953,-0.8053265810012817
22.540000915527344,-13.6493501663208,-0.8089230060577393
22.545000076293945,-13.68996524810791,-0.8134185075759888
22.549999237060547,-13.715510368347168,-0.8179140090942383
22.55500030517578,-13.714583396911621,-0.820611298084259
22.559999465942383,-13.721271514892578,-0.821510374546051
22.565000534057617,-13.727173805236816,-0.821060836315155
22.56999969482422,-13.712519645690918,-0.819712221622467
22.575000762939453,-13.511548042297363,-0.8183635473251343
22.579999923706055,-13.636197090148926,-0.8134185075759888
22.584999084472656,-13.634611129760742,-0.8089230060577393
22.59000015258789,-13.596467018127441,-0.8035284280776978
22.594999313354492,-13.552597045898438,-0.79498690366745
22.600000381469727,-13.49843692779541,-0.7846472263336182
22.604999542236328,-13.422855377197266,-0.7761057615280151
22.610000610351562,-13.428579330444336,-0.7639678716659546
22.614999771118164,-13.215387344360352,-0.7446371912956238
22.6200008392334,-13.129998207092285,-0.7316001057624817
22.625,-13.204387664794922,-0.7298019528388977
22.6299991607666,-13.127525329589844,-0.7212604284286499
22.635000228881836,-12.9075345993042,-0.7068748474121094
22.639999389648438,-12.961071968078613,-0.6938378214836121
22.645000457763672,-12.83271312713623,-0.6790026426315308
22.649999618530273,-12.695140838623047,-0.6632683873176575
22.655000686645508,-12.582612037658691,-0.6448367834091187
22.65999984741211,-12.452092170715332,-0.6237079501152039
22.665000915527344,-12.333781242370605,-0.603478193283081
22.670000076293945,-12.184975624084473,-0.5836979150772095
22.674999237060547,-12.118998527526855,-0.5612203478813171
22.68000030517578,-12.047272682189941,-0.5418896079063416
22.684999465942383,-11.748552322387695,-0.52210932970047
22.690000534057617,-11.812023162841797,-0.49783357977867126
22.69499969482422,-11.673293113708496,-0.4735577702522278
22.700000762939453,-11.556525230407715,-0.4497315287590027
22.704999923706055,-11.20958137512207,-0.4245566725730896
22.709999084472656,-11.19905948638916,-0.396684467792511
22.71500015258789,-11.169292449951172,-0.36926183104515076
22.719999313354492,-11.073884010314941,-0.3440869450569153
22.725000381469727,-10.760581970214844,-0.31756341457366943
22.729999542236328,-10.610968589782715,-0.28834259510040283
22.735000610351562,-10.605812072753906,-0.26676416397094727
22.739999771118164,-10.409610748291016,-0.2519289553165436
22.7450008392334,-10.11790657043457,-0.22990097105503082
22.75,-10.006685256958008,-0.2020287662744522
22.7549991607666,-9.911373138427734,-0.17595478892326355
22.760000228881836,-9.770716667175293,-0.14808259904384613
22.764999389648438,-9.626057624816895,-0.11931131780147552
22.770000457763672,-9.382513046264648,-0.08919136971235275
22.774999618530273,-9.339930534362793,-0.05727323517203331
22.780000686645508,-9.162550926208496,-0.028951501473784447
22.78499984741211,-9.051928520202637,-0.001528868917375803
22.790000915527344,-8.844346046447754,0.025893762707710266
22.795000076293945,-8.702010154724121,0.05376594141125679
22.799999237060547,-8.555856704711914,0.07804171741008759
22.80500030517578,-8.421915054321289,0.10186794400215149
22.809999465942383,-7.673752307891846,0.12794190645217896
22.815000534057617,-8.143316268920898,0.1544654369354248
22.81999969482422,-8.005541801452637,0.18278716504573822
22.825000762939453,-7.910001277923584,0.21425576508045197
22.829999923706055,-7.733471870422363,0.23898108303546906
22.834999084472656,-7.575376033782959,0.25831177830696106
22.84000015258789,-7.469720363616943,0.2803398072719574
22.844999313354492,-7.3768486976623535,0.3037164807319641
22.850000381469727,-7.257822036743164,0.3243958652019501
22.854999542236328,-7.157958030700684,0.3428274691104889
22.860000610351562,-7.041794776916504,0.3617085814476013
22.864999771118164,-6.967434406280518,0.3810393214225769
22.8700008392334,-6.846276760101318,0.3958745300769806
22.875,-6.729121685028076,0.41250792145729065
22.8799991607666,-6.635419845581055,0.4291413426399231
22.885000228881836,-6.562004566192627,0.44622427225112915
22.889999389648438,-6.492196083068848,0.4624080955982208
22.895000457763672,-6.412060260772705,0.4781424403190613
22.899999618530273,-6.333101749420166,0.4925280511379242
22.905000686645508,-6.298011302947998,0.5042163729667664
22.90999984741211,-6.246983051300049,0.5114092230796814
22.915000915527344,-6.196689128875732,0.5186020135879517
22.920000076293945,-6.1488871574401855,0.5275930762290955
22.924999237060547,-6.079944133758545,0.5365840792655945
22.93000030517578,-6.036416053771973,0.5442264676094055
22.934999465942383,-6.019049167633057,0.5509697198867798
22.940000534057617,-5.992098331451416,0.5545661449432373
22.94499969482422,-6.003780841827393,0.5586121082305908
22.950000762939453,-5.969452381134033,0.5626581311225891
22.954999923706055,-5.954413890838623,0.5644563436508179
22.959999084472656,-5.991906642913818,0.5658049583435059
22.96500015258789,-5.967533111572266,0.5667040348052979
22.969999313354492,-5.97845458984375,0.5644562840461731
22.975000381469727,-5.990593910217285,0.5626580715179443
22.979999542236328,-6.070440769195557,0.5577130317687988
22.985000610351562,-6.07615327835083,0.5496211051940918
22.989999771118164,-6.095737934112549,0.5383822917938232
22.9950008392334,-6.131950855255127,0.5280426144599915
23,-6.197455406188965,0.5208497643470764
23.0049991607666,-6.25467586517334,0.5136570334434509
23.010000228881836,-6.362074375152588,0.5051154494285583
23.014999389648438,-6.359368324279785,0.49432626366615295
23.020000457763672,-6.441587448120117,0.48039016127586365
23.024999618530273,-6.508434295654297,0.46645408868789673
23.030000686645508,-6.57753324508667,0.45071977376937866
23.03499984741211,-6.707481861114502,0.43588459491729736
23.040000915527344,-6.785672664642334,0.42239803075790405
23.045000076293945,-6.917496681213379,0.40801239013671875
23.049999237060547,-7.031270503997803,0.37879157066345215
23.05500030517578,-7.32852029800415,0.33968061208724976
23.059999465942383,-7.470567226409912,0.3185516893863678
23.065000534057617,-7.342901706695557,0.31585440039634705
23.06999969482422,-7.478423118591309,0.3050651550292969
23.075000762939453,-7.594933986663818,0.28258758783340454
23.079999923706055,-7.712260723114014,0.25876134634017944
23.084999084472656,-7.842069149017334,0.2367333173751831
23.09000015258789,-7.993535995483398,0.21560442447662354
23.094999313354492,-8.108224868774414,0.19042953848838806
23.100000381469727,-8.25117015838623,0.16210779547691345
23.104999542236328,-8.373709678649902,0.13693292438983917
23.110000610351562,-8.546712875366211,0.11310672760009766
23.114999771118164,-8.70063591003418,0.08658318966627121
23.1200008392334,-8.811174392700195,0.05916055664420128
23.125,-9.0028715133667,0.03443523868918419
23.1299991607666,-9.17608642578125,0.008810809813439846
23.135000228881836,-9.31539249420166,-0.01816226914525032
23.139999389648438,-9.469582557678223,-0.04468579962849617
23.145000457763672,-9.610282897949219,-0.07075977325439453
23.149999618530273,-9.72287368774414,-0.1013292595744133
23.155000686645508,-9.904729843139648,-0.13369697332382202
23.15999984741211,-10.030975341796875,-0.16111959517002106
23.165000915527344,-10.163252830505371,-0.18674401938915253
23.170000076293945,-10.356138229370117,-0.20344004034996033
